corpus_id,persistent_id,doi,pmid,pmcid,title,publication_date,year,journal,journal_abbreviation,venue_stratum,venue_selection_rationale,article_subtype,topic,language,publication_status,citation_count_at_access,selection_score,selection_terms,oa_status,actual_analysis_text_level,abstract_available,full_text_fetch_status,full_text_license_category,explicit_methods_or_search_strategy,search_evidence_locator,search_feature_confidence,databases_reporting_status,databases_reported,search_date_limits_status,search_date_limits_detail,search_terms_or_keyword_list_reported,complete_search_string_status,search_terms_summary,supplementary_search_string_reported,inclusion_exclusion_reported,screening_process_reported,deduplication_reported,prisma_reported,flow_diagram_reported,structural_writing_features,title_word_count,title_has_colon,title_is_question,abstract_word_count,abstract_sentence_count,abstract_first_person,abstract_why_now_signal,abstract_problem_or_gap_move,abstract_scope_signpost_move,abstract_synthesis_or_comparison_move,abstract_boundary_or_limitation_move,abstract_outlook_or_implication_move,fulltext_top_level_section_count,fulltext_figure_count,fulltext_table_count,fulltext_box_count,fulltext_introduction_heading,fulltext_conclusion_or_outlook_heading,fulltext_limitations_or_challenges_heading,fulltext_organization_logic,metadata_sources,crossref_status,crossref_type,crossref_title_similarity,crossref_title_match,doi_url,pubmed_url,full_text_url,access_date,coding_limit
R001,doi:10.1016/j.cell.2021.02.034,10.1016/j.cell.2021.02.034,33826908,,"Bioelectric signaling: Reprogrammable circuits underlying embryogenesis, regeneration, and cancer.",2021-04-06,2021,Cell,Cell,CNS_flagship,broad-selective life-science flagship; review and synthesis genre,review_narrative_or_unspecified,AI_computation_and_data,eng,ppublish,292,19.3934,generative; computational; regenerative; bioengineering; cancer,subscription_or_oa_unknown,abstract,yes,not_attempted_no_pmcid,not_applicable_no_full_text,not_assessed_without_full_text,abstract_or_title_only,low,not_assessed,,not_assessed,,not_assessed,not_assessed,,not_assessed,not_assessed,not_assessed,not_assessed,not_assessed,not_assessed,abstract_moves=problem_or_gap; body_structure=not_assessed,9,yes,no,100,5,no,yes,yes,no,no,no,no,,,,,not_assessed,not_assessed,not_assessed,not_assessed_without_full_text,Europe PMC/PubMed; Crossref,verified,journal-article,1.0,yes,https://doi.org/10.1016/j.cell.2021.02.034,https://pubmed.ncbi.nlm.nih.gov/33826908/,,2026-08-30,"Metadata/title for all; abstract or full text only as stated. Machine-assisted coding, manually audited positives; no copyrighted body text retained."
R002,doi:10.1016/j.cell.2021.02.030,10.1016/j.cell.2021.02.030,33740454,PMC8049514,Novel approaches for vaccine development.,2021-03-01,2021,Cell,Cell,CNS_flagship,broad-selective life-science flagship; review and synthesis genre,review_narrative_or_unspecified,biomaterials_nanomedicine_delivery,eng,ppublish,257,17.151,biomaterial; materials,subscription_or_oa_unknown,abstract,yes,failed,not_applicable_no_full_text,not_assessed_without_full_text,abstract_or_title_only,low,not_assessed,,not_assessed,,not_assessed,not_assessed,,not_assessed,not_assessed,not_assessed,not_assessed,not_assessed,not_assessed,abstract_moves=scope_signpost; body_structure=not_assessed,5,no,no,108,4,yes,yes,no,yes,no,no,no,,,,,not_assessed,not_assessed,not_assessed,not_assessed_without_full_text,Europe PMC/PubMed; Crossref,verified,journal-article,1.0,yes,https://doi.org/10.1016/j.cell.2021.02.030,https://pubmed.ncbi.nlm.nih.gov/33740454/,https://europepmc.org/articles/PMC8049514,2026-08-30,"Metadata/title for all; abstract or full text only as stated. Machine-assisted coding, manually audited positives; no copyrighted body text retained."
R003,doi:10.1016/j.cell.2022.03.045,10.1016/j.cell.2022.03.045,35798006,PMC9454337,Therapeutic in vivo delivery of gene editing agents.,2022-07-06,2022,Cell,Cell,CNS_flagship,broad-selective life-science flagship; review and synthesis genre,review_narrative_or_unspecified,biomaterials_nanomedicine_delivery,eng,ppublish,421,22.315,nanoparticle; lipid nanoparticle; therapeutic,subscription_or_oa_unknown,abstract,yes,failed,not_applicable_no_full_text,not_assessed_without_full_text,abstract_or_title_only,low,not_assessed,,not_assessed,,not_assessed,not_assessed,,not_assessed,not_assessed,not_assessed,not_assessed,not_assessed,not_assessed,abstract_moves=scope_signpost+synthesis_or_comparison+outlook_or_implication; body_structure=not_assessed,8,no,no,98,4,yes,no,no,yes,yes,no,yes,,,,,not_assessed,not_assessed,not_assessed,not_assessed_without_full_text,Europe PMC/PubMed; Crossref,verified,journal-article,1.0,yes,https://doi.org/10.1016/j.cell.2022.03.045,https://pubmed.ncbi.nlm.nih.gov/35798006/,https://europepmc.org/articles/PMC9454337,2026-08-30,"Metadata/title for all; abstract or full text only as stated. Machine-assisted coding, manually audited positives; no copyrighted body text retained."
R004,doi:10.1016/j.cell.2023.03.008,10.1016/j.cell.2023.03.008,37001498,PMC10119687,Multiple sclerosis: Neuroimmune crosstalk and therapeutic targeting.,2023-03-01,2023,Cell,Cell,CNS_flagship,broad-selective life-science flagship; review and synthesis genre,review_narrative_or_unspecified,therapeutics_and_drug_discovery,eng,ppublish,174,14.0216,generative; therapeutic,subscription_or_oa_unknown,abstract,yes,failed,not_applicable_no_full_text,not_assessed_without_full_text,abstract_or_title_only,low,not_assessed,,not_assessed,,not_assessed,not_assessed,,not_assessed,not_assessed,not_assessed,not_assessed,not_assessed,not_assessed,abstract_moves=problem_or_gap+scope_signpost+synthesis_or_comparison; body_structure=not_assessed,7,yes,no,74,3,yes,yes,yes,yes,yes,no,no,,,,,not_assessed,not_assessed,not_assessed,not_assessed_without_full_text,Europe PMC/PubMed; Crossref,verified,journal-article,1.0,yes,https://doi.org/10.1016/j.cell.2023.03.008,https://pubmed.ncbi.nlm.nih.gov/37001498/,https://europepmc.org/articles/PMC10119687,2026-08-30,"Metadata/title for all; abstract or full text only as stated. Machine-assisted coding, manually audited positives; no copyrighted body text retained."
R005,doi:10.1016/j.cell.2023.12.028,10.1016/j.cell.2023.12.028,38306980,PMC10990048,De novo protein design-From new structures to programmable functions.,2024-02-01,2024,Cell,Cell,CNS_flagship,broad-selective life-science flagship; review and synthesis genre,perspective_review_type,AI_computation_and_data,eng,ppublish,252,22.1445,artificial intelligence; protein design,subscription_or_oa_unknown,abstract,yes,failed,not_applicable_no_full_text,not_assessed_without_full_text,abstract_or_title_only,low,not_assessed,,not_assessed,,not_assessed,not_assessed,,not_assessed,not_assessed,not_assessed,not_assessed,not_assessed,not_assessed,abstract_moves=outlook_or_implication; body_structure=not_assessed,9,no,no,134,6,no,yes,no,no,no,no,yes,,,,,not_assessed,not_assessed,not_assessed,not_assessed_without_full_text,Europe PMC/PubMed; Crossref,verified,journal-article,0.9926,yes,https://doi.org/10.1016/j.cell.2023.12.028,https://pubmed.ncbi.nlm.nih.gov/38306980/,https://europepmc.org/articles/PMC10990048,2026-08-30,"Metadata/title for all; abstract or full text only as stated. Machine-assisted coding, manually audited positives; no copyrighted body text retained."
R006,doi:10.1016/j.cell.2024.05.016,10.1016/j.cell.2024.05.016,38906093,PMC11299420,Parsing patterns: Emerging roles of tissue self-organization in health and disease.,2024-06-01,2024,Cell,Cell,CNS_flagship,broad-selective life-science flagship; review and synthesis genre,review_narrative_or_unspecified,bioengineering_regeneration_synthetic_biology,eng,ppublish,25,20.386,generative; regenerative; synthetic biology,subscription_or_oa_unknown,abstract,yes,failed,not_applicable_no_full_text,not_assessed_without_full_text,abstract_or_title_only,low,not_assessed,,not_assessed,,not_assessed,not_assessed,,not_assessed,not_assessed,not_assessed,not_assessed,not_assessed,not_assessed,abstract_moves=scope_signpost+synthesis_or_comparison; body_structure=not_assessed,11,yes,no,136,6,yes,yes,no,yes,yes,no,no,,,,,not_assessed,not_assessed,not_assessed,not_assessed_without_full_text,Europe PMC/PubMed; Crossref,verified,journal-article,1.0,yes,https://doi.org/10.1016/j.cell.2024.05.016,https://pubmed.ncbi.nlm.nih.gov/38906093/,https://europepmc.org/articles/PMC11299420,2026-08-30,"Metadata/title for all; abstract or full text only as stated. Machine-assisted coding, manually audited positives; no copyrighted body text retained."
R007,doi:10.1016/j.cell.2024.05.053,10.1016/j.cell.2024.05.053,38906136,,The evolution of developmental biology through conceptual and technological revolutions.,2024-06-20,2024,Cell,Cell,CNS_flagship,broad-selective life-science flagship; review and synthesis genre,review_narrative_or_unspecified,AI_computation_and_data,eng,ppublish,37,23.2125,artificial intelligence; computational; synthetic biology; omics; imaging; cell biology,subscription_or_oa_unknown,abstract,yes,not_attempted_no_pmcid,not_applicable_no_full_text,not_assessed_without_full_text,abstract_or_title_only,low,not_assessed,,not_assessed,,not_assessed,not_assessed,,not_assessed,not_assessed,not_assessed,not_assessed,not_assessed,not_assessed,abstract_moves=scope_signpost; body_structure=not_assessed,10,no,no,148,7,yes,yes,no,yes,no,no,no,,,,,not_assessed,not_assessed,not_assessed,not_assessed_without_full_text,Europe PMC/PubMed; Crossref,verified,journal-article,1.0,yes,https://doi.org/10.1016/j.cell.2024.05.053,https://pubmed.ncbi.nlm.nih.gov/38906136/,,2026-08-30,"Metadata/title for all; abstract or full text only as stated. Machine-assisted coding, manually audited positives; no copyrighted body text retained."
R008,doi:10.1016/j.cell.2024.07.035,10.1016/j.cell.2024.07.035,39178831,,Toward a foundation model of causal cell and tissue biology with a Perturbation Cell and Tissue Atlas.,2024-08-01,2024,Cell,Cell,CNS_flagship,broad-selective life-science flagship; review and synthesis genre,review_narrative_or_unspecified,AI_computation_and_data,eng,ppublish,135,32.6376,artificial intelligence; machine learning; foundation model; generative; computational; cell biology,subscription_or_oa_unknown,abstract,yes,not_attempted_no_pmcid,not_applicable_no_full_text,not_assessed_without_full_text,abstract_or_title_only,low,not_assessed,,not_assessed,,not_assessed,not_assessed,,not_assessed,not_assessed,not_assessed,not_assessed,not_assessed,not_assessed,abstract_moves=problem_or_gap; body_structure=not_assessed,17,no,no,136,5,yes,yes,yes,no,no,yes,no,,,,,not_assessed,not_assessed,not_assessed,not_assessed_without_full_text,Europe PMC/PubMed; Crossref,verified,journal-article,1.0,yes,https://doi.org/10.1016/j.cell.2024.07.035,https://pubmed.ncbi.nlm.nih.gov/39178831/,,2026-08-30,"Metadata/title for all; abstract or full text only as stated. Machine-assisted coding, manually audited positives; no copyrighted body text retained."
R009,doi:10.1016/j.cell.2025.05.018,10.1016/j.cell.2025.05.018,40645169,,The generative era of medical AI.,2025-07-01,2025,Cell,Cell,CNS_flagship,broad-selective life-science flagship; review and synthesis genre,review_narrative_or_unspecified,AI_computation_and_data,eng,ppublish,48,13.7973,artificial intelligence; generative,subscription_or_oa_unknown,abstract,yes,not_attempted_no_pmcid,not_applicable_no_full_text,not_assessed_without_full_text,abstract_or_title_only,low,not_assessed,,not_assessed,,not_assessed,not_assessed,,not_assessed,not_assessed,not_assessed,not_assessed,not_assessed,not_assessed,abstract_moves=not_machine_detected; body_structure=not_assessed,6,no,no,88,5,no,yes,no,no,no,no,no,,,,,not_assessed,not_assessed,not_assessed,not_assessed_without_full_text,Europe PMC/PubMed; Crossref,verified,journal-article,1.0,yes,https://doi.org/10.1016/j.cell.2025.05.018,https://pubmed.ncbi.nlm.nih.gov/40645169/,,2026-08-30,"Metadata/title for all; abstract or full text only as stated. Machine-assisted coding, manually audited positives; no copyrighted body text retained."
R010,doi:10.1016/j.cell.2026.02.012,10.1016/j.cell.2026.02.012,41932326,PMC13155200,New approach methodologies for drug discovery.,2026-04-01,2026,Cell,Cell,CNS_flagship,broad-selective life-science flagship; review and synthesis genre,review_narrative_or_unspecified,biotechnology_omics_and_methods,eng,ppublish,10,14.0993,drug discovery; therapeutic,subscription_or_oa_unknown,abstract,yes,failed,not_applicable_no_full_text,not_assessed_without_full_text,abstract_or_title_only,low,not_assessed,,not_assessed,,not_assessed,not_assessed,,not_assessed,not_assessed,not_assessed,not_assessed,not_assessed,not_assessed,abstract_moves=problem_or_gap+outlook_or_implication; body_structure=not_assessed,6,no,no,145,4,yes,yes,yes,no,no,no,yes,,,,,not_assessed,not_assessed,not_assessed,not_assessed_without_full_text,Europe PMC/PubMed; Crossref,verified,journal-article,1.0,yes,https://doi.org/10.1016/j.cell.2026.02.012,https://pubmed.ncbi.nlm.nih.gov/41932326/,https://europepmc.org/articles/PMC13155200,2026-08-30,"Metadata/title for all; abstract or full text only as stated. Machine-assisted coding, manually audited positives; no copyrighted body text retained."
R011,doi:10.1038/s41586-021-03453-y,10.1038/s41586-021-03453-y,34135518,,The rise of intelligent matter.,2021-06-16,2021,Nature,Nature,CNS_flagship,broad-selective flagship; cross-disciplinary review genre,review_narrative_or_unspecified,AI_computation_and_data,eng,ppublish,223,19.3039,artificial intelligence; computational; robotic; materials,subscription_or_oa_unknown,abstract,yes,not_attempted_no_pmcid,not_applicable_no_full_text,not_assessed_without_full_text,abstract_or_title_only,low,not_assessed,,not_assessed,,not_assessed,not_assessed,,not_assessed,not_assessed,not_assessed,not_assessed,not_assessed,not_assessed,abstract_moves=scope_signpost; body_structure=not_assessed,5,no,no,168,6,yes,no,no,yes,no,no,no,,,,,not_assessed,not_assessed,not_assessed,not_assessed_without_full_text,Europe PMC/PubMed; Crossref,verified,journal-article,1.0,yes,https://doi.org/10.1038/s41586-021-03453-y,https://pubmed.ncbi.nlm.nih.gov/34135518/,,2026-08-30,"Metadata/title for all; abstract or full text only as stated. Machine-assisted coding, manually audited positives; no copyrighted body text retained."
R012,doi:10.1038/s41586-022-04456-z,10.1038/s41586-022-04456-z,35650353,,The road to fully programmable protein catalysis.,2022-06-01,2022,Nature,Nature,CNS_flagship,broad-selective flagship; cross-disciplinary review genre,review_narrative_or_unspecified,AI_computation_and_data,eng,ppublish,247,22.3378,deep learning; computational; protein design; chemistry; biotechnology,subscription_or_oa_unknown,abstract,yes,not_attempted_no_pmcid,not_applicable_no_full_text,not_assessed_without_full_text,abstract_or_title_only,low,not_assessed,,not_assessed,,not_assessed,not_assessed,,not_assessed,not_assessed,not_assessed,not_assessed,not_assessed,not_assessed,abstract_moves=scope_signpost; body_structure=not_assessed,7,no,no,185,8,yes,yes,no,yes,no,no,no,,,,,not_assessed,not_assessed,not_assessed,not_assessed_without_full_text,Europe PMC/PubMed; Crossref,verified,journal-article,1.0,yes,https://doi.org/10.1038/s41586-022-04456-z,https://pubmed.ncbi.nlm.nih.gov/35650353/,,2026-08-30,"Metadata/title for all; abstract or full text only as stated. Machine-assisted coding, manually audited positives; no copyrighted body text retained."
R013,doi:10.1038/s41586-023-05881-4,10.1038/s41586-023-05881-4,37045921,,Foundation models for generalist medical artificial intelligence.,2023-04-12,2023,Nature,Nature,CNS_flagship,broad-selective flagship; cross-disciplinary review genre,review_narrative_or_unspecified,AI_computation_and_data,eng,ppublish,990,20.7996,artificial intelligence; foundation model; omics; imaging,subscription_or_oa_unknown,abstract,yes,not_attempted_no_pmcid,not_applicable_no_full_text,not_assessed_without_full_text,abstract_or_title_only,low,not_assessed,,not_assessed,,not_assessed,not_assessed,,not_assessed,not_assessed,not_assessed,not_assessed,not_assessed,not_assessed,abstract_moves=problem_or_gap+scope_signpost; body_structure=not_assessed,7,no,no,164,7,yes,yes,yes,yes,no,yes,no,,,,,not_assessed,not_assessed,not_assessed,not_assessed_without_full_text,Europe PMC/PubMed; Crossref,verified,journal-article,1.0,yes,https://doi.org/10.1038/s41586-023-05881-4,https://pubmed.ncbi.nlm.nih.gov/37045921/,,2026-08-30,"Metadata/title for all; abstract or full text only as stated. Machine-assisted coding, manually audited positives; no copyrighted body text retained."
R014,doi:10.1038/s41586-023-06221-2,10.1038/s41586-023-06221-2,37532811,,Scientific discovery in the age of artificial intelligence.,2023-08-02,2023,Nature,Nature,CNS_flagship,broad-selective flagship; cross-disciplinary review genre,review_narrative_or_unspecified,AI_computation_and_data,eng,ppublish,589,21.6267,artificial intelligence; deep learning; generative,subscription_or_oa_unknown,abstract,yes,not_attempted_no_pmcid,not_applicable_no_full_text,not_assessed_without_full_text,abstract_or_title_only,low,not_assessed,,not_assessed,,not_assessed,not_assessed,,not_assessed,not_assessed,not_assessed,not_assessed,not_assessed,not_assessed,abstract_moves=problem_or_gap+scope_signpost+synthesis_or_comparison; body_structure=not_assessed,8,no,no,183,6,yes,no,yes,yes,yes,yes,no,,,,,not_assessed,not_assessed,not_assessed,not_assessed_without_full_text,Europe PMC/PubMed; Crossref,verified,journal-article,1.0,yes,https://doi.org/10.1038/s41586-023-06221-2,https://pubmed.ncbi.nlm.nih.gov/37532811/,,2026-08-30,"Metadata/title for all; abstract or full text only as stated. Machine-assisted coding, manually audited positives; no copyrighted body text retained."
R015,doi:10.1038/s41586-024-08249-4,10.1038/s41586-024-08249-4,39633192,PMC12007731,Applied body-fluid analysis by wearable devices.,2024-12-04,2024,Nature,Nature,CNS_flagship,broad-selective flagship; cross-disciplinary review genre,perspective_review_type,AI_computation_and_data,eng,ppublish,123,15.9068,artificial intelligence,subscription_or_oa_unknown,abstract,yes,failed,not_applicable_no_full_text,not_assessed_without_full_text,abstract_or_title_only,low,not_assessed,,not_assessed,,not_assessed,not_assessed,,not_assessed,not_assessed,not_assessed,not_assessed,not_assessed,not_assessed,abstract_moves=scope_signpost+outlook_or_implication; body_structure=not_assessed,6,no,no,200,8,yes,yes,no,yes,no,no,yes,,,,,not_assessed,not_assessed,not_assessed,not_assessed_without_full_text,Europe PMC/PubMed; Crossref,verified,journal-article,1.0,yes,https://doi.org/10.1038/s41586-024-08249-4,https://pubmed.ncbi.nlm.nih.gov/39633192/,https://europepmc.org/articles/PMC12007731,2026-08-30,"Metadata/title for all; abstract or full text only as stated. Machine-assisted coding, manually audited positives; no copyrighted body text retained."
R016,doi:10.1038/s41586-024-08564-w,10.1038/s41586-024-08564-w,39972226,PMC11987553,Artificial intelligence for modelling infectious disease epidemics.,2025-02-19,2025,Nature,Nature,CNS_flagship,broad-selective flagship; cross-disciplinary review genre,review_narrative_or_unspecified,AI_computation_and_data,eng,ppublish,90,28.8036,artificial intelligence; machine learning; computational; omics,subscription_or_oa_unknown,abstract,yes,failed,not_applicable_no_full_text,not_assessed_without_full_text,abstract_or_title_only,low,not_assessed,,not_assessed,,not_assessed,not_assessed,,not_assessed,not_assessed,not_assessed,not_assessed,not_assessed,not_assessed,abstract_moves=scope_signpost+synthesis_or_comparison+outlook_or_implication; body_structure=not_assessed,7,no,no,153,6,yes,yes,no,yes,yes,no,yes,,,,,not_assessed,not_assessed,not_assessed,not_assessed_without_full_text,Europe PMC/PubMed; Crossref,verified,journal-article,1.0,yes,https://doi.org/10.1038/s41586-024-08564-w,https://pubmed.ncbi.nlm.nih.gov/39972226/,https://europepmc.org/articles/PMC11987553,2026-08-30,"Metadata/title for all; abstract or full text only as stated. Machine-assisted coding, manually audited positives; no copyrighted body text retained."
R017,doi:10.1038/s41586-025-09122-8,10.1038/s41586-025-09122-8,40702261,,Integrated biotechnological and AI innovations for crop improvement.,2025-07-23,2025,Nature,Nature,CNS_flagship,broad-selective flagship; cross-disciplinary review genre,review_narrative_or_unspecified,AI_computation_and_data,eng,ppublish,53,21.8297,artificial intelligence; high-throughput; protein design; omics,subscription_or_oa_unknown,abstract,yes,not_attempted_no_pmcid,not_applicable_no_full_text,not_assessed_without_full_text,abstract_or_title_only,low,not_assessed,,not_assessed,,not_assessed,not_assessed,,not_assessed,not_assessed,not_assessed,not_assessed,not_assessed,not_assessed,abstract_moves=scope_signpost+outlook_or_implication; body_structure=not_assessed,8,no,no,182,8,yes,yes,no,yes,no,no,yes,,,,,not_assessed,not_assessed,not_assessed,not_assessed_without_full_text,Europe PMC/PubMed; Crossref,verified,journal-article,1.0,yes,https://doi.org/10.1038/s41586-025-09122-8,https://pubmed.ncbi.nlm.nih.gov/40702261/,,2026-08-30,"Metadata/title for all; abstract or full text only as stated. Machine-assisted coding, manually audited positives; no copyrighted body text retained."
R018,doi:10.1038/s41586-025-09384-2,10.1038/s41586-025-09384-2,40903603,,Training of physical neural networks.,2025-09-03,2025,Nature,Nature,CNS_flagship,broad-selective flagship; cross-disciplinary review genre,review_narrative_or_unspecified,AI_computation_and_data,eng,ppublish,18,22.4815,artificial intelligence; deep learning; neural network,subscription_or_oa_unknown,abstract,yes,not_attempted_no_pmcid,not_applicable_no_full_text,not_assessed_without_full_text,abstract_or_title_only,low,not_assessed,,not_assessed,,not_assessed,not_assessed,,not_assessed,not_assessed,not_assessed,not_assessed,not_assessed,not_assessed,abstract_moves=problem_or_gap; body_structure=not_assessed,5,no,no,223,10,yes,yes,yes,no,no,yes,no,,,,,not_assessed,not_assessed,not_assessed,not_assessed_without_full_text,Europe PMC/PubMed; Crossref,verified,journal-article,1.0,yes,https://doi.org/10.1038/s41586-025-09384-2,https://pubmed.ncbi.nlm.nih.gov/40903603/,,2026-08-30,"Metadata/title for all; abstract or full text only as stated. Machine-assisted coding, manually audited positives; no copyrighted body text retained."
R019,doi:10.1038/s41586-026-10221-3,10.1038/s41586-026-10221-3,41882132,,Towards intelligent and miniaturized drug delivery devices.,2026-03-25,2026,Nature,Nature,CNS_flagship,broad-selective flagship; cross-disciplinary review genre,review_narrative_or_unspecified,AI_computation_and_data,eng,ppublish,10,20.7993,artificial intelligence; drug delivery; materials; biotechnology; cancer,subscription_or_oa_unknown,abstract,yes,not_attempted_no_pmcid,not_applicable_no_full_text,not_assessed_without_full_text,abstract_or_title_only,low,not_assessed,,not_assessed,,not_assessed,not_assessed,,not_assessed,not_assessed,not_assessed,not_assessed,not_assessed,not_assessed,abstract_moves=problem_or_gap+scope_signpost+synthesis_or_comparison; body_structure=not_assessed,7,no,no,124,5,yes,no,yes,yes,yes,no,no,,,,,not_assessed,not_assessed,not_assessed,not_assessed_without_full_text,Europe PMC/PubMed; Crossref,verified,journal-article,1.0,yes,https://doi.org/10.1038/s41586-026-10221-3,https://pubmed.ncbi.nlm.nih.gov/41882132/,,2026-08-30,"Metadata/title for all; abstract or full text only as stated. Machine-assisted coding, manually audited positives; no copyrighted body text retained."
R020,doi:10.1038/s41586-026-10574-9,10.1038/s41586-026-10574-9,42387167,,Towards the construction of a virtual yeast.,2026-07-01,2026,Nature,Nature,CNS_flagship,broad-selective flagship; cross-disciplinary review genre,review_narrative_or_unspecified,AI_computation_and_data,eng,ppublish,1,20.731,artificial intelligence; generative; computational; synthetic biology,subscription_or_oa_unknown,abstract,yes,not_attempted_no_pmcid,not_applicable_no_full_text,not_assessed_without_full_text,abstract_or_title_only,low,not_assessed,,not_assessed,,not_assessed,not_assessed,,not_assessed,not_assessed,not_assessed,not_assessed,not_assessed,not_assessed,abstract_moves=not_machine_detected; body_structure=not_assessed,7,no,no,161,5,yes,no,no,no,no,no,no,,,,,not_assessed,not_assessed,not_assessed,not_assessed_without_full_text,Europe PMC/PubMed; Crossref,verified,journal-article,1.0,yes,https://doi.org/10.1038/s41586-026-10574-9,https://pubmed.ncbi.nlm.nih.gov/42387167/,,2026-08-30,"Metadata/title for all; abstract or full text only as stated. Machine-assisted coding, manually audited positives; no copyrighted body text retained."
R021,doi:10.1126/science.abg7285,10.1126/science.abg7285,34516844,PMC8916593,Architectures of neuronal circuits.,2021-09-03,2021,Science,Science,CNS_flagship,broad-selective flagship; cross-disciplinary review genre,review_narrative_or_unspecified,AI_computation_and_data,eng,ppublish,292,16.1934,artificial intelligence,subscription_or_oa_unknown,abstract,yes,failed,not_applicable_no_full_text,not_assessed_without_full_text,abstract_or_title_only,low,not_assessed,,not_assessed,,not_assessed,not_assessed,,not_assessed,not_assessed,not_assessed,not_assessed,not_assessed,not_assessed,abstract_moves=problem_or_gap+synthesis_or_comparison; body_structure=not_assessed,4,no,no,108,4,no,no,yes,no,yes,no,no,,,,,not_assessed,not_assessed,not_assessed,not_assessed_without_full_text,Europe PMC/PubMed; Crossref,verified,journal-article,1.0,yes,https://doi.org/10.1126/science.abg7285,https://pubmed.ncbi.nlm.nih.gov/34516844/,https://europepmc.org/articles/PMC8916593,2026-08-30,"Metadata/title for all; abstract or full text only as stated. Machine-assisted coding, manually audited positives; no copyrighted body text retained."
R022,doi:10.1126/science.abh1657,10.1126/science.abh1657,34326233,PMC8867839,Strategies for durable β cell replacement in type 1 diabetes.,2021-07-01,2021,Science,Science,CNS_flagship,broad-selective flagship; cross-disciplinary review genre,review_narrative_or_unspecified,biomaterials_nanomedicine_delivery,eng,ppublish,111,18.3728,biomaterial; therapeutic; cell biology,subscription_or_oa_unknown,abstract,yes,failed,not_applicable_no_full_text,not_assessed_without_full_text,abstract_or_title_only,low,not_assessed,,not_assessed,,not_assessed,not_assessed,,not_assessed,not_assessed,not_assessed,not_assessed,not_assessed,not_assessed,abstract_moves=synthesis_or_comparison; body_structure=not_assessed,10,no,no,125,6,yes,yes,no,no,yes,no,no,,,,,not_assessed,not_assessed,not_assessed,not_assessed_without_full_text,Europe PMC/PubMed; Crossref,verified,journal-article,1.0,yes,https://doi.org/10.1126/science.abh1657,https://pubmed.ncbi.nlm.nih.gov/34326233/,https://europepmc.org/articles/PMC8867839,2026-08-30,"Metadata/title for all; abstract or full text only as stated. Machine-assisted coding, manually audited positives; no copyrighted body text retained."
R023,doi:10.1126/science.add9667,10.1126/science.add9667,36423303,PMC10584033,Engineering bacteria as interactive cancer therapies.,2022-11-24,2022,Science,Science,CNS_flagship,broad-selective flagship; cross-disciplinary review genre,review_narrative_or_unspecified,bioengineering_regeneration_synthetic_biology,eng,ppublish,328,16.232,synthetic biology; therapeutic; cancer,subscription_or_oa_unknown,abstract,yes,failed,not_applicable_no_full_text,not_assessed_without_full_text,abstract_or_title_only,low,not_assessed,,not_assessed,,not_assessed,not_assessed,,not_assessed,not_assessed,not_assessed,not_assessed,not_assessed,not_assessed,abstract_moves=scope_signpost; body_structure=not_assessed,6,no,no,105,5,yes,yes,no,yes,no,no,no,,,,,not_assessed,not_assessed,not_assessed,not_assessed_without_full_text,Europe PMC/PubMed; Crossref,verified,journal-article,1.0,yes,https://doi.org/10.1126/science.add9667,https://pubmed.ncbi.nlm.nih.gov/36423303/,https://europepmc.org/articles/PMC10584033,2026-08-30,"Metadata/title for all; abstract or full text only as stated. Machine-assisted coding, manually audited positives; no copyrighted body text retained."
R024,doi:10.1126/science.abn3103,10.1126/science.abn3103,35389801,,High-entropy nanoparticles: Synthesis-structure-property relationships and data-driven discovery.,2022-04-08,2022,Science,Science,CNS_flagship,broad-selective flagship; cross-disciplinary review genre,review_narrative_or_unspecified,AI_computation_and_data,eng,ppublish,403,17.5005,data-driven; high-throughput; nanoparticle; materials,subscription_or_oa_unknown,abstract,yes,not_attempted_no_pmcid,not_applicable_no_full_text,not_assessed_without_full_text,abstract_or_title_only,low,not_assessed,,not_assessed,,not_assessed,not_assessed,,not_assessed,not_assessed,not_assessed,not_assessed,not_assessed,not_assessed,abstract_moves=scope_signpost+outlook_or_implication; body_structure=not_assessed,7,yes,no,115,4,no,yes,no,yes,no,no,yes,,,,,not_assessed,not_assessed,not_assessed,not_assessed_without_full_text,Europe PMC/PubMed; Crossref,verified,journal-article,1.0,yes,https://doi.org/10.1126/science.abn3103,https://pubmed.ncbi.nlm.nih.gov/35389801/,,2026-08-30,"Metadata/title for all; abstract or full text only as stated. Machine-assisted coding, manually audited positives; no copyrighted body text retained."
R025,doi:10.1126/science.adh1114,10.1126/science.adh1114,37440620,PMC10663167,Leveraging artificial intelligence in the fight against infectious diseases.,2023-07-13,2023,Science,Science,CNS_flagship,broad-selective flagship; cross-disciplinary review genre,review_narrative_or_unspecified,AI_computation_and_data,eng,ppublish,185,27.5419,artificial intelligence; synthetic biology; drug discovery; chemistry,subscription_or_oa_unknown,abstract,yes,failed,not_applicable_no_full_text,not_assessed_without_full_text,abstract_or_title_only,low,not_assessed,,not_assessed,,not_assessed,not_assessed,,not_assessed,not_assessed,not_assessed,not_assessed,not_assessed,not_assessed,abstract_moves=scope_signpost+outlook_or_implication; body_structure=not_assessed,9,no,no,109,5,yes,yes,no,yes,no,yes,yes,,,,,not_assessed,not_assessed,not_assessed,not_assessed_without_full_text,Europe PMC/PubMed; Crossref,verified,journal-article,1.0,yes,https://doi.org/10.1126/science.adh1114,https://pubmed.ncbi.nlm.nih.gov/37440620/,https://europepmc.org/articles/PMC10663167,2026-08-30,"Metadata/title for all; abstract or full text only as stated. Machine-assisted coding, manually audited positives; no copyrighted body text retained."
R026,doi:10.1126/science.abn3445,10.1126/science.abn3445,37440654,,The central role of density functional theory in the AI age.,2023-07-13,2023,Science,Science,CNS_flagship,broad-selective flagship; cross-disciplinary review genre,review_narrative_or_unspecified,AI_computation_and_data,eng,ppublish,93,15.0144,machine learning; computational; materials,subscription_or_oa_unknown,abstract,yes,not_attempted_no_pmcid,not_applicable_no_full_text,not_assessed_without_full_text,abstract_or_title_only,low,not_assessed,,not_assessed,,not_assessed,not_assessed,,not_assessed,not_assessed,not_assessed,not_assessed,not_assessed,not_assessed,abstract_moves=scope_signpost; body_structure=not_assessed,11,no,no,96,4,yes,yes,no,yes,no,no,no,,,,,not_assessed,not_assessed,not_assessed,not_assessed_without_full_text,Europe PMC/PubMed; Crossref,verified,journal-article,1.0,yes,https://doi.org/10.1126/science.abn3445,https://pubmed.ncbi.nlm.nih.gov/37440654/,,2026-08-30,"Metadata/title for all; abstract or full text only as stated. Machine-assisted coding, manually audited positives; no copyrighted body text retained."
R027,doi:10.1126/science.adl2016,10.1126/science.adl2016,38635718,PMC12539790,Interferon- γ and infectious diseases: Lessons and prospects.,2024-04-19,2024,Science,Science,CNS_flagship,broad-selective flagship; cross-disciplinary review genre,review_narrative_or_unspecified,therapeutics_and_drug_discovery,eng,ppublish,149,9.9702,therapeutic,subscription_or_oa_unknown,abstract,yes,failed,not_applicable_no_full_text,not_assessed_without_full_text,abstract_or_title_only,low,not_assessed,,not_assessed,,not_assessed,not_assessed,,not_assessed,not_assessed,not_assessed,not_assessed,not_assessed,not_assessed,abstract_moves=scope_signpost+synthesis_or_comparison; body_structure=not_assessed,8,yes,no,114,5,yes,yes,no,yes,yes,no,no,,,,,not_assessed,not_assessed,not_assessed,not_assessed_without_full_text,Europe PMC/PubMed; Crossref,verified,journal-article,1.0,yes,https://doi.org/10.1126/science.adl2016,https://pubmed.ncbi.nlm.nih.gov/38635718/,https://europepmc.org/articles/PMC12539790,2026-08-30,"Metadata/title for all; abstract or full text only as stated. Machine-assisted coding, manually audited positives; no copyrighted body text retained."
R028,doi:10.1126/science.ady6497,10.1126/science.ady6497,40997178,PMC12687573,From reactive to proactive: Continuous protein monitoring for preventive health care.,2025-09-25,2025,Science,Science,CNS_flagship,broad-selective flagship; cross-disciplinary review genre,review_narrative_or_unspecified,AI_computation_and_data,eng,ppublish,8,19.0324,machine learning; generative,subscription_or_oa_unknown,abstract,yes,failed,not_applicable_no_full_text,not_assessed_without_full_text,abstract_or_title_only,low,not_assessed,,not_assessed,,not_assessed,not_assessed,,not_assessed,not_assessed,not_assessed,not_assessed,not_assessed,not_assessed,abstract_moves=scope_signpost; body_structure=not_assessed,11,yes,no,119,5,yes,yes,no,yes,no,yes,no,,,,,not_assessed,not_assessed,not_assessed,not_assessed_without_full_text,Europe PMC/PubMed; Crossref,verified,journal-article,1.0,yes,https://doi.org/10.1126/science.ady6497,https://pubmed.ncbi.nlm.nih.gov/40997178/,https://europepmc.org/articles/PMC12687573,2026-08-30,"Metadata/title for all; abstract or full text only as stated. Machine-assisted coding, manually audited positives; no copyrighted body text retained."
R029,doi:10.1126/science.aec8444,10.1126/science.aec8444,41955366,,How artificial intelligence is reengineering protein engineering.,2026-04-09,2026,Science,Science,CNS_flagship,broad-selective flagship; cross-disciplinary review genre,review_narrative_or_unspecified,AI_computation_and_data,eng,ppublish,7,22.1931,artificial intelligence; generative; computational; high-throughput; therapeutic,subscription_or_oa_unknown,abstract,yes,not_attempted_no_pmcid,not_applicable_no_full_text,not_assessed_without_full_text,abstract_or_title_only,low,not_assessed,,not_assessed,,not_assessed,not_assessed,,not_assessed,not_assessed,not_assessed,not_assessed,not_assessed,not_assessed,abstract_moves=scope_signpost; body_structure=not_assessed,7,no,no,118,4,yes,yes,no,yes,no,no,no,,,,,not_assessed,not_assessed,not_assessed,not_assessed_without_full_text,Europe PMC/PubMed; Crossref,verified,journal-article,1.0,yes,https://doi.org/10.1126/science.aec8444,https://pubmed.ncbi.nlm.nih.gov/41955366/,,2026-08-30,"Metadata/title for all; abstract or full text only as stated. Machine-assisted coding, manually audited positives; no copyrighted body text retained."
R030,doi:10.1126/science.aeb0045,10.1126/science.aeb0045,41990130,PMC13155199,Reimagining human-centric drug development with new approach methodologies.,2026-04-16,2026,Science,Science,CNS_flagship,broad-selective flagship; cross-disciplinary review genre,review_narrative_or_unspecified,AI_computation_and_data,eng,ppublish,11,18.1283,artificial intelligence; computational,subscription_or_oa_unknown,abstract,yes,failed,not_applicable_no_full_text,not_assessed_without_full_text,abstract_or_title_only,low,not_assessed,,not_assessed,,not_assessed,not_assessed,,not_assessed,not_assessed,not_assessed,not_assessed,not_assessed,not_assessed,abstract_moves=problem_or_gap+scope_signpost; body_structure=not_assessed,8,no,no,125,5,yes,yes,yes,yes,no,no,no,,,,,not_assessed,not_assessed,not_assessed,not_assessed_without_full_text,Europe PMC/PubMed; Crossref,verified,journal-article,1.0,yes,https://doi.org/10.1126/science.aeb0045,https://pubmed.ncbi.nlm.nih.gov/41990130/,https://europepmc.org/articles/PMC13155199,2026-08-30,"Metadata/title for all; abstract or full text only as stated. Machine-assisted coding, manually audited positives; no copyrighted body text retained."
R031,doi:10.1002/adma.202006582,10.1002/adma.202006582,33929771,PMC8647870,"Engineering Hydrogel-Based Biomedical Photonics: Design, Fabrication, and Applications.",2021-04-30,2021,Advanced Materials,Adv Mater,Materials_chemistry_reviews,selective materials journal with review/progress-report genres,review_narrative_or_unspecified,biomaterials_nanomedicine_delivery,eng,ppublish,71,30.7256,robotic; hydrogel; nanomedicine; bioengineering; materials,subscription_or_oa_unknown,abstract,yes,failed,not_applicable_no_full_text,not_assessed_without_full_text,abstract_or_title_only,low,not_assessed,,not_assessed,,not_assessed,not_assessed,,not_assessed,not_assessed,not_assessed,not_assessed,not_assessed,not_assessed,abstract_moves=not_machine_detected; body_structure=not_assessed,8,yes,no,180,8,no,yes,no,no,no,no,no,,,,,not_assessed,not_assessed,not_assessed,not_assessed_without_full_text,Europe PMC/PubMed; Crossref,verified,journal-article,0.9939,yes,https://doi.org/10.1002/adma.202006582,https://pubmed.ncbi.nlm.nih.gov/33929771/,https://europepmc.org/articles/PMC8647870,2026-08-30,"Metadata/title for all; abstract or full text only as stated. Machine-assisted coding, manually audited positives; no copyrighted body text retained."
R032,doi:10.1002/adma.202107192,10.1002/adma.202107192,34752658,,"Copper-Free Click Chemistry: Applications in Drug Delivery, Cell Tracking, and Tissue Engineering.",2022-01-28,2022,Advanced Materials,Adv Mater,Materials_chemistry_reviews,selective materials journal with review/progress-report genres,review_narrative_or_unspecified,biomaterials_nanomedicine_delivery,eng,ppublish,104,37.5513,biomaterial; hydrogel; nanoparticle; drug delivery; tissue engineering; imaging; materials; chemistry,subscription_or_oa_unknown,abstract,yes,not_attempted_no_pmcid,not_applicable_no_full_text,not_assessed_without_full_text,abstract_or_title_only,low,not_assessed,,not_assessed,,not_assessed,not_assessed,,not_assessed,not_assessed,not_assessed,not_assessed,not_assessed,not_assessed,abstract_moves=not_machine_detected; body_structure=not_assessed,12,yes,no,172,8,no,yes,no,no,no,no,no,,,,,not_assessed,not_assessed,not_assessed,not_assessed_without_full_text,Europe PMC/PubMed; Crossref,verified,journal-article,0.9947,yes,https://doi.org/10.1002/adma.202107192,https://pubmed.ncbi.nlm.nih.gov/34752658/,,2026-08-30,"Metadata/title for all; abstract or full text only as stated. Machine-assisted coding, manually audited positives; no copyrighted body text retained."
R033,doi:10.1002/adma.202201651,10.1002/adma.202201651,35583434,,Responsive Hydrogels Based on Triggered Click Reactions for Liver Cancer.,2022-08-19,2022,Advanced Materials,Adv Mater,Materials_chemistry_reviews,selective materials journal with review/progress-report genres,systematic_review,biomaterials_nanomedicine_delivery,eng,ppublish,48,16.7973,hydrogel; drug delivery; materials; cancer,subscription_or_oa_unknown,abstract,yes,not_attempted_no_pmcid,not_applicable_no_full_text,not_assessed_without_full_text,abstract_or_title_only,low,not_assessed,,not_assessed,,not_assessed,not_assessed,,not_assessed,not_assessed,not_assessed,not_assessed,not_assessed,not_assessed,abstract_moves=not_machine_detected; body_structure=not_assessed,10,no,no,193,7,no,yes,no,no,no,no,no,,,,,not_assessed,not_assessed,not_assessed,not_assessed_without_full_text,Europe PMC/PubMed; Crossref,verified,journal-article,1.0,yes,https://doi.org/10.1002/adma.202201651,https://pubmed.ncbi.nlm.nih.gov/35583434/,,2026-08-30,"Metadata/title for all; abstract or full text only as stated. Machine-assisted coding, manually audited positives; no copyrighted body text retained."
R034,doi:10.1002/adma.202204798,10.1002/adma.202204798,35916024,,Computational Biomaterials: Computational Simulations for Biomedicine.,2022-12-29,2023,Advanced Materials,Adv Mater,Materials_chemistry_reviews,selective materials journal with review/progress-report genres,review_narrative_or_unspecified,AI_computation_and_data,eng,ppublish,37,43.2125,artificial intelligence; machine learning; computational; high-throughput; biomaterial; drug delivery; therapeutic; materials; chemistry,subscription_or_oa_unknown,abstract,yes,not_attempted_no_pmcid,not_applicable_no_full_text,not_assessed_without_full_text,abstract_or_title_only,low,not_assessed,,not_assessed,,not_assessed,not_assessed,,not_assessed,not_assessed,not_assessed,not_assessed,not_assessed,not_assessed,abstract_moves=outlook_or_implication; body_structure=not_assessed,6,yes,no,188,6,no,no,no,no,no,no,yes,,,,,not_assessed,not_assessed,not_assessed,not_assessed_without_full_text,Europe PMC/PubMed; Crossref,verified,journal-article,1.0,yes,https://doi.org/10.1002/adma.202204798,https://pubmed.ncbi.nlm.nih.gov/35916024/,,2026-08-30,"Metadata/title for all; abstract or full text only as stated. Machine-assisted coding, manually audited positives; no copyrighted body text retained."
R035,doi:10.1002/adma.202305099,10.1002/adma.202305099,37490938,,"Intelligent Biomaterialomics: Molecular Design, Manufacturing, and Biomedical Applications.",2023-11-07,2024,Advanced Materials,Adv Mater,Materials_chemistry_reviews,selective materials journal with review/progress-report genres,review_narrative_or_unspecified,AI_computation_and_data,eng,ppublish,23,41.5594,machine learning; high-throughput; biomaterial; polymer; nanoparticle; drug delivery; therapeutic; omics; materials,subscription_or_oa_unknown,abstract,yes,not_attempted_no_pmcid,not_applicable_no_full_text,not_assessed_without_full_text,abstract_or_title_only,low,not_assessed,,not_assessed,,not_assessed,not_assessed,,not_assessed,not_assessed,not_assessed,not_assessed,not_assessed,not_assessed,abstract_moves=outlook_or_implication; body_structure=not_assessed,8,yes,no,121,6,no,yes,no,no,no,no,yes,,,,,not_assessed,not_assessed,not_assessed,not_assessed_without_full_text,Europe PMC/PubMed; Crossref,verified,journal-article,1.0,yes,https://doi.org/10.1002/adma.202305099,https://pubmed.ncbi.nlm.nih.gov/37490938/,,2026-08-30,"Metadata/title for all; abstract or full text only as stated. Machine-assisted coding, manually audited positives; no copyrighted body text retained."
R036,doi:10.1002/adma.202407793,10.1002/adma.202407793,39252670,,Toward the Integration of Machine Learning and Molecular Modeling for Designing Drug Delivery Nanocarriers.,2024-09-10,2024,Advanced Materials,Adv Mater,Materials_chemistry_reviews,selective materials journal with review/progress-report genres,review_narrative_or_unspecified,AI_computation_and_data,eng,ppublish,59,39.8648,machine learning; computational; data-driven; polymer; nanoparticle; nanomedicine; drug delivery; therapeutic,subscription_or_oa_unknown,abstract,yes,not_attempted_no_pmcid,not_applicable_no_full_text,not_assessed_without_full_text,abstract_or_title_only,low,not_assessed,,not_assessed,,not_assessed,not_assessed,,not_assessed,not_assessed,not_assessed,not_assessed,not_assessed,not_assessed,abstract_moves=not_machine_detected; body_structure=not_assessed,14,no,no,194,9,no,no,no,no,no,no,no,,,,,not_assessed,not_assessed,not_assessed,not_assessed_without_full_text,Europe PMC/PubMed; Crossref,verified,journal-article,1.0,yes,https://doi.org/10.1002/adma.202407793,https://pubmed.ncbi.nlm.nih.gov/39252670/,,2026-08-30,"Metadata/title for all; abstract or full text only as stated. Machine-assisted coding, manually audited positives; no copyrighted body text retained."
R037,doi:10.1002/adma.202510239,10.1002/adma.202510239,40772340,PMC12548523,Artificial Intelligence-Driven Nanoarchitectonics for Smart Targeted Drug Delivery.,2025-08-07,2025,Advanced Materials,Adv Mater,Materials_chemistry_reviews,selective materials journal with review/progress-report genres,perspective_review_type,AI_computation_and_data,eng,ppublish,43,45.5614,artificial intelligence; machine learning; generative; data-driven; nanomedicine; drug delivery; therapeutic,open_access_europepmc_full_text,full_text_xml,yes,success,license_not_machine_resolved,no_explicit_review_search_detected,full_text_audited_no_matching_review-search_section,moderate,not_reported,,not_reported,,no,not_reported,,no,no,no,no,no,no,abstract_moves=outlook_or_implication; top_level_sections=6; introduction_heading=yes; conclusion_outlook_heading=yes; figures=9; tables=2; boxes=0,8,no,no,200,7,no,yes,no,no,no,no,yes,6,9,2,0,yes,yes,yes,thematic_synthesis_with_explicit_conclusion_or_outlook,Europe PMC/PubMed; Crossref,verified,journal-article,0.9939,yes,https://doi.org/10.1002/adma.202510239,https://pubmed.ncbi.nlm.nih.gov/40772340/,https://europepmc.org/articles/PMC12548523,2026-08-30,"Metadata/title for all; abstract or full text only as stated. Machine-assisted coding, manually audited positives; no copyrighted body text retained."
R038,doi:10.1002/adma.202512919,10.1002/adma.202512919,41025745,,"Skin Relevant Biomaterials from Wound Healing, Medical Aesthetics, Flexible Electronics to Artificial Intelligence and Beyond.",2025-09-30,2025,Advanced Materials,Adv Mater,Materials_chemistry_reviews,selective materials journal with review/progress-report genres,review_narrative_or_unspecified,AI_computation_and_data,eng,aheadofprint,13,38.3797,artificial intelligence; generative; biomaterial; drug delivery; tissue engineering; regenerative; materials,subscription_or_oa_unknown,abstract,yes,not_attempted_no_pmcid,not_applicable_no_full_text,not_assessed_without_full_text,abstract_or_title_only,low,not_assessed,,not_assessed,,not_assessed,not_assessed,,not_assessed,not_assessed,not_assessed,not_assessed,not_assessed,not_assessed,abstract_moves=scope_signpost+outlook_or_implication; body_structure=not_assessed,15,no,no,200,5,no,yes,no,yes,no,yes,yes,,,,,not_assessed,not_assessed,not_assessed,not_assessed_without_full_text,Europe PMC/PubMed; Crossref,verified,journal-article,1.0,yes,https://doi.org/10.1002/adma.202512919,https://pubmed.ncbi.nlm.nih.gov/41025745/,,2026-08-30,"Metadata/title for all; abstract or full text only as stated. Machine-assisted coding, manually audited positives; no copyrighted body text retained."
R039,doi:10.1002/adma.202510791,10.1002/adma.202510791,41085168,,"Mirror Life: Bridging Chirality, Ethics, and the Foundations of Life Creation.",2025-10-14,2026,Advanced Materials,Adv Mater,Materials_chemistry_reviews,selective materials journal with review/progress-report genres,review_narrative_or_unspecified,biomaterials_nanomedicine_delivery,eng,ppublish,3,41.4621,generative; biomaterial; hydrogel; drug delivery; scaffold; tissue engineering; regenerative; materials; chemistry,subscription_or_oa_unknown,abstract,yes,not_attempted_no_pmcid,not_applicable_no_full_text,not_assessed_without_full_text,abstract_or_title_only,low,not_assessed,,not_assessed,,not_assessed,not_assessed,,not_assessed,not_assessed,not_assessed,not_assessed,not_assessed,not_assessed,abstract_moves=scope_signpost; body_structure=not_assessed,11,yes,no,189,10,no,yes,no,yes,no,no,no,,,,,not_assessed,not_assessed,not_assessed,not_assessed_without_full_text,Europe PMC/PubMed; Crossref,verified,journal-article,1.0,yes,https://doi.org/10.1002/adma.202510791,https://pubmed.ncbi.nlm.nih.gov/41085168/,,2026-08-30,"Metadata/title for all; abstract or full text only as stated. Machine-assisted coding, manually audited positives; no copyrighted body text retained."
R040,doi:10.1002/adma.202523667,10.1002/adma.202523667,42261078,,Organic Materials of Tomorrow: Horizons of Artificial Intelligence.,2026-06-08,2026,Advanced Materials,Adv Mater,Materials_chemistry_reviews,selective materials journal with review/progress-report genres,review_narrative_or_unspecified,AI_computation_and_data,eng,aheadofprint,0,37.0,artificial intelligence; machine learning; neural network; generative; computational; high-throughput; materials; chemistry,subscription_or_oa_unknown,abstract,yes,not_attempted_no_pmcid,not_applicable_no_full_text,not_assessed_without_full_text,abstract_or_title_only,low,not_assessed,,not_assessed,,not_assessed,not_assessed,,not_assessed,not_assessed,not_assessed,not_assessed,not_assessed,not_assessed,abstract_moves=scope_signpost+outlook_or_implication; body_structure=not_assessed,8,yes,no,196,7,yes,yes,no,yes,no,no,yes,,,,,not_assessed,not_assessed,not_assessed,not_assessed_without_full_text,Europe PMC/PubMed; Crossref,verified,journal-article,1.0,yes,https://doi.org/10.1002/adma.202523667,https://pubmed.ncbi.nlm.nih.gov/42261078/,,2026-08-30,"Metadata/title for all; abstract or full text only as stated. Machine-assisted coding, manually audited positives; no copyrighted body text retained."
R041,doi:10.1021/acs.chemrev.0c01338,10.1021/acs.chemrev.0c01338,34338501,,Carbohydrate-Based Macromolecular Biomaterials.,2021-08-02,2021,Chemical Reviews,Chem Rev,Materials_chemistry_reviews,field-leading chemistry review journal,review_narrative_or_unspecified,biomaterials_nanomedicine_delivery,eng,ppublish,195,31.2594,biomaterial; polymer; drug delivery; scaffold; tissue engineering; materials,subscription_or_oa_unknown,abstract,yes,not_attempted_no_pmcid,not_applicable_no_full_text,not_assessed_without_full_text,abstract_or_title_only,low,not_assessed,,not_assessed,,not_assessed,not_assessed,,not_assessed,not_assessed,not_assessed,not_assessed,not_assessed,not_assessed,abstract_moves=scope_signpost+outlook_or_implication; body_structure=not_assessed,3,no,no,286,12,yes,no,no,yes,no,no,yes,,,,,not_assessed,not_assessed,not_assessed,not_assessed_without_full_text,Europe PMC/PubMed; Crossref,verified,journal-article,1.0,yes,https://doi.org/10.1021/acs.chemrev.0c01338,https://pubmed.ncbi.nlm.nih.gov/34338501/,,2026-08-30,"Metadata/title for all; abstract or full text only as stated. Machine-assisted coding, manually audited positives; no copyrighted body text retained."
R042,doi:10.1021/acs.chemrev.1c00347,10.1021/acs.chemrev.1c00347,34260198,,Computational Discovery of Transition-metal Complexes: From High-throughput Screening to Machine Learning.,2021-07-14,2021,Chemical Reviews,Chem Rev,Materials_chemistry_reviews,field-leading chemistry review journal,review_narrative_or_unspecified,AI_computation_and_data,eng,ppublish,143,32.6566,artificial intelligence; machine learning; computational; automation; high-throughput; materials; chemistry,subscription_or_oa_unknown,abstract,yes,not_attempted_no_pmcid,not_applicable_no_full_text,not_assessed_without_full_text,abstract_or_title_only,low,not_assessed,,not_assessed,,not_assessed,not_assessed,,not_assessed,not_assessed,not_assessed,not_assessed,not_assessed,not_assessed,abstract_moves=scope_signpost+outlook_or_implication; body_structure=not_assessed,11,yes,no,252,10,yes,yes,no,yes,no,no,yes,,,,,not_assessed,not_assessed,not_assessed,not_assessed_without_full_text,Europe PMC/PubMed; Crossref,verified,journal-article,1.0,yes,https://doi.org/10.1021/acs.chemrev.1c00347,https://pubmed.ncbi.nlm.nih.gov/34260198/,,2026-08-30,"Metadata/title for all; abstract or full text only as stated. Machine-assisted coding, manually audited positives; no copyrighted body text retained."
R043,doi:10.1021/acs.chemrev.0c00752,10.1021/acs.chemrev.0c00752,33705116,PMC8154331,High-Throughput Methods in the Discovery and Study of Biomaterials and Materiobiology.,2021-03-11,2021,Chemical Reviews,Chem Rev,Materials_chemistry_reviews,field-leading chemistry review journal,review_narrative_or_unspecified,AI_computation_and_data,eng,ppublish,119,45.8958,generative; computational; high-throughput; biomaterial; scaffold; tissue engineering; regenerative; omics; imaging; materials,open_access_europepmc_full_text,full_text_xml,yes,success,license_not_machine_resolved,no_explicit_review_search_detected,full_text_audited_no_matching_review-search_section,moderate,not_reported,,not_reported,,no,not_reported,,no,no,no,no,no,no,abstract_moves=scope_signpost+outlook_or_implication; top_level_sections=10; introduction_heading=yes; conclusion_outlook_heading=yes; figures=43; tables=7; boxes=1,11,no,no,224,8,yes,yes,no,yes,no,no,yes,10,43,7,1,yes,yes,yes,thematic_synthesis_with_explicit_conclusion_or_outlook,Europe PMC/PubMed; Crossref,verified,journal-article,1.0,yes,https://doi.org/10.1021/acs.chemrev.0c00752,https://pubmed.ncbi.nlm.nih.gov/33705116/,https://europepmc.org/articles/PMC8154331,2026-08-30,"Metadata/title for all; abstract or full text only as stated. Machine-assisted coding, manually audited positives; no copyrighted body text retained."
R044,doi:10.1021/acs.chemrev.0c01088,10.1021/acs.chemrev.0c01088,33844906,PMC9217625,Soft Materials by Design: Unconventional Polymer Networks Give Extreme Properties.,2021-04-12,2021,Chemical Reviews,Chem Rev,Materials_chemistry_reviews,field-leading chemistry review journal,review_narrative_or_unspecified,biomaterials_nanomedicine_delivery,eng,ppublish,514,32.3814,hydrogel; polymer; drug delivery; tissue engineering; materials,subscription_or_oa_unknown,abstract,yes,failed,not_applicable_no_full_text,not_assessed_without_full_text,abstract_or_title_only,low,not_assessed,,not_assessed,,not_assessed,not_assessed,,not_assessed,not_assessed,not_assessed,not_assessed,not_assessed,not_assessed,abstract_moves=problem_or_gap+scope_signpost+outlook_or_implication; body_structure=not_assessed,10,yes,no,234,7,no,no,yes,yes,no,yes,yes,,,,,not_assessed,not_assessed,not_assessed,not_assessed_without_full_text,Europe PMC/PubMed; Crossref,verified,journal-article,1.0,yes,https://doi.org/10.1021/acs.chemrev.0c01088,https://pubmed.ncbi.nlm.nih.gov/33844906/,https://europepmc.org/articles/PMC9217625,2026-08-30,"Metadata/title for all; abstract or full text only as stated. Machine-assisted coding, manually audited positives; no copyrighted body text retained."
R045,doi:10.1021/acs.chemrev.1c00798,10.1021/acs.chemrev.1c00798,36108106,PMC9706502,Microfluidic Formulation of Topological Hydrogels for Microtissue Engineering.,2022-09-15,2022,Chemical Reviews,Chem Rev,Materials_chemistry_reviews,field-leading chemistry review journal,review_narrative_or_unspecified,biomaterials_nanomedicine_delivery,eng,ppublish,89,41.7999,generative; biomaterial; hydrogel; polymer; tissue engineering; regenerative; materials; cancer,open_access_europepmc_full_text,full_text_xml,yes,success,CC_BY,no_explicit_review_search_detected,full_text_audited_no_matching_review-search_section,moderate,not_reported,,not_reported,,no,not_reported,,no,no,no,no,no,no,abstract_moves=scope_signpost; top_level_sections=6; introduction_heading=yes; conclusion_outlook_heading=yes; figures=32; tables=2; boxes=0,8,no,no,265,6,yes,yes,no,yes,no,yes,no,6,32,2,0,yes,yes,yes,thematic_synthesis_with_explicit_conclusion_or_outlook,Europe PMC/PubMed; Crossref,verified,journal-article,1.0,yes,https://doi.org/10.1021/acs.chemrev.1c00798,https://pubmed.ncbi.nlm.nih.gov/36108106/,https://europepmc.org/articles/PMC9706502,2026-08-30,"Metadata/title for all; abstract or full text only as stated. Machine-assisted coding, manually audited positives; no copyrighted body text retained."
R046,doi:10.1021/acs.chemrev.3c00189,10.1021/acs.chemrev.3c00189,37384816,PMC10999174,Machine Learning Methods for Small Data Challenges in Molecular Science.,2023-06-29,2023,Chemical Reviews,Chem Rev,Materials_chemistry_reviews,field-leading chemistry review journal,review_narrative_or_unspecified,AI_computation_and_data,eng,ppublish,193,45.056,artificial intelligence; machine learning; deep learning; neural network; generative; data-driven,subscription_or_oa_unknown,abstract,yes,failed,not_applicable_no_full_text,not_assessed_without_full_text,abstract_or_title_only,low,not_assessed,,not_assessed,,not_assessed,not_assessed,,not_assessed,not_assessed,not_assessed,not_assessed,not_assessed,not_assessed,abstract_moves=problem_or_gap+scope_signpost; body_structure=not_assessed,10,no,no,278,9,yes,yes,yes,yes,no,yes,no,,,,,not_assessed,not_assessed,not_assessed,not_assessed_without_full_text,Europe PMC/PubMed; Crossref,verified,journal-article,1.0,yes,https://doi.org/10.1021/acs.chemrev.3c00189,https://pubmed.ncbi.nlm.nih.gov/37384816/,https://europepmc.org/articles/PMC10999174,2026-08-30,"Metadata/title for all; abstract or full text only as stated. Machine-assisted coding, manually audited positives; no copyrighted body text retained."
R047,doi:10.1021/acs.chemrev.3c00708,10.1021/acs.chemrev.3c00708,38546632,PMC11009967,Machine Learning Aided Design and Optimization of Thermal Metamaterials.,2024-03-28,2024,Chemical Reviews,Chem Rev,Materials_chemistry_reviews,field-leading chemistry review journal,review_narrative_or_unspecified,AI_computation_and_data,eng,ppublish,40,32.5379,artificial intelligence; machine learning; generative; computational; materials,open_access_europepmc_full_text,full_text_xml,yes,success,license_not_machine_resolved,no_explicit_review_search_detected,full_text_audited_no_matching_review-search_section,moderate,not_reported,,not_reported,,no,not_reported,,no,no,no,no,no,no,abstract_moves=scope_signpost; top_level_sections=5; introduction_heading=yes; conclusion_outlook_heading=yes; figures=57; tables=3; boxes=0,9,no,no,123,7,yes,no,no,yes,no,no,no,5,57,3,0,yes,yes,yes,thematic_synthesis_with_explicit_conclusion_or_outlook,Europe PMC/PubMed; Crossref,verified,journal-article,1.0,yes,https://doi.org/10.1021/acs.chemrev.3c00708,https://pubmed.ncbi.nlm.nih.gov/38546632/,https://europepmc.org/articles/PMC11009967,2026-08-30,"Metadata/title for all; abstract or full text only as stated. Machine-assisted coding, manually audited positives; no copyrighted body text retained."
R048,doi:10.1021/acs.chemrev.3c00705,10.1021/acs.chemrev.3c00705,38626459,PMC11086401,Polymeric Nanoparticles for Drug Delivery.,2024-04-16,2024,Chemical Reviews,Chem Rev,Materials_chemistry_reviews,field-leading chemistry review journal,review_narrative_or_unspecified,biomaterials_nanomedicine_delivery,eng,ppublish,673,32.4711,polymer; nanoparticle; nanomedicine; drug delivery; therapeutic; cancer,open_access_europepmc_full_text,full_text_xml,yes,success,license_not_machine_resolved,no_explicit_review_search_detected,full_text_audited_no_matching_review-search_section,moderate,not_reported,,not_reported,,no,not_reported,,no,no,no,no,no,no,abstract_moves=scope_signpost; top_level_sections=14; introduction_heading=yes; conclusion_outlook_heading=yes; figures=71; tables=4; boxes=0,5,no,no,191,7,no,yes,no,yes,no,no,no,14,71,4,0,yes,yes,no_or_embedded,thematic_synthesis_with_explicit_conclusion_or_outlook,Europe PMC/PubMed; Crossref,verified,journal-article,1.0,yes,https://doi.org/10.1021/acs.chemrev.3c00705,https://pubmed.ncbi.nlm.nih.gov/38626459/,https://europepmc.org/articles/PMC11086401,2026-08-30,"Metadata/title for all; abstract or full text only as stated. Machine-assisted coding, manually audited positives; no copyrighted body text retained."
R049,doi:10.1021/acs.chemrev.4c00697,10.1021/acs.chemrev.4c00697,41123428,PMC12616616,Unveiling the Power of Proximity of Prevalent Fe-Based Tandem Catalysts in CO 2 Hydrogenation via Modified Fischer-Tropsch: Crucial Relations toward Industrialization.,2025-10-22,2025,Chemical Reviews,Chem Rev,Materials_chemistry_reviews,field-leading chemistry review journal,review_narrative_or_unspecified,AI_computation_and_data,eng,ppublish,1,27.531,artificial intelligence; machine learning; computational; imaging,open_access_europepmc_full_text,full_text_xml,yes,success,CC_BY,no_explicit_review_search_detected,full_text_audited_no_matching_review-search_section,moderate,not_reported,,not_reported,,no,not_reported,,no,no,no,no,no,no,abstract_moves=problem_or_gap+scope_signpost; top_level_sections=8; introduction_heading=yes; conclusion_outlook_heading=yes; figures=48; tables=2; boxes=0,21,yes,no,310,10,no,yes,yes,yes,no,yes,no,8,48,2,0,yes,yes,yes,thematic_synthesis_with_explicit_conclusion_or_outlook,Europe PMC/PubMed; Crossref,verified,journal-article,0.997,yes,https://doi.org/10.1021/acs.chemrev.4c00697,https://pubmed.ncbi.nlm.nih.gov/41123428/,https://europepmc.org/articles/PMC12616616,2026-08-30,"Metadata/title for all; abstract or full text only as stated. Machine-assisted coding, manually audited positives; no copyrighted body text retained."
R050,doi:10.1021/acs.chemrev.5c00728,10.1021/acs.chemrev.5c00728,41950416,PMC13107388,Reactive Machine Learning Interatomic Potentials for Chemistry and Materials Science.,2026-04-08,2026,Chemical Reviews,Chem Rev,Materials_chemistry_reviews,field-leading chemistry review journal,review_narrative_or_unspecified,AI_computation_and_data,eng,ppublish,2,39.1662,artificial intelligence; machine learning; neural network; generative; computational; materials; chemistry,open_access_europepmc_full_text,full_text_xml,yes,success,license_not_machine_resolved,no_explicit_review_search_detected,full_text_audited_no_matching_review-search_section,moderate,not_reported,,not_reported,,no,not_reported,,no,no,no,no,no,no,abstract_moves=scope_signpost+synthesis_or_comparison+outlook_or_implication; top_level_sections=11; introduction_heading=yes; conclusion_outlook_heading=yes; figures=23; tables=2; boxes=0,10,no,no,196,7,yes,yes,no,yes,yes,no,yes,11,23,2,0,yes,yes,yes,thematic_synthesis_with_explicit_conclusion_or_outlook,Europe PMC/PubMed; Crossref,verified,journal-article,1.0,yes,https://doi.org/10.1021/acs.chemrev.5c00728,https://pubmed.ncbi.nlm.nih.gov/41950416/,https://europepmc.org/articles/PMC13107388,2026-08-30,"Metadata/title for all; abstract or full text only as stated. Machine-assisted coding, manually audited positives; no copyrighted body text retained."
R051,doi:10.1038/s44222-023-00050-8,10.1038/s44222-023-00050-8,37359772,PMC10064972,Analytical device miniaturization for the detection of circulating biomarkers.,2023-03-31,2023,Nature Reviews Bioengineering,Nat Rev Bioeng,Nature_Reviews,specialist review title central to bioengineering,review_narrative_or_unspecified,chemistry_materials_and_sustainability,eng,aheadofprint,44,9.5689,materials,open_access_europepmc_full_text,full_text_xml,yes,success,license_not_machine_resolved,no_explicit_review_search_detected,full_text_audited_no_matching_review-search_section,moderate,not_reported,,not_reported,,no,not_reported,,no,no,no,no,no,no,abstract_moves=scope_signpost+synthesis_or_comparison+outlook_or_implication; top_level_sections=16; introduction_heading=yes; conclusion_outlook_heading=yes; figures=5; tables=1; boxes=1,9,no,no,141,6,yes,yes,no,yes,yes,no,yes,16,5,1,1,yes,yes,yes,thematic_synthesis_with_explicit_conclusion_or_outlook,Europe PMC/PubMed; Crossref,verified,journal-article,1.0,yes,https://doi.org/10.1038/s44222-023-00050-8,https://pubmed.ncbi.nlm.nih.gov/37359772/,https://europepmc.org/articles/PMC10064972,2026-08-30,"Metadata/title for all; abstract or full text only as stated. Machine-assisted coding, manually audited positives; no copyrighted body text retained."
R052,doi:10.1038/s44222-023-00032-w,10.1038/s44222-023-00032-w,37168735,PMC9951169,Device integration of electrochemical biosensors.,2023-02-24,2023,Nature Reviews Bioengineering,Nat Rev Bioeng,Nature_Reviews,specialist review title central to bioengineering,review_narrative_or_unspecified,disease_immunology_and_microbiology,eng,ppublish,430,8.322,,open_access_europepmc_full_text,full_text_xml,yes,success,license_not_machine_resolved,no_explicit_review_search_detected,full_text_audited_no_matching_review-search_section,moderate,not_reported,,not_reported,,no,not_reported,,no,no,no,no,no,no,abstract_moves=problem_or_gap+scope_signpost; top_level_sections=5; introduction_heading=yes; conclusion_outlook_heading=yes; figures=4; tables=1; boxes=2,5,no,no,125,4,yes,yes,yes,yes,no,no,no,5,4,1,2,yes,yes,no_or_embedded,thematic_synthesis_with_explicit_conclusion_or_outlook,Europe PMC/PubMed; Crossref,verified,journal-article,1.0,yes,https://doi.org/10.1038/s44222-023-00032-w,https://pubmed.ncbi.nlm.nih.gov/37168735/,https://europepmc.org/articles/PMC9951169,2026-08-30,"Metadata/title for all; abstract or full text only as stated. Machine-assisted coding, manually audited positives; no copyrighted body text retained."
R053,doi:10.1038/s44222-023-00030-y,10.1038/s44222-023-00030-y,37064653,PMC9933837,Engineering cytokine therapeutics.,2023-02-16,2023,Nature Reviews Bioengineering,Nat Rev Bioeng,Nature_Reviews,specialist review title central to bioengineering,review_narrative_or_unspecified,bioengineering_regeneration_synthetic_biology,eng,ppublish,168,18.01,bioengineering; therapeutic; imaging; cancer,open_access_europepmc_full_text,full_text_xml,yes,success,license_not_machine_resolved,no_explicit_review_search_detected,full_text_audited_no_matching_review-search_section,moderate,not_reported,,not_reported,,no,not_reported,,no,no,no,no,no,no,abstract_moves=scope_signpost; top_level_sections=7; introduction_heading=yes; conclusion_outlook_heading=yes; figures=4; tables=2; boxes=1,3,no,no,154,7,yes,no,no,yes,no,no,no,7,4,2,1,yes,yes,no_or_embedded,thematic_synthesis_with_explicit_conclusion_or_outlook,Europe PMC/PubMed; Crossref,verified,journal-article,1.0,yes,https://doi.org/10.1038/s44222-023-00030-y,https://pubmed.ncbi.nlm.nih.gov/37064653/,https://europepmc.org/articles/PMC9933837,2026-08-30,"Metadata/title for all; abstract or full text only as stated. Machine-assisted coding, manually audited positives; no copyrighted body text retained."
R054,doi:10.1038/s44222-023-00027-7,10.1038/s44222-023-00027-7,37064657,PMC9903289,Functional bioengineered models of the central nervous system.,2023-02-07,2023,Nature Reviews Bioengineering,Nat Rev Bioeng,Nature_Reviews,specialist review title central to bioengineering,review_narrative_or_unspecified,chemistry_materials_and_sustainability,eng,ppublish,27,15.9107,drug discovery; materials; cell biology,open_access_europepmc_full_text,full_text_xml,yes,success,license_not_machine_resolved,no_explicit_review_search_detected,full_text_audited_no_matching_review-search_section,moderate,not_reported,,not_reported,,no,not_reported,,no,no,no,no,no,no,abstract_moves=scope_signpost+synthesis_or_comparison+outlook_or_implication; top_level_sections=13; introduction_heading=yes; conclusion_outlook_heading=yes; figures=4; tables=1; boxes=1,8,no,no,140,6,yes,no,no,yes,yes,yes,yes,13,4,1,1,yes,yes,no_or_embedded,thematic_synthesis_with_explicit_conclusion_or_outlook,Europe PMC/PubMed; Crossref,verified,journal-article,1.0,yes,https://doi.org/10.1038/s44222-023-00027-7,https://pubmed.ncbi.nlm.nih.gov/37064657/,https://europepmc.org/articles/PMC9903289,2026-08-30,"Metadata/title for all; abstract or full text only as stated. Machine-assisted coding, manually audited positives; no copyrighted body text retained."
R055,doi:10.1038/s44222-023-00063-3,10.1038/s44222-023-00063-3,37359774,PMC10173243,Human disease models in drug development.,2023-05-11,2023,Nature Reviews Bioengineering,Nat Rev Bioeng,Nature_Reviews,specialist review title central to bioengineering,review_narrative_or_unspecified,disease_immunology_and_microbiology,eng,aheadofprint,224,8.1054,,open_access_europepmc_full_text,full_text_xml,yes,success,license_not_machine_resolved,no_explicit_review_search_detected,full_text_audited_no_matching_review-search_section,moderate,not_reported,,not_reported,,no,not_reported,,no,no,no,no,no,no,abstract_moves=problem_or_gap+scope_signpost; top_level_sections=12; introduction_heading=yes; conclusion_outlook_heading=yes; figures=3; tables=1; boxes=2,6,no,no,120,5,yes,no,yes,yes,no,yes,no,12,3,1,2,yes,yes,yes,thematic_synthesis_with_explicit_conclusion_or_outlook,Europe PMC/PubMed; Crossref,verified,journal-article,1.0,yes,https://doi.org/10.1038/s44222-023-00063-3,https://pubmed.ncbi.nlm.nih.gov/37359774/,https://europepmc.org/articles/PMC10173243,2026-08-30,"Metadata/title for all; abstract or full text only as stated. Machine-assisted coding, manually audited positives; no copyrighted body text retained."
R056,doi:10.1038/s44222-023-00039-3,10.1038/s44222-023-00039-3,37168734,PMC10010248,Middle-out methods for spatiotemporal tissue engineering of organoids.,2023-03-13,2023,Nature Reviews Bioengineering,Nat Rev Bioeng,Nature_Reviews,specialist review title central to bioengineering,review_narrative_or_unspecified,bioengineering_regeneration_synthetic_biology,eng,ppublish,52,13.6234,tissue engineering,open_access_europepmc_full_text,full_text_xml,yes,success,license_not_machine_resolved,no_explicit_review_search_detected,full_text_audited_no_matching_review-search_section,moderate,not_reported,,not_reported,,no,not_reported,,no,no,no,no,no,no,abstract_moves=scope_signpost; top_level_sections=4; introduction_heading=yes; conclusion_outlook_heading=yes; figures=6; tables=0; boxes=1,8,no,no,192,7,yes,yes,no,yes,no,no,no,4,6,0,1,yes,yes,no_or_embedded,thematic_synthesis_with_explicit_conclusion_or_outlook,Europe PMC/PubMed; Crossref,verified,journal-article,1.0,yes,https://doi.org/10.1038/s44222-023-00039-3,https://pubmed.ncbi.nlm.nih.gov/37168734/,https://europepmc.org/articles/PMC10010248,2026-08-30,"Metadata/title for all; abstract or full text only as stated. Machine-assisted coding, manually audited positives; no copyrighted body text retained."
R057,doi:10.1038/s44222-023-00024-w,10.1038/s44222-023-00024-w,36937095,PMC9926459,Paper-based sensors for bacteria detection.,2023-02-14,2023,Nature Reviews Bioengineering,Nat Rev Bioeng,Nature_Reviews,specialist review title central to bioengineering,review_narrative_or_unspecified,biomaterials_nanomedicine_delivery,eng,ppublish,95,11.8214,polymer,subscription_or_oa_unknown,abstract,yes,failed,not_applicable_no_full_text,not_assessed_without_full_text,abstract_or_title_only,low,not_assessed,,not_assessed,,not_assessed,not_assessed,,not_assessed,not_assessed,not_assessed,not_assessed,not_assessed,not_assessed,abstract_moves=scope_signpost+outlook_or_implication; body_structure=not_assessed,5,no,no,92,5,yes,no,no,yes,no,no,yes,,,,,not_assessed,not_assessed,not_assessed,not_assessed_without_full_text,Europe PMC/PubMed; Crossref,verified,journal-article,1.0,yes,https://doi.org/10.1038/s44222-023-00024-w,https://pubmed.ncbi.nlm.nih.gov/36937095/,https://europepmc.org/articles/PMC9926459,2026-08-30,"Metadata/title for all; abstract or full text only as stated. Machine-assisted coding, manually audited positives; no copyrighted body text retained."
R058,doi:10.1038/s44222-023-00044-6,10.1038/s44222-023-00044-6,37317690,PMC10030082,Plant-based biopharmaceutical engineering.,2023-03-21,2023,Nature Reviews Bioengineering,Nat Rev Bioeng,Nature_Reviews,specialist review title central to bioengineering,review_narrative_or_unspecified,biomaterials_nanomedicine_delivery,eng,ppublish,91,18.8073,high-throughput; nanoparticle; therapeutic,open_access_europepmc_full_text,full_text_xml,yes,success,license_not_machine_resolved,no_explicit_review_search_detected,full_text_audited_no_matching_review-search_section,moderate,not_reported,,not_reported,,no,not_reported,,no,no,no,no,no,no,abstract_moves=scope_signpost+synthesis_or_comparison; top_level_sections=13; introduction_heading=yes; conclusion_outlook_heading=yes; figures=4; tables=2; boxes=1,3,no,no,156,7,yes,yes,no,yes,yes,yes,no,13,4,2,1,yes,yes,no_or_embedded,thematic_synthesis_with_explicit_conclusion_or_outlook,Europe PMC/PubMed; Crossref,verified,journal-article,1.0,yes,https://doi.org/10.1038/s44222-023-00044-6,https://pubmed.ncbi.nlm.nih.gov/37317690/,https://europepmc.org/articles/PMC10030082,2026-08-30,"Metadata/title for all; abstract or full text only as stated. Machine-assisted coding, manually audited positives; no copyrighted body text retained."
R059,doi:10.1038/s44222-023-00025-9,10.1038/s44222-023-00025-9,37064655,PMC9901418,Smart micro- and nanorobots for water purification.,2023-02-06,2023,Nature Reviews Bioengineering,Nat Rev Bioeng,Nature_Reviews,specialist review title central to bioengineering,review_narrative_or_unspecified,chemistry_materials_and_sustainability,eng,ppublish,90,9.8036,materials,open_access_europepmc_full_text,full_text_xml,yes,success,license_not_machine_resolved,no_explicit_review_search_detected,full_text_audited_no_matching_review-search_section,moderate,not_reported,,not_reported,,no,not_reported,,no,no,no,no,no,no,abstract_moves=scope_signpost+outlook_or_implication; top_level_sections=10; introduction_heading=yes; conclusion_outlook_heading=yes; figures=4; tables=2; boxes=1,7,no,no,159,7,yes,no,no,yes,no,no,yes,10,4,2,1,yes,yes,no_or_embedded,thematic_synthesis_with_explicit_conclusion_or_outlook,Europe PMC/PubMed; Crossref,verified,journal-article,1.0,yes,https://doi.org/10.1038/s44222-023-00025-9,https://pubmed.ncbi.nlm.nih.gov/37064655/,https://europepmc.org/articles/PMC9901418,2026-08-30,"Metadata/title for all; abstract or full text only as stated. Machine-assisted coding, manually audited positives; no copyrighted body text retained."
R060,doi:10.1038/s44222-023-00055-3,10.1038/s44222-023-00055-3,37359773,PMC10127181,Synthetic extracellular matrices with function-encoding peptides.,2023-04-25,2023,Nature Reviews Bioengineering,Nat Rev Bioeng,Nature_Reviews,specialist review title central to bioengineering,review_narrative_or_unspecified,biomaterials_nanomedicine_delivery,eng,aheadofprint,115,22.8845,biomaterial; hydrogel; materials,open_access_europepmc_full_text,full_text_xml,yes,success,license_not_machine_resolved,no_explicit_review_search_detected,full_text_audited_no_matching_review-search_section,moderate,not_reported,,not_reported,,no,not_reported,,no,no,no,no,no,no,abstract_moves=scope_signpost; top_level_sections=16; introduction_heading=yes; conclusion_outlook_heading=yes; figures=3; tables=4; boxes=1,6,no,no,145,6,yes,no,no,yes,no,no,no,16,3,4,1,yes,yes,no_or_embedded,thematic_synthesis_with_explicit_conclusion_or_outlook,Europe PMC/PubMed; Crossref,verified,journal-article,1.0,yes,https://doi.org/10.1038/s44222-023-00055-3,https://pubmed.ncbi.nlm.nih.gov/37359773/,https://europepmc.org/articles/PMC10127181,2026-08-30,"Metadata/title for all; abstract or full text only as stated. Machine-assisted coding, manually audited positives; no copyrighted body text retained."
R061,doi:10.1038/s41568-020-00327-9,10.1038/s41568-020-00327-9,33514930,,Designing deep learning studies in cancer diagnostics.,2021-01-29,2021,Nature Reviews Cancer,Nat Rev Cancer,Nature_Reviews,specialist review title for disease biology and translation,perspective_review_type,AI_computation_and_data,eng,ppublish,214,16.2902,deep learning; neural network; cancer,subscription_or_oa_unknown,abstract,yes,not_attempted_no_pmcid,not_applicable_no_full_text,not_assessed_without_full_text,abstract_or_title_only,low,not_assessed,,not_assessed,,not_assessed,not_assessed,,not_assessed,not_assessed,not_assessed,not_assessed,not_assessed,not_assessed,abstract_moves=scope_signpost+outlook_or_implication; body_structure=not_assessed,7,no,no,167,7,yes,yes,no,yes,no,no,yes,,,,,not_assessed,not_assessed,not_assessed,not_assessed_without_full_text,Europe PMC/PubMed; Crossref,verified,journal-article,1.0,yes,https://doi.org/10.1038/s41568-020-00327-9,https://pubmed.ncbi.nlm.nih.gov/33514930/,,2026-08-30,"Metadata/title for all; abstract or full text only as stated. Machine-assisted coding, manually audited positives; no copyrighted body text retained."
R062,doi:10.1038/s41568-022-00502-0,10.1038/s41568-022-00502-0,36064595,PMC9443637,Big data in basic and translational cancer research.,2022-09-05,2022,Nature Reviews Cancer,Nat Rev Cancer,Nature_Reviews,specialist review title for disease biology and translation,review_narrative_or_unspecified,AI_computation_and_data,eng,ppublish,177,26.0273,artificial intelligence; computational; high-throughput; omics; cancer,open_access_europepmc_full_text,full_text_xml,yes,success,license_not_machine_resolved,no_explicit_review_search_detected,full_text_audited_no_matching_review-search_section,moderate,not_reported,,not_reported,,no,not_reported,,no,no,no,no,no,no,abstract_moves=scope_signpost+outlook_or_implication; top_level_sections=7; introduction_heading=yes; conclusion_outlook_heading=yes; figures=4; tables=4; boxes=0,8,no,no,131,6,yes,yes,no,yes,no,no,yes,7,4,4,0,yes,yes,yes,thematic_synthesis_with_explicit_conclusion_or_outlook,Europe PMC/PubMed; Crossref,verified,journal-article,1.0,yes,https://doi.org/10.1038/s41568-022-00502-0,https://pubmed.ncbi.nlm.nih.gov/36064595/,https://europepmc.org/articles/PMC9443637,2026-08-30,"Metadata/title for all; abstract or full text only as stated. Machine-assisted coding, manually audited positives; no copyrighted body text retained."
R063,doi:10.1038/s41568-021-00408-3,10.1038/s41568-021-00408-3,34663944,PMC8810682,Harnessing multimodal data integration to advance precision oncology.,2021-10-18,2022,Nature Reviews Cancer,Nat Rev Cancer,Nature_Reviews,specialist review title for disease biology and translation,perspective_review_type,AI_computation_and_data,eng,ppublish,381,36.2818,artificial intelligence; machine learning; computational; data-driven; omics; imaging; cancer,subscription_or_oa_unknown,abstract,yes,failed,not_applicable_no_full_text,not_assessed_without_full_text,abstract_or_title_only,low,not_assessed,,not_assessed,,not_assessed,not_assessed,,not_assessed,not_assessed,not_assessed,not_assessed,not_assessed,not_assessed,abstract_moves=outlook_or_implication; body_structure=not_assessed,8,no,no,155,7,yes,yes,no,no,no,yes,yes,,,,,not_assessed,not_assessed,not_assessed,not_assessed_without_full_text,Europe PMC/PubMed; Crossref,verified,journal-article,1.0,yes,https://doi.org/10.1038/s41568-021-00408-3,https://pubmed.ncbi.nlm.nih.gov/34663944/,https://europepmc.org/articles/PMC8810682,2026-08-30,"Metadata/title for all; abstract or full text only as stated. Machine-assisted coding, manually audited positives; no copyrighted body text retained."
R064,doi:10.1038/s41568-023-00576-4,10.1038/s41568-023-00576-4,37258875,,Advances in PET imaging of cancer.,2023-05-31,2023,Nature Reviews Cancer,Nat Rev Cancer,Nature_Reviews,specialist review title for disease biology and translation,review_narrative_or_unspecified,AI_computation_and_data,eng,ppublish,212,15.2871,machine learning; therapeutic; imaging; cancer,subscription_or_oa_unknown,abstract,yes,not_attempted_no_pmcid,not_applicable_no_full_text,not_assessed_without_full_text,abstract_or_title_only,low,not_assessed,,not_assessed,,not_assessed,not_assessed,,not_assessed,not_assessed,not_assessed,not_assessed,not_assessed,not_assessed,abstract_moves=not_machine_detected; body_structure=not_assessed,6,no,no,226,7,no,yes,no,no,no,no,no,,,,,not_assessed,not_assessed,not_assessed,not_assessed_without_full_text,Europe PMC/PubMed; Crossref,verified,journal-article,1.0,yes,https://doi.org/10.1038/s41568-023-00576-4,https://pubmed.ncbi.nlm.nih.gov/37258875/,,2026-08-30,"Metadata/title for all; abstract or full text only as stated. Machine-assisted coding, manually audited positives; no copyrighted body text retained."
R065,doi:10.1038/s41568-024-00694-7,10.1038/s41568-024-00694-7,38755439,,A guide to artificial intelligence for cancer researchers.,2024-05-16,2024,Nature Reviews Cancer,Nat Rev Cancer,Nature_Reviews,specialist review title for disease biology and translation,review_narrative_or_unspecified,AI_computation_and_data,eng,ppublish,129,19.1225,artificial intelligence; computational; drug discovery; cancer,subscription_or_oa_unknown,abstract,yes,not_attempted_no_pmcid,not_applicable_no_full_text,not_assessed_without_full_text,abstract_or_title_only,low,not_assessed,,not_assessed,,not_assessed,not_assessed,,not_assessed,not_assessed,not_assessed,not_assessed,not_assessed,not_assessed,abstract_moves=scope_signpost; body_structure=not_assessed,8,no,no,145,8,yes,no,no,yes,no,no,no,,,,,not_assessed,not_assessed,not_assessed,not_assessed_without_full_text,Europe PMC/PubMed; Crossref,verified,journal-article,1.0,yes,https://doi.org/10.1038/s41568-024-00694-7,https://pubmed.ncbi.nlm.nih.gov/38755439/,,2026-08-30,"Metadata/title for all; abstract or full text only as stated. Machine-assisted coding, manually audited positives; no copyrighted body text retained."
R066,doi:10.1038/s41568-024-00754-y,10.1038/s41568-024-00754-y,39433978,,Emerging strategies to investigate the biology of early cancer.,2024-10-21,2024,Nature Reviews Cancer,Nat Rev Cancer,Nature_Reviews,specialist review title for disease biology and translation,review_narrative_or_unspecified,AI_computation_and_data,eng,ppublish,38,20.7212,artificial intelligence; computational; single-cell; omics; imaging; cancer,subscription_or_oa_unknown,abstract,yes,not_attempted_no_pmcid,not_applicable_no_full_text,not_assessed_without_full_text,abstract_or_title_only,low,not_assessed,,not_assessed,,not_assessed,not_assessed,,not_assessed,not_assessed,not_assessed,not_assessed,not_assessed,not_assessed,abstract_moves=scope_signpost; body_structure=not_assessed,9,no,no,164,7,yes,yes,no,yes,no,yes,no,,,,,not_assessed,not_assessed,not_assessed,not_assessed_without_full_text,Europe PMC/PubMed; Crossref,verified,journal-article,1.0,yes,https://doi.org/10.1038/s41568-024-00754-y,https://pubmed.ncbi.nlm.nih.gov/39433978/,,2026-08-30,"Metadata/title for all; abstract or full text only as stated. Machine-assisted coding, manually audited positives; no copyrighted body text retained."
R067,doi:10.1038/s41568-025-00824-9,10.1038/s41568-025-00824-9,40461793,PMC12307123,Acquired resistance in cancer: towards targeted therapeutic strategies.,2025-06-03,2025,Nature Reviews Cancer,Nat Rev Cancer,Nature_Reviews,specialist review title for disease biology and translation,review_narrative_or_unspecified,AI_computation_and_data,eng,ppublish,95,30.8214,artificial intelligence; machine learning; high-throughput; therapeutic; cancer,subscription_or_oa_unknown,abstract,yes,failed,not_applicable_no_full_text,not_assessed_without_full_text,abstract_or_title_only,low,not_assessed,,not_assessed,,not_assessed,not_assessed,,not_assessed,not_assessed,not_assessed,not_assessed,not_assessed,not_assessed,abstract_moves=problem_or_gap+scope_signpost; body_structure=not_assessed,8,yes,no,201,8,yes,no,yes,yes,no,no,no,,,,,not_assessed,not_assessed,not_assessed,not_assessed_without_full_text,Europe PMC/PubMed; Crossref,verified,journal-article,1.0,yes,https://doi.org/10.1038/s41568-025-00824-9,https://pubmed.ncbi.nlm.nih.gov/40461793/,https://europepmc.org/articles/PMC12307123,2026-08-30,"Metadata/title for all; abstract or full text only as stated. Machine-assisted coding, manually audited positives; no copyrighted body text retained."
R068,doi:10.1038/s41568-025-00795-x,10.1038/s41568-025-00795-x,40038442,PMC13003562,Genomic and fragmentomic landscapes of cell-free DNA for early cancer detection.,2025-03-04,2025,Nature Reviews Cancer,Nat Rev Cancer,Nature_Reviews,specialist review title for disease biology and translation,review_narrative_or_unspecified,AI_computation_and_data,eng,ppublish,52,24.6234,artificial intelligence; machine learning; cancer,subscription_or_oa_unknown,abstract,yes,failed,not_applicable_no_full_text,not_assessed_without_full_text,abstract_or_title_only,low,not_assessed,,not_assessed,,not_assessed,not_assessed,,not_assessed,not_assessed,not_assessed,not_assessed,not_assessed,not_assessed,abstract_moves=scope_signpost; body_structure=not_assessed,11,no,no,204,8,yes,yes,no,yes,no,no,no,,,,,not_assessed,not_assessed,not_assessed,not_assessed_without_full_text,Europe PMC/PubMed; Crossref,verified,journal-article,1.0,yes,https://doi.org/10.1038/s41568-025-00795-x,https://pubmed.ncbi.nlm.nih.gov/40038442/,https://europepmc.org/articles/PMC13003562,2026-08-30,"Metadata/title for all; abstract or full text only as stated. Machine-assisted coding, manually audited positives; no copyrighted body text retained."
R069,doi:10.1038/s41568-025-00796-w,10.1038/s41568-025-00796-w,39972158,PMC12892427,Using mathematical modelling and AI to improve delivery and efficacy of therapies in cancer.,2025-02-19,2025,Nature Reviews Cancer,Nat Rev Cancer,Nature_Reviews,specialist review title for disease biology and translation,review_narrative_or_unspecified,AI_computation_and_data,eng,ppublish,38,35.5212,artificial intelligence; machine learning; data-driven; drug discovery; imaging; cancer,subscription_or_oa_unknown,abstract,yes,failed,not_applicable_no_full_text,not_assessed_without_full_text,abstract_or_title_only,low,not_assessed,,not_assessed,,not_assessed,not_assessed,,not_assessed,not_assessed,not_assessed,not_assessed,not_assessed,not_assessed,abstract_moves=scope_signpost; body_structure=not_assessed,14,no,no,209,8,yes,no,no,yes,no,no,no,,,,,not_assessed,not_assessed,not_assessed,not_assessed_without_full_text,Europe PMC/PubMed; Crossref,verified,journal-article,1.0,yes,https://doi.org/10.1038/s41568-025-00796-w,https://pubmed.ncbi.nlm.nih.gov/39972158/,https://europepmc.org/articles/PMC12892427,2026-08-30,"Metadata/title for all; abstract or full text only as stated. Machine-assisted coding, manually audited positives; no copyrighted body text retained."
R070,doi:10.1038/s41568-026-00950-y,10.1038/s41568-026-00950-y,42373751,,Imaging the hallmarks of cancer.,2026-06-29,2026,Nature Reviews Cancer,Nat Rev Cancer,Nature_Reviews,specialist review title for disease biology and translation,review_narrative_or_unspecified,AI_computation_and_data,eng,ppublish,0,22.5,artificial intelligence; deep learning; therapeutic; omics; imaging; cancer,subscription_or_oa_unknown,abstract,yes,not_attempted_no_pmcid,not_applicable_no_full_text,not_assessed_without_full_text,abstract_or_title_only,low,not_assessed,,not_assessed,,not_assessed,not_assessed,,not_assessed,not_assessed,not_assessed,not_assessed,not_assessed,not_assessed,abstract_moves=scope_signpost; body_structure=not_assessed,5,no,no,209,8,no,yes,no,yes,no,no,no,,,,,not_assessed,not_assessed,not_assessed,not_assessed_without_full_text,Europe PMC/PubMed; Crossref,verified,journal-article,1.0,yes,https://doi.org/10.1038/s41568-026-00950-y,https://pubmed.ncbi.nlm.nih.gov/42373751/,,2026-08-30,"Metadata/title for all; abstract or full text only as stated. Machine-assisted coding, manually audited positives; no copyrighted body text retained."
R071,doi:10.1038/s41570-021-00251-y,10.1038/s41570-021-00251-y,33585701,PMC7873672,Nuclease resistance of DNA nanostructures.,2021-02-10,2021,Nature Reviews Chemistry,Nat Rev Chem,Nature_Reviews,specialist review title spanning chemistry and materials,review_narrative_or_unspecified,biomaterials_nanomedicine_delivery,eng,ppublish,253,16.1458,drug delivery; imaging,open_access_europepmc_full_text,full_text_xml,yes,success,license_not_machine_resolved,no_explicit_review_search_detected,full_text_audited_no_matching_review-search_section,moderate,not_reported,,not_reported,,no,not_reported,,no,no,no,no,no,no,abstract_moves=scope_signpost+synthesis_or_comparison; top_level_sections=14; introduction_heading=yes; conclusion_outlook_heading=yes; figures=7; tables=1; boxes=1,5,no,no,153,6,no,no,no,yes,yes,no,no,14,7,1,1,yes,yes,no_or_embedded,thematic_synthesis_with_explicit_conclusion_or_outlook,Europe PMC/PubMed; Crossref,verified,journal-article,1.0,yes,https://doi.org/10.1038/s41570-021-00251-y,https://pubmed.ncbi.nlm.nih.gov/33585701/,https://europepmc.org/articles/PMC7873672,2026-08-30,"Metadata/title for all; abstract or full text only as stated. Machine-assisted coding, manually audited positives; no copyrighted body text retained."
R072,doi:10.1038/s41570-022-00420-7,10.1038/s41570-022-00420-7,37117490,,Chemical strategies to engineer hydrogels for cell culture.,2022-08-30,2022,Nature Reviews Chemistry,Nat Rev Chem,Nature_Reviews,specialist review title spanning chemistry and materials,review_narrative_or_unspecified,biomaterials_nanomedicine_delivery,eng,ppublish,266,27.3624,biomaterial; hydrogel; scaffold; tissue engineering; materials,subscription_or_oa_unknown,abstract,yes,not_attempted_no_pmcid,not_applicable_no_full_text,not_assessed_without_full_text,abstract_or_title_only,low,not_assessed,,not_assessed,,not_assessed,not_assessed,,not_assessed,not_assessed,not_assessed,not_assessed,not_assessed,not_assessed,abstract_moves=scope_signpost+outlook_or_implication; body_structure=not_assessed,8,no,no,186,7,yes,yes,no,yes,no,no,yes,,,,,not_assessed,not_assessed,not_assessed,not_assessed_without_full_text,Europe PMC/PubMed; Crossref,verified,journal-article,1.0,yes,https://doi.org/10.1038/s41570-022-00420-7,https://pubmed.ncbi.nlm.nih.gov/37117490/,,2026-08-30,"Metadata/title for all; abstract or full text only as stated. Machine-assisted coding, manually audited positives; no copyrighted body text retained."
R073,doi:10.1038/s41570-022-00424-3,10.1038/s41570-022-00424-3,37118096,,"Computational design of magnetic molecules and their environment using quantum chemistry, machine learning and multiscale simulations.",2022-10-10,2022,Nature Reviews Chemistry,Nat Rev Chem,Nature_Reviews,specialist review title spanning chemistry and materials,review_narrative_or_unspecified,AI_computation_and_data,eng,ppublish,33,20.1755,machine learning; computational; data-driven; materials; chemistry,subscription_or_oa_unknown,abstract,yes,not_attempted_no_pmcid,not_applicable_no_full_text,not_assessed_without_full_text,abstract_or_title_only,low,not_assessed,,not_assessed,,not_assessed,not_assessed,,not_assessed,not_assessed,not_assessed,not_assessed,not_assessed,not_assessed,abstract_moves=scope_signpost; body_structure=not_assessed,16,no,no,146,4,no,yes,no,yes,no,no,no,,,,,not_assessed,not_assessed,not_assessed,not_assessed_without_full_text,Europe PMC/PubMed; Crossref,verified,journal-article,1.0,yes,https://doi.org/10.1038/s41570-022-00424-3,https://pubmed.ncbi.nlm.nih.gov/37118096/,,2026-08-30,"Metadata/title for all; abstract or full text only as stated. Machine-assisted coding, manually audited positives; no copyrighted body text retained."
R074,doi:10.1038/s41570-022-00416-3,10.1038/s41570-022-00416-3,37117713,,Extending machine learning beyond interatomic potentials for predicting molecular properties.,2022-08-25,2022,Nature Reviews Chemistry,Nat Rev Chem,Nature_Reviews,specialist review title spanning chemistry and materials,review_narrative_or_unspecified,AI_computation_and_data,eng,ppublish,74,19.4392,machine learning; neural network; materials; chemistry,subscription_or_oa_unknown,abstract,yes,not_attempted_no_pmcid,not_applicable_no_full_text,not_assessed_without_full_text,abstract_or_title_only,low,not_assessed,,not_assessed,,not_assessed,not_assessed,,not_assessed,not_assessed,not_assessed,not_assessed,not_assessed,not_assessed,abstract_moves=scope_signpost+synthesis_or_comparison+outlook_or_implication; body_structure=not_assessed,10,no,no,186,8,yes,yes,no,yes,yes,no,yes,,,,,not_assessed,not_assessed,not_assessed,not_assessed_without_full_text,Europe PMC/PubMed; Crossref,verified,journal-article,1.0,yes,https://doi.org/10.1038/s41570-022-00416-3,https://pubmed.ncbi.nlm.nih.gov/37117713/,,2026-08-30,"Metadata/title for all; abstract or full text only as stated. Machine-assisted coding, manually audited positives; no copyrighted body text retained."
R075,doi:10.1038/s41570-022-00404-7,10.1038/s41570-022-00404-7,37118012,,Hydrogels as functional components in artificial cell systems.,2022-07-27,2022,Nature Reviews Chemistry,Nat Rev Chem,Nature_Reviews,specialist review title spanning chemistry and materials,review_narrative_or_unspecified,biomaterials_nanomedicine_delivery,eng,ppublish,106,31.0576,biomaterial; hydrogel; drug delivery; tissue engineering; therapeutic; materials,subscription_or_oa_unknown,abstract,yes,not_attempted_no_pmcid,not_applicable_no_full_text,not_assessed_without_full_text,abstract_or_title_only,low,not_assessed,,not_assessed,,not_assessed,not_assessed,,not_assessed,not_assessed,not_assessed,not_assessed,not_assessed,not_assessed,abstract_moves=scope_signpost; body_structure=not_assessed,8,no,no,184,7,yes,yes,no,yes,no,no,no,,,,,not_assessed,not_assessed,not_assessed,not_assessed_without_full_text,Europe PMC/PubMed; Crossref,verified,journal-article,1.0,yes,https://doi.org/10.1038/s41570-022-00404-7,https://pubmed.ncbi.nlm.nih.gov/37118012/,,2026-08-30,"Metadata/title for all; abstract or full text only as stated. Machine-assisted coding, manually audited positives; no copyrighted body text retained."
R076,doi:10.1038/s41570-023-00486-x,10.1038/s41570-023-00486-x,37165164,,Silk chemistry and biomedical material designs.,2023-04-21,2023,Nature Reviews Chemistry,Nat Rev Chem,Nature_Reviews,specialist review title spanning chemistry and materials,review_narrative_or_unspecified,biomaterials_nanomedicine_delivery,eng,ppublish,208,38.7808,generative; biomaterial; hydrogel; drug delivery; tissue engineering; regenerative; materials; chemistry,subscription_or_oa_unknown,abstract,yes,not_attempted_no_pmcid,not_applicable_no_full_text,not_assessed_without_full_text,abstract_or_title_only,low,not_assessed,,not_assessed,,not_assessed,not_assessed,,not_assessed,not_assessed,not_assessed,not_assessed,not_assessed,not_assessed,abstract_moves=scope_signpost+outlook_or_implication; body_structure=not_assessed,6,no,no,152,8,yes,no,no,yes,no,no,yes,,,,,not_assessed,not_assessed,not_assessed,not_assessed_without_full_text,Europe PMC/PubMed; Crossref,verified,journal-article,1.0,yes,https://doi.org/10.1038/s41570-023-00486-x,https://pubmed.ncbi.nlm.nih.gov/37165164/,,2026-08-30,"Metadata/title for all; abstract or full text only as stated. Machine-assisted coding, manually audited positives; no copyrighted body text retained."
R077,doi:10.1038/s41570-024-00623-0,10.1038/s41570-024-00623-0,38982260,PMC11823177,Three-dimensional saturated C(sp 3 )-rich bioisosteres for benzene.,2024-07-09,2024,Nature Reviews Chemistry,Nat Rev Chem,Nature_Reviews,specialist review title spanning chemistry and materials,review_narrative_or_unspecified,biomaterials_nanomedicine_delivery,eng,ppublish,160,13.4938,scaffold; chemistry,subscription_or_oa_unknown,abstract,yes,failed,not_applicable_no_full_text,not_assessed_without_full_text,abstract_or_title_only,low,not_assessed,,not_assessed,,not_assessed,not_assessed,,not_assessed,not_assessed,not_assessed,not_assessed,not_assessed,not_assessed,abstract_moves=scope_signpost+outlook_or_implication; body_structure=not_assessed,9,no,no,141,6,yes,yes,no,yes,no,no,yes,,,,,not_assessed,not_assessed,not_assessed,not_assessed_without_full_text,Europe PMC/PubMed; Crossref,verified,journal-article,0.9921,yes,https://doi.org/10.1038/s41570-024-00623-0,https://pubmed.ncbi.nlm.nih.gov/38982260/,https://europepmc.org/articles/PMC11823177,2026-08-30,"Metadata/title for all; abstract or full text only as stated. Machine-assisted coding, manually audited positives; no copyrighted body text retained."
R078,doi:10.1038/s41570-025-00770-y,10.1038/s41570-025-00770-y,41291238,PMC12831201,Chemical strategies for brain delivery of genomic therapy.,2025-11-25,2025,Nature Reviews Chemistry,Nat Rev Chem,Nature_Reviews,specialist review title spanning chemistry and materials,review_narrative_or_unspecified,biomaterials_nanomedicine_delivery,eng,ppublish,5,24.8973,polymer; nanoparticle; lipid nanoparticle; therapeutic,subscription_or_oa_unknown,abstract,yes,failed,not_applicable_no_full_text,not_assessed_without_full_text,abstract_or_title_only,low,not_assessed,,not_assessed,,not_assessed,not_assessed,,not_assessed,not_assessed,not_assessed,not_assessed,not_assessed,not_assessed,abstract_moves=scope_signpost+outlook_or_implication; body_structure=not_assessed,8,no,no,122,5,yes,yes,no,yes,no,no,yes,,,,,not_assessed,not_assessed,not_assessed,not_assessed_without_full_text,Europe PMC/PubMed; Crossref,verified,journal-article,1.0,yes,https://doi.org/10.1038/s41570-025-00770-y,https://pubmed.ncbi.nlm.nih.gov/41291238/,https://europepmc.org/articles/PMC12831201,2026-08-30,"Metadata/title for all; abstract or full text only as stated. Machine-assisted coding, manually audited positives; no copyrighted body text retained."
R079,doi:10.1038/s41570-025-00740-4,10.1038/s41570-025-00740-4,40681922,,Developing machine learning for heterogeneous catalysis with experimental and computational data.,2025-07-18,2025,Nature Reviews Chemistry,Nat Rev Chem,Nature_Reviews,specialist review title spanning chemistry and materials,review_narrative_or_unspecified,AI_computation_and_data,eng,ppublish,21,20.0303,machine learning; computational; high-throughput; materials; chemistry,subscription_or_oa_unknown,abstract,yes,not_attempted_no_pmcid,not_applicable_no_full_text,not_assessed_without_full_text,abstract_or_title_only,low,not_assessed,,not_assessed,,not_assessed,not_assessed,,not_assessed,not_assessed,not_assessed,not_assessed,not_assessed,not_assessed,abstract_moves=scope_signpost+synthesis_or_comparison; body_structure=not_assessed,11,no,no,152,6,yes,no,no,yes,yes,no,no,,,,,not_assessed,not_assessed,not_assessed,not_assessed_without_full_text,Europe PMC/PubMed; Crossref,verified,journal-article,1.0,yes,https://doi.org/10.1038/s41570-025-00740-4,https://pubmed.ncbi.nlm.nih.gov/40681922/,,2026-08-30,"Metadata/title for all; abstract or full text only as stated. Machine-assisted coding, manually audited positives; no copyrighted body text retained."
R080,doi:10.1038/s41570-026-00847-2,10.1038/s41570-026-00847-2,42533013,,"The past, present and future of self-driving laboratories.",2026-07-31,2026,Nature Reviews Chemistry,Nat Rev Chem,Nature_Reviews,specialist review title spanning chemistry and materials,review_narrative_or_unspecified,AI_computation_and_data,eng,ppublish,0,16.5,artificial intelligence; automation; robotic,subscription_or_oa_unknown,abstract,yes,not_attempted_no_pmcid,not_applicable_no_full_text,not_assessed_without_full_text,abstract_or_title_only,low,not_assessed,,not_assessed,,not_assessed,not_assessed,,not_assessed,not_assessed,not_assessed,not_assessed,not_assessed,not_assessed,abstract_moves=scope_signpost; body_structure=not_assessed,8,no,no,151,6,yes,no,no,yes,no,no,no,,,,,not_assessed,not_assessed,not_assessed,not_assessed_without_full_text,Europe PMC/PubMed; Crossref,verified,journal-article,1.0,yes,https://doi.org/10.1038/s41570-026-00847-2,https://pubmed.ncbi.nlm.nih.gov/42533013/,,2026-08-30,"Metadata/title for all; abstract or full text only as stated. Machine-assisted coding, manually audited positives; no copyrighted body text retained."
R081,doi:10.1038/d41573-021-00017-7,10.1038/d41573-021-00017-7,33495615,,The clinical landscape for AAV gene therapies.,2021-03-01,2021,Nature Reviews Drug Discovery,Nat Rev Drug Discov,Nature_Reviews,specialist review title spanning discovery and translation,systematic_review,molecular_and_cell_life_science,eng,ppublish,444,2.3327,,subscription_or_oa_unknown,title,no,not_attempted_no_pmcid,not_applicable_no_full_text,not_assessed_without_full_text,abstract_or_title_only,low,not_assessed,,not_assessed,,not_assessed,not_assessed,,not_assessed,not_assessed,not_assessed,not_assessed,not_assessed,not_assessed,abstract_moves=not_machine_detected; body_structure=not_assessed,7,no,no,0,0,no,no,no,no,no,no,no,,,,,not_assessed,not_assessed,not_assessed,not_assessed_without_full_text,Europe PMC/PubMed; Crossref,verified,journal-article,1.0,yes,https://doi.org/10.1038/d41573-021-00017-7,https://pubmed.ncbi.nlm.nih.gov/33495615/,,2026-08-30,"Metadata/title for all; abstract or full text only as stated. Machine-assisted coding, manually audited positives; no copyrighted body text retained."
R082,doi:10.1038/s41573-021-00283-5,10.1038/s41573-021-00283-5,34433919,PMC8386155,"mRNA vaccines for infectious diseases: principles, delivery and clinical translation.",2021-08-25,2021,Nature Reviews Drug Discovery,Nat Rev Drug Discov,Nature_Reviews,specialist review title spanning discovery and translation,review_narrative_or_unspecified,biomaterials_nanomedicine_delivery,eng,ppublish,1181,20.6583,nanoparticle; lipid nanoparticle,open_access_europepmc_full_text,full_text_xml,yes,success,license_not_machine_resolved,no_explicit_review_search_detected,full_text_audited_no_matching_review-search_section,moderate,not_reported,,not_reported,,no,not_reported,,no,no,no,no,no,no,abstract_moves=scope_signpost+outlook_or_implication; top_level_sections=12; introduction_heading=yes; conclusion_outlook_heading=yes; figures=4; tables=2; boxes=2,10,yes,no,120,5,yes,yes,no,yes,no,no,yes,12,4,2,2,yes,yes,no_or_embedded,thematic_synthesis_with_explicit_conclusion_or_outlook,Europe PMC/PubMed; Crossref,verified,journal-article,1.0,yes,https://doi.org/10.1038/s41573-021-00283-5,https://pubmed.ncbi.nlm.nih.gov/34433919/,https://europepmc.org/articles/PMC8386155,2026-08-30,"Metadata/title for all; abstract or full text only as stated. Machine-assisted coding, manually audited positives; no copyrighted body text retained."
R083,doi:10.1038/s41573-022-00476-6,10.1038/s41573-022-00476-6,35637318,PMC9149674,Engineering the next generation of cell-based therapeutics.,2022-05-30,2022,Nature Reviews Drug Discovery,Nat Rev Drug Discov,Nature_Reviews,specialist review title spanning discovery and translation,review_narrative_or_unspecified,biomaterials_nanomedicine_delivery,eng,ppublish,343,24.2469,biomaterial; synthetic biology; therapeutic; materials,open_access_europepmc_full_text,full_text_xml,yes,success,license_not_machine_resolved,no_explicit_review_search_detected,full_text_audited_no_matching_review-search_section,moderate,not_reported,,not_reported,,no,not_reported,,no,no,no,no,no,no,abstract_moves=not_machine_detected; top_level_sections=4; introduction_heading=yes; conclusion_outlook_heading=yes; figures=5; tables=4; boxes=2,7,no,no,100,3,no,yes,no,no,no,no,no,4,5,4,2,yes,yes,yes,thematic_synthesis_with_explicit_conclusion_or_outlook,Europe PMC/PubMed; Crossref,verified,journal-article,1.0,yes,https://doi.org/10.1038/s41573-022-00476-6,https://pubmed.ncbi.nlm.nih.gov/35637318/,https://europepmc.org/articles/PMC9149674,2026-08-30,"Metadata/title for all; abstract or full text only as stated. Machine-assisted coding, manually audited positives; no copyrighted body text retained."
R084,doi:10.1038/s41573-022-00612-2,10.1038/s41573-022-00612-2,36543887,PMC9768794,Amyotrophic lateral sclerosis: a neurodegenerative disorder poised for successful therapeutic translation.,2022-12-21,2023,Nature Reviews Drug Discovery,Nat Rev Drug Discov,Nature_Reviews,specialist review title spanning discovery and translation,review_narrative_or_unspecified,biotechnology_omics_and_methods,eng,ppublish,394,21.293,generative; drug discovery; therapeutic; imaging,open_access_europepmc_full_text,full_text_xml,yes,success,license_not_machine_resolved,no_explicit_review_search_detected,full_text_audited_no_matching_review-search_section,moderate,not_reported,,not_reported,,no,not_reported,,no,no,no,no,no,no,abstract_moves=problem_or_gap+scope_signpost; top_level_sections=6; introduction_heading=yes; conclusion_outlook_heading=yes; figures=3; tables=3; boxes=4,11,yes,no,160,8,yes,yes,yes,yes,no,no,no,6,3,3,4,yes,yes,no_or_embedded,thematic_synthesis_with_explicit_conclusion_or_outlook,Europe PMC/PubMed; Crossref,verified,journal-article,1.0,yes,https://doi.org/10.1038/s41573-022-00612-2,https://pubmed.ncbi.nlm.nih.gov/36543887/,https://europepmc.org/articles/PMC9768794,2026-08-30,"Metadata/title for all; abstract or full text only as stated. Machine-assisted coding, manually audited positives; no copyrighted body text retained."
R085,doi:10.1038/s41573-023-00774-7,10.1038/s41573-023-00774-7,37697042,PMC13118512,Artificial intelligence for natural product drug discovery.,2023-09-11,2023,Nature Reviews Drug Discovery,Nat Rev Drug Discov,Nature_Reviews,specialist review title spanning discovery and translation,review_narrative_or_unspecified,AI_computation_and_data,eng,ppublish,288,41.1888,artificial intelligence; machine learning; deep learning; computational; drug discovery; omics,subscription_or_oa_unknown,abstract,yes,failed,not_applicable_no_full_text,not_assessed_without_full_text,abstract_or_title_only,low,not_assessed,,not_assessed,,not_assessed,not_assessed,,not_assessed,not_assessed,not_assessed,not_assessed,not_assessed,not_assessed,abstract_moves=problem_or_gap+scope_signpost+outlook_or_implication; body_structure=not_assessed,7,no,no,113,4,yes,no,yes,yes,no,no,yes,,,,,not_assessed,not_assessed,not_assessed,not_assessed_without_full_text,Europe PMC/PubMed; Crossref,verified,journal-article,1.0,yes,https://doi.org/10.1038/s41573-023-00774-7,https://pubmed.ncbi.nlm.nih.gov/37697042/,https://europepmc.org/articles/PMC13118512,2026-08-30,"Metadata/title for all; abstract or full text only as stated. Machine-assisted coding, manually audited positives; no copyrighted body text retained."
R086,doi:10.1038/s41573-023-00762-x,10.1038/s41573-023-00762-x,37723222,,Drug delivery systems for CRISPR-based genome editors.,2023-09-18,2023,Nature Reviews Drug Discovery,Nat Rev Drug Discov,Nature_Reviews,specialist review title spanning discovery and translation,review_narrative_or_unspecified,biomaterials_nanomedicine_delivery,eng,ppublish,136,24.14,polymer; nanoparticle; drug delivery; lipid nanoparticle,subscription_or_oa_unknown,abstract,yes,not_attempted_no_pmcid,not_applicable_no_full_text,not_assessed_without_full_text,abstract_or_title_only,low,not_assessed,,not_assessed,,not_assessed,not_assessed,,not_assessed,not_assessed,not_assessed,not_assessed,not_assessed,not_assessed,abstract_moves=scope_signpost+outlook_or_implication; body_structure=not_assessed,7,no,no,93,5,yes,yes,no,yes,no,no,yes,,,,,not_assessed,not_assessed,not_assessed,not_assessed_without_full_text,Europe PMC/PubMed; Crossref,verified,journal-article,1.0,yes,https://doi.org/10.1038/s41573-023-00762-x,https://pubmed.ncbi.nlm.nih.gov/37723222/,,2026-08-30,"Metadata/title for all; abstract or full text only as stated. Machine-assisted coding, manually audited positives; no copyrighted body text retained."
R087,doi:10.1038/s41573-024-00974-9,10.1038/s41573-024-00974-9,38951662,,Enhancing in situ cancer vaccines using delivery technologies.,2024-07-01,2024,Nature Reviews Drug Discovery,Nat Rev Drug Discov,Nature_Reviews,specialist review title spanning discovery and translation,review_narrative_or_unspecified,biomaterials_nanomedicine_delivery,eng,ppublish,121,31.1013,hydrogel; polymer; nanoparticle; lipid nanoparticle; scaffold; therapeutic; cancer,subscription_or_oa_unknown,abstract,yes,not_attempted_no_pmcid,not_applicable_no_full_text,not_assessed_without_full_text,abstract_or_title_only,low,not_assessed,,not_assessed,,not_assessed,not_assessed,,not_assessed,not_assessed,not_assessed,not_assessed,not_assessed,not_assessed,abstract_moves=scope_signpost+outlook_or_implication; body_structure=not_assessed,8,no,no,183,7,yes,yes,no,yes,no,no,yes,,,,,not_assessed,not_assessed,not_assessed,not_assessed_without_full_text,Europe PMC/PubMed; Crossref,verified,journal-article,1.0,yes,https://doi.org/10.1038/s41573-024-00974-9,https://pubmed.ncbi.nlm.nih.gov/38951662/,,2026-08-30,"Metadata/title for all; abstract or full text only as stated. Machine-assisted coding, manually audited positives; no copyrighted body text retained."
R088,doi:10.1038/s41573-023-00832-0,10.1038/s41573-023-00832-0,38066301,,Integrating QSAR modelling and deep learning in drug discovery: the emergence of deep QSAR.,2023-12-08,2024,Nature Reviews Drug Discovery,Nat Rev Drug Discov,Nature_Reviews,specialist review title spanning discovery and translation,review_narrative_or_unspecified,AI_computation_and_data,eng,ppublish,215,29.2918,artificial intelligence; deep learning; generative; computational; drug discovery,subscription_or_oa_unknown,abstract,yes,not_attempted_no_pmcid,not_applicable_no_full_text,not_assessed_without_full_text,abstract_or_title_only,low,not_assessed,,not_assessed,,not_assessed,not_assessed,,not_assessed,not_assessed,not_assessed,not_assessed,not_assessed,not_assessed,abstract_moves=problem_or_gap; body_structure=not_assessed,14,yes,no,146,4,yes,yes,yes,no,no,no,no,,,,,not_assessed,not_assessed,not_assessed,not_assessed_without_full_text,Europe PMC/PubMed; Crossref,verified,journal-article,1.0,yes,https://doi.org/10.1038/s41573-023-00832-0,https://pubmed.ncbi.nlm.nih.gov/38066301/,,2026-08-30,"Metadata/title for all; abstract or full text only as stated. Machine-assisted coding, manually audited positives; no copyrighted body text retained."
R089,doi:10.1038/s41573-024-01089-x,10.1038/s41573-024-01089-x,39681737,,Harnessing the biology of regulatory T cells to treat disease.,2024-12-16,2025,Nature Reviews Drug Discovery,Nat Rev Drug Discov,Nature_Reviews,specialist review title spanning discovery and translation,review_narrative_or_unspecified,biomaterials_nanomedicine_delivery,eng,ppublish,45,15.2762,nanomedicine; synthetic biology; cell biology; cancer,subscription_or_oa_unknown,abstract,yes,not_attempted_no_pmcid,not_applicable_no_full_text,not_assessed_without_full_text,abstract_or_title_only,low,not_assessed,,not_assessed,,not_assessed,not_assessed,,not_assessed,not_assessed,not_assessed,not_assessed,not_assessed,not_assessed,abstract_moves=scope_signpost+synthesis_or_comparison; body_structure=not_assessed,10,no,no,217,8,yes,yes,no,yes,yes,no,no,,,,,not_assessed,not_assessed,not_assessed,not_assessed_without_full_text,Europe PMC/PubMed; Crossref,verified,journal-article,1.0,yes,https://doi.org/10.1038/s41573-024-01089-x,https://pubmed.ncbi.nlm.nih.gov/39681737/,,2026-08-30,"Metadata/title for all; abstract or full text only as stated. Machine-assisted coding, manually audited positives; no copyrighted body text retained."
R090,doi:10.1038/s41573-025-01273-7,10.1038/s41573-025-01273-7,40935881,,Synthetic lethality in cancer drug discovery: challenges and opportunities.,2025-09-11,2026,Nature Reviews Drug Discovery,Nat Rev Drug Discov,Nature_Reviews,specialist review title spanning discovery and translation,review_narrative_or_unspecified,AI_computation_and_data,eng,ppublish,6,20.1486,machine learning; drug discovery; single-cell; imaging; cancer,subscription_or_oa_unknown,abstract,yes,not_attempted_no_pmcid,not_applicable_no_full_text,not_assessed_without_full_text,abstract_or_title_only,low,not_assessed,,not_assessed,,not_assessed,not_assessed,,not_assessed,not_assessed,not_assessed,not_assessed,not_assessed,not_assessed,abstract_moves=scope_signpost+synthesis_or_comparison; body_structure=not_assessed,9,yes,no,191,8,yes,yes,no,yes,yes,no,no,,,,,not_assessed,not_assessed,not_assessed,not_assessed_without_full_text,Europe PMC/PubMed; Crossref,verified,journal-article,1.0,yes,https://doi.org/10.1038/s41573-025-01273-7,https://pubmed.ncbi.nlm.nih.gov/40935881/,,2026-08-30,"Metadata/title for all; abstract or full text only as stated. Machine-assisted coding, manually audited positives; no copyrighted body text retained."
R091,doi:10.1038/s41578-021-00358-0,10.1038/s41578-021-00358-0,34394960,PMC8353930,Lipid nanoparticles for mRNA delivery.,2021-08-10,2021,Nature Reviews Materials,Nat Rev Mater,Nature_Reviews,specialist review title central to materials and biomaterials,review_narrative_or_unspecified,biomaterials_nanomedicine_delivery,eng,ppublish,3045,23.8,nanoparticle; lipid nanoparticle; therapeutic; cancer,open_access_europepmc_full_text,full_text_xml,yes,success,license_not_machine_resolved,no_explicit_review_search_detected,full_text_audited_no_matching_review-search_section,moderate,not_reported,,not_reported,,no,not_reported,,no,no,no,no,no,no,abstract_moves=scope_signpost+synthesis_or_comparison+outlook_or_implication; top_level_sections=8; introduction_heading=yes; conclusion_outlook_heading=yes; figures=4; tables=2; boxes=2,5,no,no,157,6,yes,yes,no,yes,yes,yes,yes,8,4,2,2,yes,yes,no_or_embedded,thematic_synthesis_with_explicit_conclusion_or_outlook,Europe PMC/PubMed; Crossref,verified,journal-article,1.0,yes,https://doi.org/10.1038/s41578-021-00358-0,https://pubmed.ncbi.nlm.nih.gov/34394960/,https://europepmc.org/articles/PMC8353930,2026-08-30,"Metadata/title for all; abstract or full text only as stated. Machine-assisted coding, manually audited positives; no copyrighted body text retained."
R092,doi:10.1038/s41578-021-00315-x,10.1038/s41578-021-00315-x,34026278,PMC8132739,Multifunctional biomolecule nanostructures for cancer therapy.,2021-05-19,2021,Nature Reviews Materials,Nat Rev Mater,Nature_Reviews,specialist review title central to materials and biomaterials,review_narrative_or_unspecified,biomaterials_nanomedicine_delivery,eng,ppublish,304,21.2068,nanomedicine; drug delivery; cancer,open_access_europepmc_full_text,full_text_xml,yes,success,license_not_machine_resolved,no_explicit_review_search_detected,full_text_audited_no_matching_review-search_section,moderate,not_reported,,not_reported,,no,not_reported,,no,no,no,no,no,no,abstract_moves=problem_or_gap+scope_signpost; top_level_sections=4; introduction_heading=yes; conclusion_outlook_heading=yes; figures=3; tables=2; boxes=2,6,no,no,126,5,yes,no,yes,yes,no,no,no,4,3,2,2,yes,yes,yes,thematic_synthesis_with_explicit_conclusion_or_outlook,Europe PMC/PubMed; Crossref,verified,journal-article,1.0,yes,https://doi.org/10.1038/s41578-021-00315-x,https://pubmed.ncbi.nlm.nih.gov/34026278/,https://europepmc.org/articles/PMC8132739,2026-08-30,"Metadata/title for all; abstract or full text only as stated. Machine-assisted coding, manually audited positives; no copyrighted body text retained."
R093,doi:10.1038/s41578-021-00381-1,10.1038/s41578-021-00381-1,34691764,PMC8527305,A framework for developing sex-specific engineered heart models.,2021-10-20,2022,Nature Reviews Materials,Nat Rev Mater,Nature_Reviews,specialist review title central to materials and biomaterials,review_narrative_or_unspecified,bioengineering_regeneration_synthetic_biology,eng,ppublish,43,15.0614,tissue engineering; cell biology,open_access_europepmc_full_text,full_text_xml,yes,success,license_not_machine_resolved,no_explicit_review_search_detected,full_text_audited_no_matching_review-search_section,moderate,not_reported,,not_reported,,no,not_reported,,no,no,no,no,no,no,abstract_moves=problem_or_gap+scope_signpost+outlook_or_implication; top_level_sections=5; introduction_heading=yes; conclusion_outlook_heading=yes; figures=3; tables=3; boxes=1,8,no,no,150,6,yes,no,yes,yes,no,no,yes,5,3,3,1,yes,yes,no_or_embedded,thematic_synthesis_with_explicit_conclusion_or_outlook,Europe PMC/PubMed; Crossref,verified,journal-article,1.0,yes,https://doi.org/10.1038/s41578-021-00381-1,https://pubmed.ncbi.nlm.nih.gov/34691764/,https://europepmc.org/articles/PMC8527305,2026-08-30,"Metadata/title for all; abstract or full text only as stated. Machine-assisted coding, manually audited positives; no copyrighted body text retained."
R094,doi:10.1038/s41578-022-00426-z,10.1038/s41578-022-00426-z,35251702,PMC8884103,Design of therapeutic biomaterials to control inflammation.,2022-02-28,2022,Nature Reviews Materials,Nat Rev Mater,Nature_Reviews,specialist review title central to materials and biomaterials,review_narrative_or_unspecified,biomaterials_nanomedicine_delivery,eng,ppublish,362,20.2648,biomaterial; therapeutic; materials; cancer,open_access_europepmc_full_text,full_text_xml,yes,success,license_not_machine_resolved,no_explicit_review_search_detected,full_text_audited_no_matching_review-search_section,moderate,not_reported,,not_reported,,no,not_reported,,no,no,no,no,no,no,abstract_moves=scope_signpost; top_level_sections=14; introduction_heading=yes; conclusion_outlook_heading=yes; figures=6; tables=1; boxes=0,7,no,no,153,8,yes,no,no,yes,no,no,no,14,6,1,0,yes,yes,yes,thematic_synthesis_with_explicit_conclusion_or_outlook,Europe PMC/PubMed; Crossref,verified,journal-article,1.0,yes,https://doi.org/10.1038/s41578-022-00426-z,https://pubmed.ncbi.nlm.nih.gov/35251702/,https://europepmc.org/articles/PMC8884103,2026-08-30,"Metadata/title for all; abstract or full text only as stated. Machine-assisted coding, manually audited positives; no copyrighted body text retained."
R095,doi:10.1038/s41578-021-00372-2,10.1038/s41578-021-00372-2,34603749,PMC8477997,Designing spatial and temporal control of vaccine responses.,2021-09-28,2022,Nature Reviews Materials,Nat Rev Mater,Nature_Reviews,specialist review title central to materials and biomaterials,review_narrative_or_unspecified,biomaterials_nanomedicine_delivery,eng,ppublish,266,21.1624,hydrogel; nanoparticle; materials,open_access_europepmc_full_text,full_text_xml,yes,success,license_not_machine_resolved,no_explicit_review_search_detected,full_text_audited_no_matching_review-search_section,moderate,not_reported,,not_reported,,no,not_reported,,no,no,no,no,no,no,abstract_moves=problem_or_gap+scope_signpost+outlook_or_implication; top_level_sections=9; introduction_heading=yes; conclusion_outlook_heading=yes; figures=6; tables=0; boxes=2,8,no,no,150,6,yes,yes,yes,yes,no,yes,yes,9,6,0,2,yes,yes,no_or_embedded,thematic_synthesis_with_explicit_conclusion_or_outlook,Europe PMC/PubMed; Crossref,verified,journal-article,1.0,yes,https://doi.org/10.1038/s41578-021-00372-2,https://pubmed.ncbi.nlm.nih.gov/34603749/,https://europepmc.org/articles/PMC8477997,2026-08-30,"Metadata/title for all; abstract or full text only as stated. Machine-assisted coding, manually audited positives; no copyrighted body text retained."
R096,doi:10.1038/s41578-022-00447-8,10.1038/s41578-022-00447-8,35669037,PMC9154041,Engineering the multiscale complexity of vascular networks.,2022-05-31,2022,Nature Reviews Materials,Nat Rev Mater,Nature_Reviews,specialist review title central to materials and biomaterials,review_narrative_or_unspecified,bioengineering_regeneration_synthetic_biology,eng,ppublish,192,19.0542,generative; regenerative; materials; cancer,open_access_europepmc_full_text,full_text_xml,yes,success,license_not_machine_resolved,no_explicit_review_search_detected,full_text_audited_no_matching_review-search_section,moderate,not_reported,,not_reported,,no,not_reported,,no,no,no,no,no,no,abstract_moves=scope_signpost; top_level_sections=10; introduction_heading=yes; conclusion_outlook_heading=yes; figures=5; tables=0; boxes=2,7,no,no,184,8,no,yes,no,yes,no,yes,no,10,5,0,2,yes,yes,no_or_embedded,thematic_synthesis_with_explicit_conclusion_or_outlook,Europe PMC/PubMed; Crossref,verified,journal-article,1.0,yes,https://doi.org/10.1038/s41578-022-00447-8,https://pubmed.ncbi.nlm.nih.gov/35669037/,https://europepmc.org/articles/PMC9154041,2026-08-30,"Metadata/title for all; abstract or full text only as stated. Machine-assisted coding, manually audited positives; no copyrighted body text retained."
R097,doi:10.1038/s41578-022-00450-z,10.1038/s41578-022-00450-z,35757102,PMC9208549,Responsive materials architected in space and time.,2022-06-20,2022,Nature Reviews Materials,Nat Rev Mater,Nature_Reviews,specialist review title central to materials and biomaterials,review_narrative_or_unspecified,AI_computation_and_data,eng,ppublish,93,15.8144,neural network; materials,open_access_europepmc_full_text,full_text_xml,yes,success,license_not_machine_resolved,no_explicit_review_search_detected,full_text_audited_no_matching_review-search_section,moderate,not_reported,,not_reported,,no,not_reported,,no,no,no,no,no,no,abstract_moves=problem_or_gap+scope_signpost+outlook_or_implication; top_level_sections=4; introduction_heading=yes; conclusion_outlook_heading=yes; figures=6; tables=1; boxes=0,7,no,no,153,6,yes,no,yes,yes,no,no,yes,4,6,1,0,yes,yes,no_or_embedded,thematic_synthesis_with_explicit_conclusion_or_outlook,Europe PMC/PubMed; Crossref,verified,journal-article,1.0,yes,https://doi.org/10.1038/s41578-022-00450-z,https://pubmed.ncbi.nlm.nih.gov/35757102/,https://europepmc.org/articles/PMC9208549,2026-08-30,"Metadata/title for all; abstract or full text only as stated. Machine-assisted coding, manually audited positives; no copyrighted body text retained."
R098,doi:10.1038/s41578-022-00490-5,10.1038/s41578-022-00490-5,36277083,PMC9579620,Machine learning for a sustainable energy future.,2022-10-18,2023,Nature Reviews Materials,Nat Rev Mater,Nature_Reviews,specialist review title central to materials and biomaterials,perspective_review_type,AI_computation_and_data,eng,ppublish,90,17.8036,machine learning; materials,open_access_europepmc_full_text,full_text_xml,yes,success,license_not_machine_resolved,no_explicit_review_search_detected,full_text_audited_no_matching_review-search_section,moderate,not_reported,,not_reported,,no,not_reported,,no,no,no,no,no,no,abstract_moves=problem_or_gap+scope_signpost+synthesis_or_comparison+outlook_or_implication; top_level_sections=6; introduction_heading=yes; conclusion_outlook_heading=yes; figures=3; tables=2; boxes=2,7,no,no,146,6,yes,yes,yes,yes,yes,yes,yes,6,3,2,2,yes,yes,no_or_embedded,thematic_synthesis_with_explicit_conclusion_or_outlook,Europe PMC/PubMed; Crossref,verified,journal-article,1.0,yes,https://doi.org/10.1038/s41578-022-00490-5,https://pubmed.ncbi.nlm.nih.gov/36277083/,https://europepmc.org/articles/PMC9579620,2026-08-30,"Metadata/title for all; abstract or full text only as stated. Machine-assisted coding, manually audited positives; no copyrighted body text retained."
R099,doi:10.1038/s41578-022-00529-7,10.1038/s41578-022-00529-7,36691401,PMC9850348,"Passive, active and endogenous organ-targeted lipid and polymer nanoparticles for delivery of genetic drugs.",2023-01-19,2023,Nature Reviews Materials,Nat Rev Mater,Nature_Reviews,specialist review title central to materials and biomaterials,review_narrative_or_unspecified,biomaterials_nanomedicine_delivery,eng,ppublish,488,19.3641,polymer; nanoparticle; materials,open_access_europepmc_full_text,full_text_xml,yes,success,license_not_machine_resolved,no_explicit_review_search_detected,full_text_audited_no_matching_review-search_section,moderate,not_reported,,not_reported,,no,not_reported,,no,no,no,no,no,no,abstract_moves=scope_signpost; top_level_sections=7; introduction_heading=yes; conclusion_outlook_heading=yes; figures=3; tables=2; boxes=2,14,no,no,163,7,yes,yes,no,yes,no,no,no,7,3,2,2,yes,yes,no_or_embedded,thematic_synthesis_with_explicit_conclusion_or_outlook,Europe PMC/PubMed; Crossref,verified,journal-article,1.0,yes,https://doi.org/10.1038/s41578-022-00529-7,https://pubmed.ncbi.nlm.nih.gov/36691401/,https://europepmc.org/articles/PMC9850348,2026-08-30,"Metadata/title for all; abstract or full text only as stated. Machine-assisted coding, manually audited positives; no copyrighted body text retained."
R100,doi:10.1038/s41578-023-00552-2,10.1038/s41578-023-00552-2,37361608,PMC10037407,The protein corona from nanomedicine to environmental science.,2023-03-24,2023,Nature Reviews Materials,Nat Rev Mater,Nature_Reviews,specialist review title central to materials and biomaterials,review_narrative_or_unspecified,AI_computation_and_data,eng,aheadofprint,395,33.7938,artificial intelligence; nanoparticle; nanomedicine; therapeutic; materials; biotechnology,open_access_europepmc_full_text,full_text_xml,yes,success,license_not_machine_resolved,no_explicit_review_search_detected,full_text_audited_no_matching_review-search_section,moderate,not_reported,,not_reported,,no,not_reported,,no,no,no,no,no,no,abstract_moves=problem_or_gap+scope_signpost; top_level_sections=12; introduction_heading=yes; conclusion_outlook_heading=yes; figures=4; tables=0; boxes=3,8,no,no,139,5,yes,yes,yes,yes,no,yes,no,12,4,0,3,yes,yes,yes,thematic_synthesis_with_explicit_conclusion_or_outlook,Europe PMC/PubMed; Crossref,verified,journal-article,1.0,yes,https://doi.org/10.1038/s41578-023-00552-2,https://pubmed.ncbi.nlm.nih.gov/37361608/,https://europepmc.org/articles/PMC10037407,2026-08-30,"Metadata/title for all; abstract or full text only as stated. Machine-assisted coding, manually audited positives; no copyrighted body text retained."
R101,doi:10.1038/s41579-021-00511-0,10.1038/s41579-021-00511-0,33558691,PMC7868659,"Treatment strategies for cryptococcal infection: challenges, advances and future outlook.",2021-02-08,2021,Nature Reviews Microbiology,Nat Rev Microbiol,Nature_Reviews,specialist review title for microbiology and biotechnology,review_narrative_or_unspecified,chemistry_materials_and_sustainability,eng,ppublish,271,21.1686,high-throughput; drug discovery; therapeutic; omics,open_access_europepmc_full_text,full_text_xml,yes,success,license_not_machine_resolved,no_explicit_review_search_detected,full_text_audited_no_matching_review-search_section,moderate,not_reported,,not_reported,,no,not_reported,,no,no,no,no,no,no,abstract_moves=scope_signpost; top_level_sections=14; introduction_heading=yes; conclusion_outlook_heading=yes; figures=2; tables=1; boxes=3,10,yes,no,212,9,yes,yes,no,yes,no,yes,no,14,2,1,3,yes,yes,no_or_embedded,thematic_synthesis_with_explicit_conclusion_or_outlook,Europe PMC/PubMed; Crossref,verified,journal-article,1.0,yes,https://doi.org/10.1038/s41579-021-00511-0,https://pubmed.ncbi.nlm.nih.gov/33558691/,https://europepmc.org/articles/PMC7868659,2026-08-30,"Metadata/title for all; abstract or full text only as stated. Machine-assisted coding, manually audited positives; no copyrighted body text retained."
R102,doi:10.1038/s41579-022-00731-y,10.1038/s41579-022-00731-y,35478222,PMC9045034,Anti-tuberculosis treatment strategies and drug development: challenges and priorities.,2022-04-27,2022,Nature Reviews Microbiology,Nat Rev Microbiol,Nature_Reviews,specialist review title for microbiology and biotechnology,review_narrative_or_unspecified,therapeutics_and_drug_discovery,eng,ppublish,367,13.2694,drug discovery,open_access_europepmc_full_text,full_text_xml,yes,success,license_not_machine_resolved,no_explicit_review_search_detected,full_text_audited_no_matching_review-search_section,moderate,not_reported,,not_reported,,no,not_reported,,no,no,no,no,no,no,abstract_moves=problem_or_gap+scope_signpost+synthesis_or_comparison; top_level_sections=15; introduction_heading=yes; conclusion_outlook_heading=yes; figures=4; tables=2; boxes=1,9,yes,no,141,5,yes,no,yes,yes,yes,yes,no,15,4,2,1,yes,yes,yes,thematic_synthesis_with_explicit_conclusion_or_outlook,Europe PMC/PubMed; Crossref,verified,journal-article,1.0,yes,https://doi.org/10.1038/s41579-022-00731-y,https://pubmed.ncbi.nlm.nih.gov/35478222/,https://europepmc.org/articles/PMC9045034,2026-08-30,"Metadata/title for all; abstract or full text only as stated. Machine-assisted coding, manually audited positives; no copyrighted body text retained."
R103,doi:10.1038/s41579-022-00777-y,10.1038/s41579-022-00777-y,35995950,PMC9395782,Anti-trypanosomatid drug discovery: progress and challenges.,2022-08-22,2023,Nature Reviews Microbiology,Nat Rev Microbiol,Nature_Reviews,specialist review title for microbiology and biotechnology,review_narrative_or_unspecified,therapeutics_and_drug_discovery,eng,ppublish,139,12.9472,drug discovery,open_access_europepmc_full_text,full_text_xml,yes,success,license_not_machine_resolved,no_explicit_review_search_detected,full_text_audited_no_matching_review-search_section,moderate,not_reported,,not_reported,,no,not_reported,,no,no,no,no,no,no,abstract_moves=problem_or_gap+scope_signpost+outlook_or_implication; top_level_sections=6; introduction_heading=yes; conclusion_outlook_heading=yes; figures=4; tables=1; boxes=2,6,yes,no,118,4,yes,yes,yes,yes,no,yes,yes,6,4,1,2,yes,yes,yes,thematic_synthesis_with_explicit_conclusion_or_outlook,Europe PMC/PubMed; Crossref,verified,journal-article,1.0,yes,https://doi.org/10.1038/s41579-022-00777-y,https://pubmed.ncbi.nlm.nih.gov/35995950/,https://europepmc.org/articles/PMC9395782,2026-08-30,"Metadata/title for all; abstract or full text only as stated. Machine-assisted coding, manually audited positives; no copyrighted body text retained."
R104,doi:10.1038/s41579-022-00770-5,10.1038/s41579-022-00770-5,35931816,PMC9362539,Epstein-Barr virus and multiple sclerosis.,2022-08-05,2023,Nature Reviews Microbiology,Nat Rev Microbiol,Nature_Reviews,specialist review title for microbiology and biotechnology,review_narrative_or_unspecified,disease_immunology_and_microbiology,eng,ppublish,377,13.2783,generative; cancer,open_access_europepmc_full_text,full_text_xml,yes,success,license_not_machine_resolved,no_explicit_review_search_detected,full_text_audited_no_matching_review-search_section,moderate,not_reported,,not_reported,,no,not_reported,,no,no,no,no,no,no,abstract_moves=scope_signpost+synthesis_or_comparison; top_level_sections=13; introduction_heading=yes; conclusion_outlook_heading=yes; figures=4; tables=1; boxes=2,5,no,no,180,7,yes,yes,no,yes,yes,no,no,13,4,1,2,yes,yes,no_or_embedded,thematic_synthesis_with_explicit_conclusion_or_outlook,Europe PMC/PubMed; Crossref,verified,journal-article,0.9877,yes,https://doi.org/10.1038/s41579-022-00770-5,https://pubmed.ncbi.nlm.nih.gov/35931816/,https://europepmc.org/articles/PMC9362539,2026-08-30,"Metadata/title for all; abstract or full text only as stated. Machine-assisted coding, manually audited positives; no copyrighted body text retained."
R105,doi:10.1038/s41579-023-00888-0,10.1038/s41579-023-00888-0,37138047,PMC13306846,Roles of the gut microbiome in weight management.,2023-05-03,2023,Nature Reviews Microbiology,Nat Rev Microbiol,Nature_Reviews,specialist review title for microbiology and biotechnology,meta_analysis,chemistry_materials_and_sustainability,eng,ppublish,79,7.7607,,subscription_or_oa_unknown,abstract,yes,failed,not_applicable_no_full_text,not_assessed_without_full_text,abstract_or_title_only,low,not_assessed,,not_assessed,,not_assessed,not_assessed,,not_assessed,not_assessed,not_assessed,not_assessed,not_assessed,not_assessed,abstract_moves=problem_or_gap+scope_signpost+synthesis_or_comparison; body_structure=not_assessed,8,no,no,171,6,yes,yes,yes,yes,yes,no,no,,,,,not_assessed,not_assessed,not_assessed,not_assessed_without_full_text,Europe PMC/PubMed; Crossref,verified,journal-article,1.0,yes,https://doi.org/10.1038/s41579-023-00888-0,https://pubmed.ncbi.nlm.nih.gov/37138047/,https://europepmc.org/articles/PMC13306846,2026-08-30,"Metadata/title for all; abstract or full text only as stated. Machine-assisted coding, manually audited positives; no copyrighted body text retained."
R106,doi:10.1038/s41579-024-01045-x,10.1038/s41579-024-01045-x,38730101,PMC7616364,"Bacteriocin diversity, function, discovery and application as antimicrobials.",2024-05-10,2024,Nature Reviews Microbiology,Nat Rev Microbiol,Nature_Reviews,specialist review title for microbiology and biotechnology,review_narrative_or_unspecified,bioengineering_regeneration_synthetic_biology,eng,ppublish,162,14.9979,bioengineering; therapeutic,open_access_europepmc_full_text,full_text_xml,yes,success,CC_BY,no_explicit_review_search_detected,full_text_audited_no_matching_review-search_section,moderate,not_reported,,not_reported,,no,not_reported,,no,no,no,no,no,no,abstract_moves=scope_signpost; top_level_sections=7; introduction_heading=yes; conclusion_outlook_heading=yes; figures=1; tables=0; boxes=1,8,no,no,193,10,yes,no,no,yes,no,yes,no,7,1,0,1,yes,yes,no_or_embedded,thematic_synthesis_with_explicit_conclusion_or_outlook,Europe PMC/PubMed; Crossref,verified,journal-article,1.0,yes,https://doi.org/10.1038/s41579-024-01045-x,https://pubmed.ncbi.nlm.nih.gov/38730101/,https://europepmc.org/articles/PMC7616364,2026-08-30,"Metadata/title for all; abstract or full text only as stated. Machine-assisted coding, manually audited positives; no copyrighted body text retained."
R107,doi:10.1038/s41579-023-00984-1,10.1038/s41579-023-00984-1,37968359,PMC11980903,Machine learning for microbiologists.,2023-11-15,2024,Nature Reviews Microbiology,Nat Rev Microbiol,Nature_Reviews,specialist review title for microbiology and biotechnology,review_narrative_or_unspecified,AI_computation_and_data,eng,ppublish,140,17.4496,machine learning; microbiology,subscription_or_oa_unknown,abstract,yes,failed,not_applicable_no_full_text,not_assessed_without_full_text,abstract_or_title_only,low,not_assessed,,not_assessed,,not_assessed,not_assessed,,not_assessed,not_assessed,not_assessed,not_assessed,not_assessed,not_assessed,abstract_moves=scope_signpost+synthesis_or_comparison; body_structure=not_assessed,4,no,no,101,4,yes,no,no,yes,yes,no,no,,,,,not_assessed,not_assessed,not_assessed,not_assessed_without_full_text,Europe PMC/PubMed; Crossref,verified,journal-article,1.0,yes,https://doi.org/10.1038/s41579-023-00984-1,https://pubmed.ncbi.nlm.nih.gov/37968359/,https://europepmc.org/articles/PMC11980903,2026-08-30,"Metadata/title for all; abstract or full text only as stated. Machine-assisted coding, manually audited positives; no copyrighted body text retained."
R108,doi:10.1038/s41579-025-01163-0,10.1038/s41579-025-01163-0,40065181,PMC12289240,Microbiota in inflammatory bowel disease: mechanisms of disease and therapeutic opportunities.,2025-03-10,2025,Nature Reviews Microbiology,Nat Rev Microbiol,Nature_Reviews,specialist review title for microbiology and biotechnology,review_narrative_or_unspecified,biotechnology_omics_and_methods,eng,ppublish,124,11.9094,therapeutic; omics,subscription_or_oa_unknown,abstract,yes,failed,not_applicable_no_full_text,not_assessed_without_full_text,abstract_or_title_only,low,not_assessed,,not_assessed,,not_assessed,not_assessed,,not_assessed,not_assessed,not_assessed,not_assessed,not_assessed,not_assessed,abstract_moves=scope_signpost+synthesis_or_comparison+outlook_or_implication; body_structure=not_assessed,11,yes,no,189,7,yes,no,no,yes,yes,no,yes,,,,,not_assessed,not_assessed,not_assessed,not_assessed_without_full_text,Europe PMC/PubMed; Crossref,verified,journal-article,1.0,yes,https://doi.org/10.1038/s41579-025-01163-0,https://pubmed.ncbi.nlm.nih.gov/40065181/,https://europepmc.org/articles/PMC12289240,2026-08-30,"Metadata/title for all; abstract or full text only as stated. Machine-assisted coding, manually audited positives; no copyrighted body text retained."
R109,doi:10.1038/s41579-026-01316-9,10.1038/s41579-026-01316-9,42135467,,Concepts of RNA virus evolution for the design of better antiviral countermeasures.,2026-05-14,2026,Nature Reviews Microbiology,Nat Rev Microbiol,Nature_Reviews,specialist review title for microbiology and biotechnology,review_narrative_or_unspecified,AI_computation_and_data,eng,ppublish,0,15.5,artificial intelligence; computational; high-throughput,subscription_or_oa_unknown,abstract,yes,not_attempted_no_pmcid,not_applicable_no_full_text,not_assessed_without_full_text,abstract_or_title_only,low,not_assessed,,not_assessed,,not_assessed,not_assessed,,not_assessed,not_assessed,not_assessed,not_assessed,not_assessed,not_assessed,abstract_moves=scope_signpost+outlook_or_implication; body_structure=not_assessed,12,no,no,198,8,yes,yes,no,yes,no,no,yes,,,,,not_assessed,not_assessed,not_assessed,not_assessed_without_full_text,Europe PMC/PubMed; Crossref,verified,journal-article,1.0,yes,https://doi.org/10.1038/s41579-026-01316-9,https://pubmed.ncbi.nlm.nih.gov/42135467/,,2026-08-30,"Metadata/title for all; abstract or full text only as stated. Machine-assisted coding, manually audited positives; no copyrighted body text retained."
R110,doi:10.1038/s41579-026-01311-0,10.1038/s41579-026-01311-0,42104000,,Next-generation probiotics: an outlook into current applications and future developments.,2026-05-08,2026,Nature Reviews Microbiology,Nat Rev Microbiol,Nature_Reviews,specialist review title for microbiology and biotechnology,review_narrative_or_unspecified,AI_computation_and_data,eng,ppublish,1,13.731,artificial intelligence; computational; therapeutic,subscription_or_oa_unknown,abstract,yes,not_attempted_no_pmcid,not_applicable_no_full_text,not_assessed_without_full_text,abstract_or_title_only,low,not_assessed,,not_assessed,,not_assessed,not_assessed,,not_assessed,not_assessed,not_assessed,not_assessed,not_assessed,not_assessed,abstract_moves=scope_signpost; body_structure=not_assessed,10,yes,no,156,4,yes,yes,no,yes,no,no,no,,,,,not_assessed,not_assessed,not_assessed,not_assessed_without_full_text,Europe PMC/PubMed; Crossref,verified,journal-article,1.0,yes,https://doi.org/10.1038/s41579-026-01311-0,https://pubmed.ncbi.nlm.nih.gov/42104000/,,2026-08-30,"Metadata/title for all; abstract or full text only as stated. Machine-assisted coding, manually audited positives; no copyrighted body text retained."
R111,doi:10.1038/s41580-021-00392-4,10.1038/s41580-021-00392-4,34302147,PMC8300085,"Machinery, regulation and pathophysiological implications of autophagosome maturation.",2021-07-23,2021,Nature Reviews Molecular Cell Biology,Nat Rev Mol Cell Biol,Nature_Reviews,specialist review title for mechanistic life science,review_narrative_or_unspecified,chemistry_materials_and_sustainability,eng,ppublish,472,17.353,generative; therapeutic; materials; cancer,open_access_europepmc_full_text,full_text_xml,yes,success,license_not_machine_resolved,no_explicit_review_search_detected,full_text_audited_no_matching_review-search_section,moderate,not_reported,,not_reported,,no,not_reported,,no,no,no,no,no,no,abstract_moves=scope_signpost; top_level_sections=15; introduction_heading=yes; conclusion_outlook_heading=yes; figures=5; tables=1; boxes=2,8,no,no,232,9,yes,yes,no,yes,no,no,no,15,5,1,2,yes,yes,no_or_embedded,thematic_synthesis_with_explicit_conclusion_or_outlook,Europe PMC/PubMed; Crossref,verified,journal-article,1.0,yes,https://doi.org/10.1038/s41580-021-00392-4,https://pubmed.ncbi.nlm.nih.gov/34302147/,https://europepmc.org/articles/PMC8300085,2026-08-30,"Metadata/title for all; abstract or full text only as stated. Machine-assisted coding, manually audited positives; no copyrighted body text retained."
R112,doi:10.1038/s41580-021-00407-0,10.1038/s41580-021-00407-0,34518686,,A guide to machine learning for biologists.,2021-09-13,2022,Nature Reviews Molecular Cell Biology,Nat Rev Mol Cell Biol,Nature_Reviews,specialist review title for mechanistic life science,review_narrative_or_unspecified,AI_computation_and_data,eng,ppublish,1307,16.8921,machine learning; neural network,subscription_or_oa_unknown,abstract,yes,not_attempted_no_pmcid,not_applicable_no_full_text,not_assessed_without_full_text,abstract_or_title_only,low,not_assessed,,not_assessed,,not_assessed,not_assessed,,not_assessed,not_assessed,not_assessed,not_assessed,not_assessed,not_assessed,abstract_moves=scope_signpost+synthesis_or_comparison; body_structure=not_assessed,7,no,no,127,5,yes,yes,no,yes,yes,no,no,,,,,not_assessed,not_assessed,not_assessed,not_assessed_without_full_text,Europe PMC/PubMed; Crossref,verified,journal-article,1.0,yes,https://doi.org/10.1038/s41580-021-00407-0,https://pubmed.ncbi.nlm.nih.gov/34518686/,,2026-08-30,"Metadata/title for all; abstract or full text only as stated. Machine-assisted coding, manually audited positives; no copyrighted body text retained."
R113,doi:10.1038/s41580-022-00507-5,10.1038/s41580-022-00507-5,35798852,PMC9261900,Context-specific regulation and function of mRNA alternative polyadenylation.,2022-07-07,2022,Nature Reviews Molecular Cell Biology,Nat Rev Mol Cell Biol,Nature_Reviews,specialist review title for mechanistic life science,review_narrative_or_unspecified,biotechnology_omics_and_methods,eng,ppublish,312,18.2154,generative; therapeutic; single-cell; cancer,open_access_europepmc_full_text,full_text_xml,yes,success,license_not_machine_resolved,no_explicit_review_search_detected,full_text_audited_no_matching_review-search_section,moderate,not_reported,,not_reported,,no,not_reported,,no,no,no,no,no,no,abstract_moves=scope_signpost; top_level_sections=8; introduction_heading=yes; conclusion_outlook_heading=yes; figures=7; tables=1; boxes=0,8,no,no,205,9,yes,yes,no,yes,no,no,no,8,7,1,0,yes,yes,no_or_embedded,thematic_synthesis_with_explicit_conclusion_or_outlook,Europe PMC/PubMed; Crossref,verified,journal-article,1.0,yes,https://doi.org/10.1038/s41580-022-00507-5,https://pubmed.ncbi.nlm.nih.gov/35798852/,https://europepmc.org/articles/PMC9261900,2026-08-30,"Metadata/title for all; abstract or full text only as stated. Machine-assisted coding, manually audited positives; no copyrighted body text retained."
R114,doi:10.1038/s41580-021-00432-z,10.1038/s41580-021-00432-z,34824452,PMC8613731,Structures and functions of coronavirus replication-transcription complexes and their relevance for SARS-CoV-2 drug design.,2021-11-25,2022,Nature Reviews Molecular Cell Biology,Nat Rev Mol Cell Biol,Nature_Reviews,specialist review title for mechanistic life science,review_narrative_or_unspecified,biomaterials_nanomedicine_delivery,eng,ppublish,445,17.3334,polymer; drug discovery,open_access_europepmc_full_text,full_text_xml,yes,success,license_not_machine_resolved,no_explicit_review_search_detected,full_text_audited_no_matching_review-search_section,moderate,not_reported,,not_reported,,no,not_reported,,no,no,no,no,no,no,abstract_moves=scope_signpost; top_level_sections=15; introduction_heading=yes; conclusion_outlook_heading=yes; figures=6; tables=1; boxes=2,14,no,no,181,9,yes,yes,no,yes,no,no,no,15,6,1,2,yes,yes,no_or_embedded,thematic_synthesis_with_explicit_conclusion_or_outlook,Europe PMC/PubMed; Crossref,verified,journal-article,0.9959,yes,https://doi.org/10.1038/s41580-021-00432-z,https://pubmed.ncbi.nlm.nih.gov/34824452/,https://europepmc.org/articles/PMC8613731,2026-08-30,"Metadata/title for all; abstract or full text only as stated. Machine-assisted coding, manually audited positives; no copyrighted body text retained."
R115,doi:10.1038/s41580-022-00510-w,10.1038/s41580-022-00510-w,35859206,PMC9879573,Ageing and rejuvenation of tissue stem cells and their niches.,2022-07-20,2023,Nature Reviews Molecular Cell Biology,Nat Rev Mol Cell Biol,Nature_Reviews,specialist review title for mechanistic life science,review_narrative_or_unspecified,bioengineering_regeneration_synthetic_biology,eng,ppublish,311,16.2143,generative; regenerative,subscription_or_oa_unknown,abstract,yes,failed,not_applicable_no_full_text,not_assessed_without_full_text,abstract_or_title_only,low,not_assessed,,not_assessed,,not_assessed,not_assessed,,not_assessed,not_assessed,not_assessed,not_assessed,not_assessed,not_assessed,abstract_moves=scope_signpost+synthesis_or_comparison+outlook_or_implication; body_structure=not_assessed,10,no,no,191,9,yes,no,no,yes,yes,no,yes,,,,,not_assessed,not_assessed,not_assessed,not_assessed_without_full_text,Europe PMC/PubMed; Crossref,verified,journal-article,1.0,yes,https://doi.org/10.1038/s41580-022-00510-w,https://pubmed.ncbi.nlm.nih.gov/35859206/,https://europepmc.org/articles/PMC9879573,2026-08-30,"Metadata/title for all; abstract or full text only as stated. Machine-assisted coding, manually audited positives; no copyrighted body text retained."
R116,doi:10.1038/s41580-023-00615-w,10.1038/s41580-023-00615-w,37280296,PMC10242609,The technological landscape and applications of single-cell multi-omics.,2023-06-06,2023,Nature Reviews Molecular Cell Biology,Nat Rev Mol Cell Biol,Nature_Reviews,specialist review title for mechanistic life science,review_narrative_or_unspecified,AI_computation_and_data,eng,ppublish,836,19.0433,computational; single-cell; omics; cell biology; cancer,open_access_europepmc_full_text,full_text_xml,yes,success,license_not_machine_resolved,no_explicit_review_search_detected,full_text_audited_no_matching_review-search_section,moderate,not_reported,,not_reported,,no,not_reported,,no,no,no,no,no,no,abstract_moves=scope_signpost; top_level_sections=13; introduction_heading=yes; conclusion_outlook_heading=yes; figures=4; tables=3; boxes=1,8,no,no,156,6,yes,yes,no,yes,no,no,no,13,4,3,1,yes,yes,no_or_embedded,thematic_synthesis_with_explicit_conclusion_or_outlook,Europe PMC/PubMed; Crossref,verified,journal-article,1.0,yes,https://doi.org/10.1038/s41580-023-00615-w,https://pubmed.ncbi.nlm.nih.gov/37280296/,https://europepmc.org/articles/PMC10242609,2026-08-30,"Metadata/title for all; abstract or full text only as stated. Machine-assisted coding, manually audited positives; no copyrighted body text retained."
R117,doi:10.1038/s41580-024-00718-y,10.1038/s41580-024-00718-y,38565617,PMC7616297,Opportunities and challenges in design and optimization of protein function.,2024-04-02,2024,Nature Reviews Molecular Cell Biology,Nat Rev Mol Cell Biol,Nature_Reviews,specialist review title for mechanistic life science,review_narrative_or_unspecified,AI_computation_and_data,eng,ppublish,131,28.4276,machine learning; computational; protein design; therapeutic; chemistry,subscription_or_oa_unknown,abstract,yes,failed,not_applicable_no_full_text,not_assessed_without_full_text,abstract_or_title_only,low,not_assessed,,not_assessed,,not_assessed,not_assessed,,not_assessed,not_assessed,not_assessed,not_assessed,not_assessed,not_assessed,abstract_moves=scope_signpost+outlook_or_implication; body_structure=not_assessed,10,no,no,179,8,yes,yes,no,yes,no,no,yes,,,,,not_assessed,not_assessed,not_assessed,not_assessed_without_full_text,Europe PMC/PubMed; Crossref,verified,journal-article,1.0,yes,https://doi.org/10.1038/s41580-024-00718-y,https://pubmed.ncbi.nlm.nih.gov/38565617/,https://europepmc.org/articles/PMC7616297,2026-08-30,"Metadata/title for all; abstract or full text only as stated. Machine-assisted coding, manually audited positives; no copyrighted body text retained."
R118,doi:10.1038/s41580-025-00857-w,10.1038/s41580-025-00857-w,40537558,,Decoding the interactions and functions of non-coding RNA with artificial intelligence.,2025-06-19,2025,Nature Reviews Molecular Cell Biology,Nat Rev Mol Cell Biol,Nature_Reviews,specialist review title for mechanistic life science,review_narrative_or_unspecified,AI_computation_and_data,eng,ppublish,9,18.2675,artificial intelligence; neural network; computational,subscription_or_oa_unknown,abstract,yes,not_attempted_no_pmcid,not_applicable_no_full_text,not_assessed_without_full_text,abstract_or_title_only,low,not_assessed,,not_assessed,,not_assessed,not_assessed,,not_assessed,not_assessed,not_assessed,not_assessed,not_assessed,not_assessed,abstract_moves=scope_signpost; body_structure=not_assessed,11,no,no,155,7,yes,no,no,yes,no,no,no,,,,,not_assessed,not_assessed,not_assessed,not_assessed_without_full_text,Europe PMC/PubMed; Crossref,verified,journal-article,1.0,yes,https://doi.org/10.1038/s41580-025-00857-w,https://pubmed.ncbi.nlm.nih.gov/40537558/,,2026-08-30,"Metadata/title for all; abstract or full text only as stated. Machine-assisted coding, manually audited positives; no copyrighted body text retained."
R119,doi:10.1038/s41580-024-00768-2,10.1038/s41580-024-00768-2,39169166,,Profiling cell identity and tissue architecture with single-cell and spatial transcriptomics.,2024-08-21,2025,Nature Reviews Molecular Cell Biology,Nat Rev Mol Cell Biol,Nature_Reviews,specialist review title for mechanistic life science,review_narrative_or_unspecified,AI_computation_and_data,eng,ppublish,196,24.7611,deep learning; foundation model; computational; single-cell; omics; cell biology,subscription_or_oa_unknown,abstract,yes,not_attempted_no_pmcid,not_applicable_no_full_text,not_assessed_without_full_text,abstract_or_title_only,low,not_assessed,,not_assessed,,not_assessed,not_assessed,,not_assessed,not_assessed,not_assessed,not_assessed,not_assessed,not_assessed,abstract_moves=scope_signpost+outlook_or_implication; body_structure=not_assessed,11,no,no,180,8,yes,yes,no,yes,no,no,yes,,,,,not_assessed,not_assessed,not_assessed,not_assessed_without_full_text,Europe PMC/PubMed; Crossref,verified,journal-article,1.0,yes,https://doi.org/10.1038/s41580-024-00768-2,https://pubmed.ncbi.nlm.nih.gov/39169166/,,2026-08-30,"Metadata/title for all; abstract or full text only as stated. Machine-assisted coding, manually audited positives; no copyrighted body text retained."
R120,doi:10.1038/s41580-025-00918-0,10.1038/s41580-025-00918-0,41478876,,Advancing single-cell omics and cell-based therapeutics with quantum computing.,2026-01-02,2026,Nature Reviews Molecular Cell Biology,Nat Rev Mol Cell Biol,Nature_Reviews,specialist review title for mechanistic life science,review_narrative_or_unspecified,AI_computation_and_data,eng,ppublish,0,18.5,artificial intelligence; computational; therapeutic; single-cell; omics,subscription_or_oa_unknown,abstract,yes,not_attempted_no_pmcid,not_applicable_no_full_text,not_assessed_without_full_text,abstract_or_title_only,low,not_assessed,,not_assessed,,not_assessed,not_assessed,,not_assessed,not_assessed,not_assessed,not_assessed,not_assessed,not_assessed,abstract_moves=scope_signpost; body_structure=not_assessed,9,no,no,145,5,yes,yes,no,yes,no,no,no,,,,,not_assessed,not_assessed,not_assessed,not_assessed_without_full_text,Europe PMC/PubMed; Crossref,verified,journal-article,1.0,yes,https://doi.org/10.1038/s41580-025-00918-0,https://pubmed.ncbi.nlm.nih.gov/41478876/,,2026-08-30,"Metadata/title for all; abstract or full text only as stated. Machine-assisted coding, manually audited positives; no copyrighted body text retained."
R121,doi:10.1038/s41551-020-00681-x,10.1038/s41551-020-00681-x,33589781,PMC8118147,Harnessing non-destructive 3D pathology.,2021-02-15,2021,Nature Biomedical Engineering,Nat Biomed Eng,Nature_specialist,selective interdisciplinary bioengineering journal,perspective_review_type,AI_computation_and_data,eng,ppublish,117,24.8902,machine learning; computational; high-throughput; imaging,subscription_or_oa_unknown,abstract,yes,failed,not_applicable_no_full_text,not_assessed_without_full_text,abstract_or_title_only,low,not_assessed,,not_assessed,,not_assessed,not_assessed,,not_assessed,not_assessed,not_assessed,not_assessed,not_assessed,not_assessed,abstract_moves=scope_signpost+outlook_or_implication; body_structure=not_assessed,4,no,no,154,6,yes,yes,no,yes,no,no,yes,,,,,not_assessed,not_assessed,not_assessed,not_assessed_without_full_text,Europe PMC/PubMed; Crossref,verified,journal-article,1.0,yes,https://doi.org/10.1038/s41551-020-00681-x,https://pubmed.ncbi.nlm.nih.gov/33589781/,https://europepmc.org/articles/PMC8118147,2026-08-30,"Metadata/title for all; abstract or full text only as stated. Machine-assisted coding, manually audited positives; no copyrighted body text retained."
R122,doi:10.1038/s41551-022-00942-x,10.1038/s41551-022-00942-x,36316368,PMC10699434,Graph representation learning in biomedicine and healthcare.,2022-10-31,2022,Nature Biomedical Engineering,Nat Biomed Eng,Nature_specialist,selective interdisciplinary bioengineering journal,perspective_review_type,AI_computation_and_data,eng,ppublish,143,18.9566,machine learning; single-cell,subscription_or_oa_unknown,abstract,yes,failed,not_applicable_no_full_text,not_assessed_without_full_text,abstract_or_title_only,low,not_assessed,,not_assessed,,not_assessed,not_assessed,,not_assessed,not_assessed,not_assessed,not_assessed,not_assessed,not_assessed,abstract_moves=outlook_or_implication; body_structure=not_assessed,7,no,no,127,4,yes,no,no,no,no,no,yes,,,,,not_assessed,not_assessed,not_assessed,not_assessed_without_full_text,Europe PMC/PubMed; Crossref,verified,journal-article,1.0,yes,https://doi.org/10.1038/s41551-022-00942-x,https://pubmed.ncbi.nlm.nih.gov/36316368/,https://europepmc.org/articles/PMC10699434,2026-08-30,"Metadata/title for all; abstract or full text only as stated. Machine-assisted coding, manually audited positives; no copyrighted body text retained."
R123,doi:10.1038/s41551-022-00914-1,10.1038/s41551-022-00914-1,35953649,,Self-supervised learning in medicine and healthcare.,2022-08-11,2022,Nature Biomedical Engineering,Nat Biomed Eng,Nature_specialist,selective interdisciplinary bioengineering journal,review_narrative_or_unspecified,AI_computation_and_data,eng,ppublish,291,18.3923,artificial intelligence; machine learning,subscription_or_oa_unknown,abstract,yes,not_attempted_no_pmcid,not_applicable_no_full_text,not_assessed_without_full_text,abstract_or_title_only,low,not_assessed,,not_assessed,,not_assessed,not_assessed,,not_assessed,not_assessed,not_assessed,not_assessed,not_assessed,not_assessed,abstract_moves=scope_signpost; body_structure=not_assessed,6,no,no,115,5,yes,no,no,yes,no,no,no,,,,,not_assessed,not_assessed,not_assessed,not_assessed_without_full_text,Europe PMC/PubMed; Crossref,verified,journal-article,1.0,yes,https://doi.org/10.1038/s41551-022-00914-1,https://pubmed.ncbi.nlm.nih.gov/35953649/,,2026-08-30,"Metadata/title for all; abstract or full text only as stated. Machine-assisted coding, manually audited positives; no copyrighted body text retained."
R124,doi:10.1038/s41551-022-00898-y,10.1038/s41551-022-00898-y,35788685,PMC12063568,Shifting machine learning for healthcare from development to deployment and from models to data.,2022-07-04,2022,Nature Biomedical Engineering,Nat Biomed Eng,Nature_specialist,selective interdisciplinary bioengineering journal,review_narrative_or_unspecified,AI_computation_and_data,eng,ppublish,214,24.0902,machine learning; generative; automation,subscription_or_oa_unknown,abstract,yes,failed,not_applicable_no_full_text,not_assessed_without_full_text,abstract_or_title_only,low,not_assessed,,not_assessed,,not_assessed,not_assessed,,not_assessed,not_assessed,not_assessed,not_assessed,not_assessed,not_assessed,abstract_moves=problem_or_gap+scope_signpost; body_structure=not_assessed,14,no,no,140,5,yes,yes,yes,yes,no,no,no,,,,,not_assessed,not_assessed,not_assessed,not_assessed_without_full_text,Europe PMC/PubMed; Crossref,verified,journal-article,1.0,yes,https://doi.org/10.1038/s41551-022-00898-y,https://pubmed.ncbi.nlm.nih.gov/35788685/,https://europepmc.org/articles/PMC12063568,2026-08-30,"Metadata/title for all; abstract or full text only as stated. Machine-assisted coding, manually audited positives; no copyrighted body text retained."
R125,doi:10.1038/s41551-023-01056-8,10.1038/s41551-023-01056-8,37380750,PMC10632090,Algorithmic fairness in artificial intelligence for medicine and healthcare.,2023-06-28,2023,Nature Biomedical Engineering,Nat Biomed Eng,Nature_specialist,selective interdisciplinary bioengineering journal,perspective_review_type,AI_computation_and_data,eng,ppublish,323,24.2269,artificial intelligence; machine learning,subscription_or_oa_unknown,abstract,yes,failed,not_applicable_no_full_text,not_assessed_without_full_text,abstract_or_title_only,low,not_assessed,,not_assessed,,not_assessed,not_assessed,,not_assessed,not_assessed,not_assessed,not_assessed,not_assessed,not_assessed,abstract_moves=scope_signpost+outlook_or_implication; body_structure=not_assessed,9,no,no,106,4,yes,yes,no,yes,no,no,yes,,,,,not_assessed,not_assessed,not_assessed,not_assessed_without_full_text,Europe PMC/PubMed; Crossref,verified,journal-article,1.0,yes,https://doi.org/10.1038/s41551-023-01056-8,https://pubmed.ncbi.nlm.nih.gov/37380750/,https://europepmc.org/articles/PMC10632090,2026-08-30,"Metadata/title for all; abstract or full text only as stated. Machine-assisted coding, manually audited positives; no copyrighted body text retained."
R126,doi:10.1038/s41551-024-01230-6,10.1038/s41551-024-01230-6,38951139,PMC11646559,Cell-drug conjugates.,2024-07-01,2024,Nature Biomedical Engineering,Nat Biomed Eng,Nature_specialist,selective interdisciplinary bioengineering journal,review_narrative_or_unspecified,biomaterials_nanomedicine_delivery,eng,ppublish,39,16.5296,drug delivery; therapeutic; cancer,subscription_or_oa_unknown,abstract,yes,failed,not_applicable_no_full_text,not_assessed_without_full_text,abstract_or_title_only,low,not_assessed,,not_assessed,,not_assessed,not_assessed,,not_assessed,not_assessed,not_assessed,not_assessed,not_assessed,not_assessed,abstract_moves=scope_signpost; body_structure=not_assessed,2,no,no,98,4,yes,no,no,yes,no,no,no,,,,,not_assessed,not_assessed,not_assessed,not_assessed_without_full_text,Europe PMC/PubMed; Crossref,verified,journal-article,0.9744,yes,https://doi.org/10.1038/s41551-024-01230-6,https://pubmed.ncbi.nlm.nih.gov/38951139/,https://europepmc.org/articles/PMC11646559,2026-08-30,"Metadata/title for all; abstract or full text only as stated. Machine-assisted coding, manually audited positives; no copyrighted body text retained."
R127,doi:10.1038/s41551-023-01115-0,10.1038/s41551-023-01115-0,37932379,,A framework for integrating artificial intelligence for clinical care with continuous therapeutic monitoring.,2023-11-06,2025,Nature Biomedical Engineering,Nat Biomed Eng,Nature_specialist,selective interdisciplinary bioengineering journal,review_narrative_or_unspecified,AI_computation_and_data,eng,ppublish,25,19.586,artificial intelligence; machine learning; therapeutic,subscription_or_oa_unknown,abstract,yes,not_attempted_no_pmcid,not_applicable_no_full_text,not_assessed_without_full_text,abstract_or_title_only,low,not_assessed,,not_assessed,,not_assessed,not_assessed,,not_assessed,not_assessed,not_assessed,not_assessed,not_assessed,not_assessed,abstract_moves=scope_signpost; body_structure=not_assessed,13,no,no,148,6,yes,yes,no,yes,no,no,no,,,,,not_assessed,not_assessed,not_assessed,not_assessed_without_full_text,Europe PMC/PubMed; Crossref,verified,journal-article,1.0,yes,https://doi.org/10.1038/s41551-023-01115-0,https://pubmed.ncbi.nlm.nih.gov/37932379/,,2026-08-30,"Metadata/title for all; abstract or full text only as stated. Machine-assisted coding, manually audited positives; no copyrighted body text retained."
R128,doi:10.1038/s41551-025-01511-8,10.1038/s41551-025-01511-8,41102346,PMC12673502,"Targeting and tracking mRNA lipid nanoparticles at the particle, transcript and protein level.",2025-10-16,2025,Nature Biomedical Engineering,Nat Biomed Eng,Nature_specialist,selective interdisciplinary bioengineering journal,review_narrative_or_unspecified,biomaterials_nanomedicine_delivery,eng,ppublish,12,32.655,nanoparticle; lipid nanoparticle; bioengineering; synthetic biology; therapeutic; chemistry,subscription_or_oa_unknown,abstract,yes,failed,not_applicable_no_full_text,not_assessed_without_full_text,abstract_or_title_only,low,not_assessed,,not_assessed,,not_assessed,not_assessed,,not_assessed,not_assessed,not_assessed,not_assessed,not_assessed,not_assessed,abstract_moves=scope_signpost; body_structure=not_assessed,13,no,no,144,6,yes,yes,no,yes,no,no,no,,,,,not_assessed,not_assessed,not_assessed,not_assessed_without_full_text,Europe PMC/PubMed; Crossref,verified,journal-article,1.0,yes,https://doi.org/10.1038/s41551-025-01511-8,https://pubmed.ncbi.nlm.nih.gov/41102346/,https://europepmc.org/articles/PMC12673502,2026-08-30,"Metadata/title for all; abstract or full text only as stated. Machine-assisted coding, manually audited positives; no copyrighted body text retained."
R129,doi:10.1038/s41551-026-01742-3,10.1038/s41551-026-01742-3,42567948,,Causal graph neural networks for healthcare.,2026-08-07,2026,Nature Biomedical Engineering,Nat Biomed Eng,Nature_specialist,selective interdisciplinary bioengineering journal,review_narrative_or_unspecified,AI_computation_and_data,eng,ppublish,0,20.5,artificial intelligence; neural network; computational; omics; cancer,subscription_or_oa_unknown,abstract,yes,not_attempted_no_pmcid,not_applicable_no_full_text,not_assessed_without_full_text,abstract_or_title_only,low,not_assessed,,not_assessed,,not_assessed,not_assessed,,not_assessed,not_assessed,not_assessed,not_assessed,not_assessed,not_assessed,abstract_moves=scope_signpost+outlook_or_implication; body_structure=not_assessed,6,no,no,217,9,yes,no,no,yes,no,yes,yes,,,,,not_assessed,not_assessed,not_assessed,not_assessed_without_full_text,Europe PMC/PubMed; Crossref,verified,journal-article,1.0,yes,https://doi.org/10.1038/s41551-026-01742-3,https://pubmed.ncbi.nlm.nih.gov/42567948/,,2026-08-30,"Metadata/title for all; abstract or full text only as stated. Machine-assisted coding, manually audited positives; no copyrighted body text retained."
R130,doi:10.1038/s41551-026-01762-z,10.1038/s41551-026-01762-z,42595819,,Foundation models in biomedical imaging: turning hype into reality.,2026-08-11,2026,Nature Biomedical Engineering,Nat Biomed Eng,Nature_specialist,selective interdisciplinary bioengineering journal,review_narrative_or_unspecified,AI_computation_and_data,eng,ppublish,0,18.5,artificial intelligence; foundation model; omics; imaging,subscription_or_oa_unknown,abstract,yes,not_attempted_no_pmcid,not_applicable_no_full_text,not_assessed_without_full_text,abstract_or_title_only,low,not_assessed,,not_assessed,,not_assessed,not_assessed,,not_assessed,not_assessed,not_assessed,not_assessed,not_assessed,not_assessed,abstract_moves=problem_or_gap+outlook_or_implication; body_structure=not_assessed,9,yes,no,237,11,yes,no,yes,no,no,yes,yes,,,,,not_assessed,not_assessed,not_assessed,not_assessed_without_full_text,Europe PMC/PubMed; Crossref,verified,journal-article,1.0,yes,https://doi.org/10.1038/s41551-026-01762-z,https://pubmed.ncbi.nlm.nih.gov/42595819/,,2026-08-30,"Metadata/title for all; abstract or full text only as stated. Machine-assisted coding, manually audited positives; no copyrighted body text retained."
R131,doi:10.1038/s41587-021-00895-7,10.1038/s41587-021-00895-7,33941931,,Computational principles and challenges in single-cell data integration.,2021-05-03,2021,Nature Biotechnology,Nat Biotechnol,Nature_specialist,selective biotechnology journal with review content,review_narrative_or_unspecified,AI_computation_and_data,eng,ppublish,385,10.4853,computational; single-cell; omics,subscription_or_oa_unknown,abstract,yes,not_attempted_no_pmcid,not_applicable_no_full_text,not_assessed_without_full_text,abstract_or_title_only,low,not_assessed,,not_assessed,,not_assessed,not_assessed,,not_assessed,not_assessed,not_assessed,not_assessed,not_assessed,not_assessed,abstract_moves=problem_or_gap; body_structure=not_assessed,8,no,no,121,5,no,no,yes,no,no,yes,no,,,,,not_assessed,not_assessed,not_assessed,not_assessed_without_full_text,Europe PMC/PubMed; Crossref,verified,journal-article,1.0,yes,https://doi.org/10.1038/s41587-021-00895-7,https://pubmed.ncbi.nlm.nih.gov/33941931/,,2026-08-30,"Metadata/title for all; abstract or full text only as stated. Machine-assisted coding, manually audited positives; no copyrighted body text retained."
R132,doi:10.1038/s41587-021-01131-y,10.1038/s41587-021-01131-y,34931002,PMC9414121,Single-cell immunology of SARS-CoV-2 infection.,2021-12-20,2022,Nature Biotechnology,Nat Biotechnol,Nature_specialist,selective biotechnology journal with review content,review_narrative_or_unspecified,biotechnology_omics_and_methods,eng,ppublish,103,14.8481,therapeutic; single-cell; omics,subscription_or_oa_unknown,abstract,yes,failed,not_applicable_no_full_text,not_assessed_without_full_text,abstract_or_title_only,low,not_assessed,,not_assessed,,not_assessed,not_assessed,,not_assessed,not_assessed,not_assessed,not_assessed,not_assessed,not_assessed,abstract_moves=scope_signpost; body_structure=not_assessed,5,no,no,154,4,yes,no,no,yes,no,no,no,,,,,not_assessed,not_assessed,not_assessed,not_assessed_without_full_text,Europe PMC/PubMed; Crossref,verified,journal-article,1.0,yes,https://doi.org/10.1038/s41587-021-01131-y,https://pubmed.ncbi.nlm.nih.gov/34931002/,https://europepmc.org/articles/PMC9414121,2026-08-30,"Metadata/title for all; abstract or full text only as stated. Machine-assisted coding, manually audited positives; no copyrighted body text retained."
R133,doi:10.1038/s41587-022-01424-w,10.1038/s41587-022-01424-w,36008611,,Prediction of peptide mass spectral libraries with machine learning.,2022-08-25,2023,Nature Biotechnology,Nat Biotechnol,Nature_specialist,selective biotechnology journal with review content,review_narrative_or_unspecified,AI_computation_and_data,eng,ppublish,75,24.9436,machine learning; deep learning; neural network; omics,subscription_or_oa_unknown,abstract,yes,not_attempted_no_pmcid,not_applicable_no_full_text,not_assessed_without_full_text,abstract_or_title_only,low,not_assessed,,not_assessed,,not_assessed,not_assessed,,not_assessed,not_assessed,not_assessed,not_assessed,not_assessed,not_assessed,abstract_moves=not_machine_detected; body_structure=not_assessed,9,no,no,161,6,no,yes,no,no,no,no,no,,,,,not_assessed,not_assessed,not_assessed,not_assessed_without_full_text,Europe PMC/PubMed; Crossref,verified,journal-article,1.0,yes,https://doi.org/10.1038/s41587-022-01424-w,https://pubmed.ncbi.nlm.nih.gov/36008611/,,2026-08-30,"Metadata/title for all; abstract or full text only as stated. Machine-assisted coding, manually audited positives; no copyrighted body text retained."
R134,doi:10.1038/s41587-023-01987-2,10.1038/s41587-023-01987-2,38361054,,Computational drug development for membrane protein targets.,2024-02-15,2024,Nature Biotechnology,Nat Biotechnol,Nature_specialist,selective biotechnology journal with review content,review_narrative_or_unspecified,AI_computation_and_data,eng,ppublish,40,21.7379,machine learning; deep learning; computational; therapeutic,subscription_or_oa_unknown,abstract,yes,not_attempted_no_pmcid,not_applicable_no_full_text,not_assessed_without_full_text,abstract_or_title_only,low,not_assessed,,not_assessed,,not_assessed,not_assessed,,not_assessed,not_assessed,not_assessed,not_assessed,not_assessed,not_assessed,abstract_moves=problem_or_gap; body_structure=not_assessed,7,no,no,191,5,no,yes,yes,no,no,yes,no,,,,,not_assessed,not_assessed,not_assessed,not_assessed_without_full_text,Europe PMC/PubMed; Crossref,verified,journal-article,1.0,yes,https://doi.org/10.1038/s41587-023-01987-2,https://pubmed.ncbi.nlm.nih.gov/38361054/,,2026-08-30,"Metadata/title for all; abstract or full text only as stated. Machine-assisted coding, manually audited positives; no copyrighted body text retained."
R135,doi:10.1038/s41587-024-02127-0,10.1038/s41587-024-02127-0,38361074,PMC13159571,Machine learning for functional protein design.,2024-02-15,2024,Nature Biotechnology,Nat Biotechnol,Nature_specialist,selective biotechnology journal with review content,review_narrative_or_unspecified,AI_computation_and_data,eng,ppublish,189,37.549,machine learning; foundation model; computational; automation; protein design; biotechnology,subscription_or_oa_unknown,abstract,yes,failed,not_applicable_no_full_text,not_assessed_without_full_text,abstract_or_title_only,low,not_assessed,,not_assessed,,not_assessed,not_assessed,,not_assessed,not_assessed,not_assessed,not_assessed,not_assessed,not_assessed,abstract_moves=scope_signpost+outlook_or_implication; body_structure=not_assessed,6,no,no,124,5,yes,yes,no,yes,no,no,yes,,,,,not_assessed,not_assessed,not_assessed,not_assessed_without_full_text,Europe PMC/PubMed; Crossref,verified,journal-article,1.0,yes,https://doi.org/10.1038/s41587-024-02127-0,https://pubmed.ncbi.nlm.nih.gov/38361074/,https://europepmc.org/articles/PMC13159571,2026-08-30,"Metadata/title for all; abstract or full text only as stated. Machine-assisted coding, manually audited positives; no copyrighted body text retained."
R136,doi:10.1038/s41587-023-02105-y,10.1038/s41587-023-02105-y,38409587,,RNA interference in the era of nucleic acid therapeutics.,2024-02-26,2024,Nature Biotechnology,Nat Biotechnol,Nature_specialist,selective biotechnology journal with review content,review_narrative_or_unspecified,biomaterials_nanomedicine_delivery,eng,ppublish,167,16.208,nanoparticle; lipid nanoparticle; therapeutic,subscription_or_oa_unknown,abstract,yes,not_attempted_no_pmcid,not_applicable_no_full_text,not_assessed_without_full_text,abstract_or_title_only,low,not_assessed,,not_assessed,,not_assessed,not_assessed,,not_assessed,not_assessed,not_assessed,not_assessed,not_assessed,not_assessed,abstract_moves=scope_signpost+synthesis_or_comparison; body_structure=not_assessed,9,no,no,120,4,yes,no,no,yes,yes,yes,no,,,,,not_assessed,not_assessed,not_assessed,not_assessed_without_full_text,Europe PMC/PubMed; Crossref,verified,journal-article,1.0,yes,https://doi.org/10.1038/s41587-023-02105-y,https://pubmed.ncbi.nlm.nih.gov/38409587/,,2026-08-30,"Metadata/title for all; abstract or full text only as stated. Machine-assisted coding, manually audited positives; no copyrighted body text retained."
R137,doi:10.1038/s41587-024-02133-2,10.1038/s41587-024-02133-2,38361073,PMC11366440,Sparks of function by de novo protein design.,2024-02-15,2024,Nature Biotechnology,Nat Biotechnol,Nature_specialist,selective biotechnology journal with review content,review_narrative_or_unspecified,AI_computation_and_data,eng,ppublish,86,23.7886,deep learning; computational; protein design,subscription_or_oa_unknown,abstract,yes,failed,not_applicable_no_full_text,not_assessed_without_full_text,abstract_or_title_only,low,not_assessed,,not_assessed,,not_assessed,not_assessed,,not_assessed,not_assessed,not_assessed,not_assessed,not_assessed,not_assessed,abstract_moves=synthesis_or_comparison+outlook_or_implication; body_structure=not_assessed,8,no,no,159,6,yes,yes,no,no,yes,no,yes,,,,,not_assessed,not_assessed,not_assessed,not_assessed_without_full_text,Europe PMC/PubMed; Crossref,verified,journal-article,1.0,yes,https://doi.org/10.1038/s41587-024-02133-2,https://pubmed.ncbi.nlm.nih.gov/38361073/,https://europepmc.org/articles/PMC11366440,2026-08-30,"Metadata/title for all; abstract or full text only as stated. Machine-assisted coding, manually audited positives; no copyrighted body text retained."
R138,doi:10.1038/s41587-025-02587-y,10.1038/s41587-025-02587-y,40097683,PMC12006967,Toward single-molecule protein sequencing using nanopores.,2025-03-17,2025,Nature Biotechnology,Nat Biotechnol,Nature_specialist,selective biotechnology journal with review content,perspective_review_type,biotechnology_omics_and_methods,eng,ppublish,43,9.5614,omics,subscription_or_oa_unknown,abstract,yes,failed,not_applicable_no_full_text,not_assessed_without_full_text,abstract_or_title_only,low,not_assessed,,not_assessed,,not_assessed,not_assessed,,not_assessed,not_assessed,not_assessed,not_assessed,not_assessed,not_assessed,abstract_moves=outlook_or_implication; body_structure=not_assessed,6,no,no,115,5,yes,yes,no,no,no,no,yes,,,,,not_assessed,not_assessed,not_assessed,not_assessed_without_full_text,Europe PMC/PubMed; Crossref,verified,journal-article,1.0,yes,https://doi.org/10.1038/s41587-025-02587-y,https://pubmed.ncbi.nlm.nih.gov/40097683/,https://europepmc.org/articles/PMC12006967,2026-08-30,"Metadata/title for all; abstract or full text only as stated. Machine-assisted coding, manually audited positives; no copyrighted body text retained."
R139,doi:10.1038/s41587-026-03035-1,10.1038/s41587-026-03035-1,41735549,,Agentic AI and the rise of in silico team science in biomedical research.,2026-02-24,2026,Nature Biotechnology,Nat Biotechnol,Nature_specialist,selective biotechnology journal with review content,review_narrative_or_unspecified,AI_computation_and_data,eng,ppublish,6,17.1486,artificial intelligence; computational; drug discovery,subscription_or_oa_unknown,abstract,yes,not_attempted_no_pmcid,not_applicable_no_full_text,not_assessed_without_full_text,abstract_or_title_only,low,not_assessed,,not_assessed,,not_assessed,not_assessed,,not_assessed,not_assessed,not_assessed,not_assessed,not_assessed,not_assessed,abstract_moves=scope_signpost; body_structure=not_assessed,13,no,no,125,5,yes,yes,no,yes,no,yes,no,,,,,not_assessed,not_assessed,not_assessed,not_assessed_without_full_text,Europe PMC/PubMed; Crossref,verified,journal-article,1.0,yes,https://doi.org/10.1038/s41587-026-03035-1,https://pubmed.ncbi.nlm.nih.gov/41735549/,,2026-08-30,"Metadata/title for all; abstract or full text only as stated. Machine-assisted coding, manually audited positives; no copyrighted body text retained."
R140,doi:10.1038/s41587-026-03011-9,10.1038/s41587-026-03011-9,41667710,PMC13207244,Developmentally inspired synthetic kidney engineering.,2026-02-10,2026,Nature Biotechnology,Nat Biotechnol,Nature_specialist,selective biotechnology journal with review content,review_narrative_or_unspecified,bioengineering_regeneration_synthetic_biology,eng,ppublish,0,17.3,tissue engineering; synthetic biology,subscription_or_oa_unknown,abstract,yes,failed,not_applicable_no_full_text,not_assessed_without_full_text,abstract_or_title_only,low,not_assessed,,not_assessed,,not_assessed,not_assessed,,not_assessed,not_assessed,not_assessed,not_assessed,not_assessed,not_assessed,abstract_moves=outlook_or_implication; body_structure=not_assessed,5,no,no,160,6,yes,yes,no,no,no,no,yes,,,,,not_assessed,not_assessed,not_assessed,not_assessed_without_full_text,Europe PMC/PubMed; Crossref,verified,journal-article,1.0,yes,https://doi.org/10.1038/s41587-026-03011-9,https://pubmed.ncbi.nlm.nih.gov/41667710/,https://europepmc.org/articles/PMC13207244,2026-08-30,"Metadata/title for all; abstract or full text only as stated. Machine-assisted coding, manually audited positives; no copyrighted body text retained."
R141,doi:10.1038/s41563-021-01014-2,10.1038/s41563-021-01014-2,34045705,,From predictive modelling to machine learning and reverse engineering of colloidal self-assembly.,2021-05-27,2021,Nature Materials,Nat Mater,Nature_specialist,selective primary journal with commissioned reviews/perspectives,review_narrative_or_unspecified,AI_computation_and_data,eng,ppublish,85,19.9848,machine learning; computational; nanoparticle; materials,subscription_or_oa_unknown,abstract,yes,not_attempted_no_pmcid,not_applicable_no_full_text,not_assessed_without_full_text,abstract_or_title_only,low,not_assessed,,not_assessed,,not_assessed,not_assessed,,not_assessed,not_assessed,not_assessed,not_assessed,not_assessed,not_assessed,abstract_moves=scope_signpost; body_structure=not_assessed,12,no,no,153,7,yes,yes,no,yes,no,no,no,,,,,not_assessed,not_assessed,not_assessed,not_assessed_without_full_text,Europe PMC/PubMed; Crossref,verified,journal-article,1.0,yes,https://doi.org/10.1038/s41563-021-01014-2,https://pubmed.ncbi.nlm.nih.gov/34045705/,,2026-08-30,"Metadata/title for all; abstract or full text only as stated. Machine-assisted coding, manually audited positives; no copyrighted body text retained."
R142,doi:10.1038/s41563-020-0777-6,10.1038/s41563-020-0777-6,34045696,,Machine-learned potentials for next-generation matter simulations.,2021-05-27,2021,Nature Materials,Nat Mater,Nature_specialist,selective primary journal with commissioned reviews/perspectives,review_narrative_or_unspecified,AI_computation_and_data,eng,ppublish,226,16.8083,machine learning; computational; materials; chemistry,subscription_or_oa_unknown,abstract,yes,not_attempted_no_pmcid,not_applicable_no_full_text,not_assessed_without_full_text,abstract_or_title_only,low,not_assessed,,not_assessed,,not_assessed,not_assessed,,not_assessed,not_assessed,not_assessed,not_assessed,not_assessed,not_assessed,abstract_moves=scope_signpost; body_structure=not_assessed,6,no,no,148,6,yes,yes,no,yes,no,no,no,,,,,not_assessed,not_assessed,not_assessed,not_assessed_without_full_text,Europe PMC/PubMed; Crossref,verified,journal-article,1.0,yes,https://doi.org/10.1038/s41563-020-0777-6,https://pubmed.ncbi.nlm.nih.gov/34045696/,,2026-08-30,"Metadata/title for all; abstract or full text only as stated. Machine-assisted coding, manually audited positives; no copyrighted body text retained."
R143,doi:10.1038/s41563-021-01047-7,10.1038/s41563-021-01047-7,34226688,,Obstacles and opportunities in a forward vision for cancer nanomedicine.,2021-07-05,2021,Nature Materials,Nat Mater,Nature_specialist,selective primary journal with commissioned reviews/perspectives,review_narrative_or_unspecified,biomaterials_nanomedicine_delivery,eng,ppublish,305,16.4079,nanoparticle; nanomedicine; therapeutic; cancer,subscription_or_oa_unknown,abstract,yes,not_attempted_no_pmcid,not_applicable_no_full_text,not_assessed_without_full_text,abstract_or_title_only,low,not_assessed,,not_assessed,,not_assessed,not_assessed,,not_assessed,not_assessed,not_assessed,not_assessed,not_assessed,not_assessed,abstract_moves=scope_signpost; body_structure=not_assessed,10,no,no,149,8,yes,no,no,yes,no,no,no,,,,,not_assessed,not_assessed,not_assessed,not_assessed_without_full_text,Europe PMC/PubMed; Crossref,verified,journal-article,1.0,yes,https://doi.org/10.1038/s41563-021-01047-7,https://pubmed.ncbi.nlm.nih.gov/34226688/,,2026-08-30,"Metadata/title for all; abstract or full text only as stated. Machine-assisted coding, manually audited positives; no copyrighted body text retained."
R144,doi:10.1038/s41563-022-01231-3,10.1038/s41563-022-01231-3,35361951,PMC10265650,The living interface between synthetic biology and biomaterial design.,2022-03-31,2022,Nature Materials,Nat Mater,Nature_specialist,selective primary journal with commissioned reviews/perspectives,review_narrative_or_unspecified,biomaterials_nanomedicine_delivery,eng,ppublish,126,28.4147,biomaterial; polymer; synthetic biology; materials; biotechnology,subscription_or_oa_unknown,abstract,yes,failed,not_applicable_no_full_text,not_assessed_without_full_text,abstract_or_title_only,low,not_assessed,,not_assessed,,not_assessed,not_assessed,,not_assessed,not_assessed,not_assessed,not_assessed,not_assessed,not_assessed,abstract_moves=outlook_or_implication; body_structure=not_assessed,9,no,no,143,6,yes,yes,no,no,no,no,yes,,,,,not_assessed,not_assessed,not_assessed,not_assessed_without_full_text,Europe PMC/PubMed; Crossref,verified,journal-article,1.0,yes,https://doi.org/10.1038/s41563-022-01231-3,https://pubmed.ncbi.nlm.nih.gov/35361951/,https://europepmc.org/articles/PMC10265650,2026-08-30,"Metadata/title for all; abstract or full text only as stated. Machine-assisted coding, manually audited positives; no copyrighted body text retained."
R145,doi:10.1038/s41563-023-01472-w,10.1038/s41563-023-01472-w,36941391,PMC10330049,Hydrogels for RNA delivery.,2023-03-20,2023,Nature Materials,Nat Mater,Nature_specialist,selective primary journal with commissioned reviews/perspectives,review_narrative_or_unspecified,biomaterials_nanomedicine_delivery,eng,ppublish,228,21.1112,hydrogel; nanoparticle; therapeutic,subscription_or_oa_unknown,abstract,yes,failed,not_applicable_no_full_text,not_assessed_without_full_text,abstract_or_title_only,low,not_assessed,,not_assessed,,not_assessed,not_assessed,,not_assessed,not_assessed,not_assessed,not_assessed,not_assessed,not_assessed,abstract_moves=scope_signpost; body_structure=not_assessed,4,no,no,154,5,yes,yes,no,yes,no,no,no,,,,,not_assessed,not_assessed,not_assessed,not_assessed_without_full_text,Europe PMC/PubMed; Crossref,verified,journal-article,1.0,yes,https://doi.org/10.1038/s41563-023-01472-w,https://pubmed.ncbi.nlm.nih.gov/36941391/,https://europepmc.org/articles/PMC10330049,2026-08-30,"Metadata/title for all; abstract or full text only as stated. Machine-assisted coding, manually audited positives; no copyrighted body text retained."
R146,doi:10.1038/s41563-024-01820-4,10.1038/s41563-024-01820-4,38553618,,Potential and challenges of computing with molecular materials.,2024-03-29,2024,Nature Materials,Nat Mater,Nature_specialist,selective primary journal with commissioned reviews/perspectives,review_narrative_or_unspecified,AI_computation_and_data,eng,ppublish,14,11.4027,artificial intelligence; materials,subscription_or_oa_unknown,abstract,yes,not_attempted_no_pmcid,not_applicable_no_full_text,not_assessed_without_full_text,abstract_or_title_only,low,not_assessed,,not_assessed,,not_assessed,not_assessed,,not_assessed,not_assessed,not_assessed,not_assessed,not_assessed,not_assessed,abstract_moves=problem_or_gap+scope_signpost+synthesis_or_comparison; body_structure=not_assessed,8,no,no,145,6,yes,yes,yes,yes,yes,yes,no,,,,,not_assessed,not_assessed,not_assessed,not_assessed_without_full_text,Europe PMC/PubMed; Crossref,verified,journal-article,1.0,yes,https://doi.org/10.1038/s41563-024-01820-4,https://pubmed.ncbi.nlm.nih.gov/38553618/,,2026-08-30,"Metadata/title for all; abstract or full text only as stated. Machine-assisted coding, manually audited positives; no copyrighted body text retained."
R147,doi:10.1038/s41563-025-02272-0,10.1038/s41563-025-02272-0,40610673,,Accelerated data-driven materials science with the Materials Project.,2025-07-03,2025,Nature Materials,Nat Mater,Nature_specialist,selective primary journal with commissioned reviews/perspectives,review_narrative_or_unspecified,AI_computation_and_data,eng,ppublish,45,14.7762,computational; data-driven; high-throughput; materials,subscription_or_oa_unknown,abstract,yes,not_attempted_no_pmcid,not_applicable_no_full_text,not_assessed_without_full_text,abstract_or_title_only,low,not_assessed,,not_assessed,,not_assessed,not_assessed,,not_assessed,not_assessed,not_assessed,not_assessed,not_assessed,not_assessed,abstract_moves=scope_signpost+outlook_or_implication; body_structure=not_assessed,8,no,no,164,7,yes,no,no,yes,no,no,yes,,,,,not_assessed,not_assessed,not_assessed,not_assessed_without_full_text,Europe PMC/PubMed; Crossref,verified,journal-article,1.0,yes,https://doi.org/10.1038/s41563-025-02272-0,https://pubmed.ncbi.nlm.nih.gov/40610673/,,2026-08-30,"Metadata/title for all; abstract or full text only as stated. Machine-assisted coding, manually audited positives; no copyrighted body text retained."
R148,doi:10.1038/s41563-025-02403-7,10.1038/s41563-025-02403-7,41482571,,Artificial intelligence-driven approaches for materials design and discovery.,2026-01-02,2026,Nature Materials,Nat Mater,Nature_specialist,selective primary journal with commissioned reviews/perspectives,review_narrative_or_unspecified,AI_computation_and_data,eng,ppublish,14,30.4027,artificial intelligence; machine learning; generative; computational; high-throughput; materials,subscription_or_oa_unknown,abstract,yes,not_attempted_no_pmcid,not_applicable_no_full_text,not_assessed_without_full_text,abstract_or_title_only,low,not_assessed,,not_assessed,,not_assessed,not_assessed,,not_assessed,not_assessed,not_assessed,not_assessed,not_assessed,not_assessed,abstract_moves=scope_signpost+outlook_or_implication; body_structure=not_assessed,8,no,no,154,8,yes,no,no,yes,no,no,yes,,,,,not_assessed,not_assessed,not_assessed,not_assessed_without_full_text,Europe PMC/PubMed; Crossref,verified,journal-article,1.0,yes,https://doi.org/10.1038/s41563-025-02403-7,https://pubmed.ncbi.nlm.nih.gov/41482571/,,2026-08-30,"Metadata/title for all; abstract or full text only as stated. Machine-assisted coding, manually audited positives; no copyrighted body text retained."
R149,doi:10.1038/s41563-026-02601-x,10.1038/s41563-026-02601-x,42236929,,In situ mechanical characterization of functional and architected materials.,2026-06-03,2026,Nature Materials,Nat Mater,Nature_specialist,selective primary journal with commissioned reviews/perspectives,review_narrative_or_unspecified,AI_computation_and_data,eng,ppublish,1,24.731,artificial intelligence; machine learning; high-throughput; imaging; materials,subscription_or_oa_unknown,abstract,yes,not_attempted_no_pmcid,not_applicable_no_full_text,not_assessed_without_full_text,abstract_or_title_only,low,not_assessed,,not_assessed,,not_assessed,not_assessed,,not_assessed,not_assessed,not_assessed,not_assessed,not_assessed,not_assessed,abstract_moves=scope_signpost; body_structure=not_assessed,9,no,no,150,5,yes,yes,no,yes,no,no,no,,,,,not_assessed,not_assessed,not_assessed,not_assessed_without_full_text,Europe PMC/PubMed; Crossref,verified,journal-article,1.0,yes,https://doi.org/10.1038/s41563-026-02601-x,https://pubmed.ncbi.nlm.nih.gov/42236929/,,2026-08-30,"Metadata/title for all; abstract or full text only as stated. Machine-assisted coding, manually audited positives; no copyrighted body text retained."
R150,doi:10.1038/s41563-026-02576-9,10.1038/s41563-026-02576-9,41986453,PMC13264960,Minimally invasive bioelectronic implants.,2026-04-15,2026,Nature Materials,Nat Mater,Nature_specialist,selective primary journal with commissioned reviews/perspectives,review_narrative_or_unspecified,biomaterials_nanomedicine_delivery,eng,aheadofprint,1,16.531,polymer; therapeutic; omics; materials,subscription_or_oa_unknown,abstract,yes,failed,not_applicable_no_full_text,not_assessed_without_full_text,abstract_or_title_only,low,not_assessed,,not_assessed,,not_assessed,not_assessed,,not_assessed,not_assessed,not_assessed,not_assessed,not_assessed,not_assessed,abstract_moves=scope_signpost; body_structure=not_assessed,4,no,no,189,8,no,yes,no,yes,no,no,no,,,,,not_assessed,not_assessed,not_assessed,not_assessed_without_full_text,Europe PMC/PubMed; Crossref,verified,journal-article,1.0,yes,https://doi.org/10.1038/s41563-026-02576-9,https://pubmed.ncbi.nlm.nih.gov/41986453/,https://europepmc.org/articles/PMC13264960,2026-08-30,"Metadata/title for all; abstract or full text only as stated. Machine-assisted coding, manually audited positives; no copyrighted body text retained."
R151,doi:10.1038/s41592-021-01283-4,10.1038/s41592-021-01283-4,34608321,PMC8793939,Differentiable biology: using deep learning for biophysics-based and data-driven modeling of molecular mechanisms.,2021-10-04,2021,Nature Methods,Nat Methods,Nature_specialist,selective methods journal with review and technology synthesis,perspective_review_type,AI_computation_and_data,eng,ppublish,61,26.6757,deep learning; neural network; data-driven; omics,subscription_or_oa_unknown,abstract,yes,failed,not_applicable_no_full_text,not_assessed_without_full_text,abstract_or_title_only,low,not_assessed,,not_assessed,,not_assessed,not_assessed,,not_assessed,not_assessed,not_assessed,not_assessed,not_assessed,not_assessed,abstract_moves=outlook_or_implication; body_structure=not_assessed,13,yes,no,152,6,yes,yes,no,no,no,no,yes,,,,,not_assessed,not_assessed,not_assessed,not_assessed_without_full_text,Europe PMC/PubMed; Crossref,verified,journal-article,1.0,yes,https://doi.org/10.1038/s41592-021-01283-4,https://pubmed.ncbi.nlm.nih.gov/34608321/,https://europepmc.org/articles/PMC8793939,2026-08-30,"Metadata/title for all; abstract or full text only as stated. Machine-assisted coding, manually audited positives; no copyrighted body text retained."
R152,doi:10.1038/s41592-021-01201-8,10.1038/s41592-021-01201-8,34282327,PMC9345561,High-throughput and single-cell T cell receptor sequencing technologies.,2021-07-19,2021,Nature Methods,Nat Methods,Nature_specialist,selective methods journal with review and technology synthesis,review_narrative_or_unspecified,AI_computation_and_data,eng,ppublish,260,19.1548,computational; high-throughput; single-cell; cancer,subscription_or_oa_unknown,abstract,yes,failed,not_applicable_no_full_text,not_assessed_without_full_text,abstract_or_title_only,low,not_assessed,,not_assessed,,not_assessed,not_assessed,,not_assessed,not_assessed,not_assessed,not_assessed,not_assessed,not_assessed,abstract_moves=problem_or_gap+scope_signpost; body_structure=not_assessed,8,no,no,124,4,yes,yes,yes,yes,no,yes,no,,,,,not_assessed,not_assessed,not_assessed,not_assessed_without_full_text,Europe PMC/PubMed; Crossref,verified,journal-article,1.0,yes,https://doi.org/10.1038/s41592-021-01201-8,https://pubmed.ncbi.nlm.nih.gov/34282327/,https://europepmc.org/articles/PMC9345561,2026-08-30,"Metadata/title for all; abstract or full text only as stated. Machine-assisted coding, manually audited positives; no copyrighted body text retained."
R153,doi:10.1038/s41592-021-01203-6,10.1038/s41592-021-01203-6,34341583,,Spatial omics and multiplexed imaging to explore cancer biology.,2021-08-02,2021,Nature Methods,Nat Methods,Nature_specialist,selective methods journal with review and technology synthesis,review_narrative_or_unspecified,biotechnology_omics_and_methods,eng,ppublish,488,16.5641,therapeutic; single-cell; spatial omics; omics; imaging; cancer,subscription_or_oa_unknown,abstract,yes,not_attempted_no_pmcid,not_applicable_no_full_text,not_assessed_without_full_text,abstract_or_title_only,low,not_assessed,,not_assessed,,not_assessed,not_assessed,,not_assessed,not_assessed,not_assessed,not_assessed,not_assessed,not_assessed,abstract_moves=scope_signpost+outlook_or_implication; body_structure=not_assessed,9,no,no,161,6,yes,no,no,yes,no,no,yes,,,,,not_assessed,not_assessed,not_assessed,not_assessed_without_full_text,Europe PMC/PubMed; Crossref,verified,journal-article,1.0,yes,https://doi.org/10.1038/s41592-021-01203-6,https://pubmed.ncbi.nlm.nih.gov/34341583/,,2026-08-30,"Metadata/title for all; abstract or full text only as stated. Machine-assisted coding, manually audited positives; no copyrighted body text retained."
R154,doi:10.1038/s41592-022-01591-3,10.1038/s41592-022-01591-3,36064773,PMC12061062,Challenges and opportunities for the next generation of cardiovascular tissue engineering.,2022-09-05,2022,Nature Methods,Nat Methods,Nature_specialist,selective methods journal with review and technology synthesis,review_narrative_or_unspecified,bioengineering_regeneration_synthetic_biology,eng,ppublish,139,18.9472,tissue engineering; drug discovery,subscription_or_oa_unknown,abstract,yes,failed,not_applicable_no_full_text,not_assessed_without_full_text,abstract_or_title_only,low,not_assessed,,not_assessed,,not_assessed,not_assessed,,not_assessed,not_assessed,not_assessed,not_assessed,not_assessed,not_assessed,abstract_moves=scope_signpost; body_structure=not_assessed,11,no,no,138,5,yes,yes,no,yes,no,yes,no,,,,,not_assessed,not_assessed,not_assessed,not_assessed_without_full_text,Europe PMC/PubMed; Crossref,verified,journal-article,1.0,yes,https://doi.org/10.1038/s41592-022-01591-3,https://pubmed.ncbi.nlm.nih.gov/36064773/,https://europepmc.org/articles/PMC12061062,2026-08-30,"Metadata/title for all; abstract or full text only as stated. Machine-assisted coding, manually audited positives; no copyrighted body text retained."
R155,doi:10.1038/s41592-023-01886-z,10.1038/s41592-023-01886-z,37248386,PMC13293574,Machine learning in rare disease.,2023-05-29,2023,Nature Methods,Nat Methods,Nature_specialist,selective methods journal with review and technology synthesis,perspective_review_type,AI_computation_and_data,eng,ppublish,77,23.7522,machine learning; high-throughput; omics; imaging,subscription_or_oa_unknown,abstract,yes,failed,not_applicable_no_full_text,not_assessed_without_full_text,abstract_or_title_only,low,not_assessed,,not_assessed,,not_assessed,not_assessed,,not_assessed,not_assessed,not_assessed,not_assessed,not_assessed,not_assessed,abstract_moves=scope_signpost+outlook_or_implication; body_structure=not_assessed,5,no,no,151,8,yes,yes,no,yes,no,no,yes,,,,,not_assessed,not_assessed,not_assessed,not_assessed_without_full_text,Europe PMC/PubMed; Crossref,verified,journal-article,1.0,yes,https://doi.org/10.1038/s41592-023-01886-z,https://pubmed.ncbi.nlm.nih.gov/37248386/,https://europepmc.org/articles/PMC13293574,2026-08-30,"Metadata/title for all; abstract or full text only as stated. Machine-assisted coding, manually audited positives; no copyrighted body text retained."
R156,doi:10.1038/s41592-024-02359-7,10.1038/s41592-024-02359-7,39122941,PMC11348280,"Applying interpretable machine learning in computational biology-pitfalls, recommendations and opportunities for new developments.",2024-08-09,2024,Nature Methods,Nat Methods,Nature_specialist,selective methods journal with review and technology synthesis,review_narrative_or_unspecified,AI_computation_and_data,eng,ppublish,68,18.7114,machine learning; computational,subscription_or_oa_unknown,abstract,yes,failed,not_applicable_no_full_text,not_assessed_without_full_text,abstract_or_title_only,low,not_assessed,,not_assessed,,not_assessed,not_assessed,,not_assessed,not_assessed,not_assessed,not_assessed,not_assessed,not_assessed,abstract_moves=scope_signpost; body_structure=not_assessed,13,no,no,88,4,yes,yes,no,yes,no,no,no,,,,,not_assessed,not_assessed,not_assessed,not_assessed_without_full_text,Europe PMC/PubMed; Crossref,verified,journal-article,0.9961,yes,https://doi.org/10.1038/s41592-024-02359-7,https://pubmed.ncbi.nlm.nih.gov/39122941/,https://europepmc.org/articles/PMC11348280,2026-08-30,"Metadata/title for all; abstract or full text only as stated. Machine-assisted coding, manually audited positives; no copyrighted body text retained."
R157,doi:10.1038/s41592-024-02327-1,10.1038/s41592-024-02327-1,38997593,,"Deep 3D histology powered by tissue clearing, omics and AI.",2024-07-12,2024,Nature Methods,Nat Methods,Nature_specialist,selective methods journal with review and technology synthesis,review_narrative_or_unspecified,AI_computation_and_data,eng,ppublish,29,28.1337,machine learning; deep learning; computational; single-cell; omics; imaging; chemistry,subscription_or_oa_unknown,abstract,yes,not_attempted_no_pmcid,not_applicable_no_full_text,not_assessed_without_full_text,abstract_or_title_only,low,not_assessed,,not_assessed,,not_assessed,not_assessed,,not_assessed,not_assessed,not_assessed,not_assessed,not_assessed,not_assessed,abstract_moves=not_machine_detected; body_structure=not_assessed,10,no,no,163,7,no,yes,no,no,no,no,no,,,,,not_assessed,not_assessed,not_assessed,not_assessed_without_full_text,Europe PMC/PubMed; Crossref,verified,journal-article,1.0,yes,https://doi.org/10.1038/s41592-024-02327-1,https://pubmed.ncbi.nlm.nih.gov/38997593/,,2026-08-30,"Metadata/title for all; abstract or full text only as stated. Machine-assisted coding, manually audited positives; no copyrighted body text retained."
R158,doi:10.1038/s41592-024-02353-z,10.1038/s41592-024-02353-z,39122952,,Transformers in single-cell omics: a review and new perspectives.,2024-08-09,2024,Nature Methods,Nat Methods,Nature_specialist,selective methods journal with review and technology synthesis,perspective_review_type,AI_computation_and_data,eng,ppublish,133,22.6326,machine learning; foundation model; single-cell; omics; cell biology,subscription_or_oa_unknown,abstract,yes,not_attempted_no_pmcid,not_applicable_no_full_text,not_assessed_without_full_text,abstract_or_title_only,low,not_assessed,,not_assessed,,not_assessed,not_assessed,,not_assessed,not_assessed,not_assessed,not_assessed,not_assessed,not_assessed,abstract_moves=scope_signpost+outlook_or_implication; body_structure=not_assessed,9,yes,no,153,6,yes,yes,no,yes,no,no,yes,,,,,not_assessed,not_assessed,not_assessed,not_assessed_without_full_text,Europe PMC/PubMed; Crossref,verified,journal-article,1.0,yes,https://doi.org/10.1038/s41592-024-02353-z,https://pubmed.ncbi.nlm.nih.gov/39122952/,,2026-08-30,"Metadata/title for all; abstract or full text only as stated. Machine-assisted coding, manually audited positives; no copyrighted body text retained."
R159,doi:10.1038/s41592-024-02528-8,10.1038/s41592-024-02528-8,39639168,PMC11810604,Cell Painting: a decade of discovery and innovation in cellular imaging.,2024-12-05,2025,Nature Methods,Nat Methods,Nature_specialist,selective methods journal with review and technology synthesis,review_narrative_or_unspecified,AI_computation_and_data,eng,ppublish,88,18.7962,computational; high-throughput; omics; imaging,subscription_or_oa_unknown,abstract,yes,failed,not_applicable_no_full_text,not_assessed_without_full_text,abstract_or_title_only,low,not_assessed,,not_assessed,,not_assessed,not_assessed,,not_assessed,not_assessed,not_assessed,not_assessed,not_assessed,not_assessed,abstract_moves=scope_signpost+outlook_or_implication; body_structure=not_assessed,11,yes,no,156,6,yes,no,no,yes,no,no,yes,,,,,not_assessed,not_assessed,not_assessed,not_assessed_without_full_text,Europe PMC/PubMed; Crossref,verified,journal-article,1.0,yes,https://doi.org/10.1038/s41592-024-02528-8,https://pubmed.ncbi.nlm.nih.gov/39639168/,https://europepmc.org/articles/PMC11810604,2026-08-30,"Metadata/title for all; abstract or full text only as stated. Machine-assisted coding, manually audited positives; no copyrighted body text retained."
R160,doi:10.1038/s41592-026-03202-x,10.1038/s41592-026-03202-x,42601460,,From pixels to patterns: the AI revolution in stem cell-derived models.,2026-08-14,2026,Nature Methods,Nat Methods,Nature_specialist,selective methods journal with review and technology synthesis,perspective_review_type,AI_computation_and_data,eng,aheadofprint,0,29.5,artificial intelligence; deep learning; neural network; foundation model; imaging,subscription_or_oa_unknown,abstract,yes,not_attempted_no_pmcid,not_applicable_no_full_text,not_assessed_without_full_text,abstract_or_title_only,low,not_assessed,,not_assessed,,not_assessed,not_assessed,,not_assessed,not_assessed,not_assessed,not_assessed,not_assessed,not_assessed,abstract_moves=outlook_or_implication; body_structure=not_assessed,11,yes,no,156,5,yes,yes,no,no,no,no,yes,,,,,not_assessed,not_assessed,not_assessed,not_assessed_without_full_text,Europe PMC/PubMed; Crossref,verified,journal-article,1.0,yes,https://doi.org/10.1038/s41592-026-03202-x,https://pubmed.ncbi.nlm.nih.gov/42601460/,,2026-08-30,"Metadata/title for all; abstract or full text only as stated. Machine-assisted coding, manually audited positives; no copyrighted body text retained."
R161,doi:10.1038/s41565-021-00854-y,10.1038/s41565-021-00854-y,33712738,PMC10461802,Nanotechnology to advance CRISPR-Cas genetic engineering of plants.,2021-03-12,2021,Nature Nanotechnology,Nat Nanotechnol,Nature_specialist,selective primary journal central to nano/bio interfaces,review_narrative_or_unspecified,biomaterials_nanomedicine_delivery,eng,ppublish,132,17.4301,nanoparticle; materials; biotechnology,subscription_or_oa_unknown,abstract,yes,failed,not_applicable_no_full_text,not_assessed_without_full_text,abstract_or_title_only,low,not_assessed,,not_assessed,,not_assessed,not_assessed,,not_assessed,not_assessed,not_assessed,not_assessed,not_assessed,not_assessed,abstract_moves=outlook_or_implication; body_structure=not_assessed,8,no,no,176,7,yes,yes,no,no,no,yes,yes,,,,,not_assessed,not_assessed,not_assessed,not_assessed_without_full_text,Europe PMC/PubMed; Crossref,verified,journal-article,0.9924,yes,https://doi.org/10.1038/s41565-021-00854-y,https://pubmed.ncbi.nlm.nih.gov/33712738/,https://europepmc.org/articles/PMC10461802,2026-08-30,"Metadata/title for all; abstract or full text only as stated. Machine-assisted coding, manually audited positives; no copyrighted body text retained."
R162,doi:10.1038/s41565-021-01017-9,10.1038/s41565-021-01017-9,34759355,PMC9031277,The ancillary effects of nanoparticles and their implications for nanomedicine.,2021-11-10,2021,Nature Nanotechnology,Nat Nanotechnol,Nature_specialist,selective primary journal central to nano/bio interfaces,review_narrative_or_unspecified,biomaterials_nanomedicine_delivery,eng,ppublish,166,27.006,nanoparticle; nanomedicine; scaffold; therapeutic; imaging,subscription_or_oa_unknown,abstract,yes,failed,not_applicable_no_full_text,not_assessed_without_full_text,abstract_or_title_only,low,not_assessed,,not_assessed,,not_assessed,not_assessed,,not_assessed,not_assessed,not_assessed,not_assessed,not_assessed,not_assessed,abstract_moves=problem_or_gap+scope_signpost+synthesis_or_comparison; body_structure=not_assessed,10,no,no,147,4,yes,no,yes,yes,yes,no,no,,,,,not_assessed,not_assessed,not_assessed,not_assessed_without_full_text,Europe PMC/PubMed; Crossref,verified,journal-article,1.0,yes,https://doi.org/10.1038/s41565-021-01017-9,https://pubmed.ncbi.nlm.nih.gov/34759355/,https://europepmc.org/articles/PMC9031277,2026-08-30,"Metadata/title for all; abstract or full text only as stated. Machine-assisted coding, manually audited positives; no copyrighted body text retained."
R163,doi:10.1038/s41565-022-01071-x,10.1038/s41565-022-01071-x,35393599,,Applying lessons learned from nanomedicines to understand rare hypersensitivity reactions to mRNA-based SARS-CoV-2 vaccines.,2022-04-07,2022,Nature Nanotechnology,Nat Nanotechnol,Nature_specialist,selective primary journal central to nano/bio interfaces,review_narrative_or_unspecified,biomaterials_nanomedicine_delivery,eng,ppublish,131,20.1276,nanoparticle; nanomedicine; lipid nanoparticle,subscription_or_oa_unknown,abstract,yes,not_attempted_no_pmcid,not_applicable_no_full_text,not_assessed_without_full_text,abstract_or_title_only,low,not_assessed,,not_assessed,,not_assessed,not_assessed,,not_assessed,not_assessed,not_assessed,not_assessed,not_assessed,not_assessed,abstract_moves=problem_or_gap+scope_signpost+outlook_or_implication; body_structure=not_assessed,14,no,no,164,6,yes,yes,yes,yes,no,no,yes,,,,,not_assessed,not_assessed,not_assessed,not_assessed_without_full_text,Europe PMC/PubMed; Crossref,verified,journal-article,1.0,yes,https://doi.org/10.1038/s41565-022-01071-x,https://pubmed.ncbi.nlm.nih.gov/35393599/,,2026-08-30,"Metadata/title for all; abstract or full text only as stated. Machine-assisted coding, manually audited positives; no copyrighted body text retained."
R164,doi:10.1038/s41565-022-01081-9,10.1038/s41565-022-01081-9,35414116,,Bridging nano- and microscale X-ray tomography for battery research by leveraging artificial intelligence.,2022-04-12,2022,Nature Nanotechnology,Nat Nanotechnol,Nature_specialist,selective primary journal central to nano/bio interfaces,review_narrative_or_unspecified,AI_computation_and_data,eng,ppublish,57,21.8535,artificial intelligence; machine learning; imaging; materials,subscription_or_oa_unknown,abstract,yes,not_attempted_no_pmcid,not_applicable_no_full_text,not_assessed_without_full_text,abstract_or_title_only,low,not_assessed,,not_assessed,,not_assessed,not_assessed,,not_assessed,not_assessed,not_assessed,not_assessed,not_assessed,not_assessed,abstract_moves=scope_signpost+outlook_or_implication; body_structure=not_assessed,13,no,no,172,5,yes,yes,no,yes,no,no,yes,,,,,not_assessed,not_assessed,not_assessed,not_assessed_without_full_text,Europe PMC/PubMed; Crossref,verified,journal-article,1.0,yes,https://doi.org/10.1038/s41565-022-01081-9,https://pubmed.ncbi.nlm.nih.gov/35414116/,,2026-08-30,"Metadata/title for all; abstract or full text only as stated. Machine-assisted coding, manually audited positives; no copyrighted body text retained."
R165,doi:10.1038/s41565-022-01284-0,10.1038/s41565-022-01284-0,36702956,,Machine learning for nanoplasmonics.,2023-01-26,2023,Nature Nanotechnology,Nat Nanotechnol,Nature_specialist,selective primary journal central to nano/bio interfaces,review_narrative_or_unspecified,AI_computation_and_data,eng,ppublish,71,17.9256,machine learning; neural network; materials,subscription_or_oa_unknown,abstract,yes,not_attempted_no_pmcid,not_applicable_no_full_text,not_assessed_without_full_text,abstract_or_title_only,low,not_assessed,,not_assessed,,not_assessed,not_assessed,,not_assessed,not_assessed,not_assessed,not_assessed,not_assessed,not_assessed,abstract_moves=scope_signpost; body_structure=not_assessed,4,no,no,152,7,yes,no,no,yes,no,no,no,,,,,not_assessed,not_assessed,not_assessed,not_assessed_without_full_text,Europe PMC/PubMed; Crossref,verified,journal-article,1.0,yes,https://doi.org/10.1038/s41565-022-01284-0,https://pubmed.ncbi.nlm.nih.gov/36702956/,,2026-08-30,"Metadata/title for all; abstract or full text only as stated. Machine-assisted coding, manually audited positives; no copyrighted body text retained."
R166,doi:10.1038/s41565-024-01753-8,10.1038/s41565-024-01753-8,39362960,,Designing nanotheranostics with machine learning.,2024-10-03,2024,Nature Nanotechnology,Nat Nanotechnol,Nature_specialist,selective primary journal central to nano/bio interfaces,review_narrative_or_unspecified,AI_computation_and_data,eng,ppublish,101,24.5417,artificial intelligence; machine learning; nanoparticle; chemistry,subscription_or_oa_unknown,abstract,yes,not_attempted_no_pmcid,not_applicable_no_full_text,not_assessed_without_full_text,abstract_or_title_only,low,not_assessed,,not_assessed,,not_assessed,not_assessed,,not_assessed,not_assessed,not_assessed,not_assessed,not_assessed,not_assessed,abstract_moves=scope_signpost; body_structure=not_assessed,5,no,no,142,4,no,yes,no,yes,no,no,no,,,,,not_assessed,not_assessed,not_assessed,not_assessed_without_full_text,Europe PMC/PubMed; Crossref,verified,journal-article,1.0,yes,https://doi.org/10.1038/s41565-024-01753-8,https://pubmed.ncbi.nlm.nih.gov/39362960/,,2026-08-30,"Metadata/title for all; abstract or full text only as stated. Machine-assisted coding, manually audited positives; no copyrighted body text retained."
R167,doi:10.1038/s41565-025-02018-8,10.1038/s41565-025-02018-8,41039096,,Convergence of nanotechnology and CRISPR-based diagnostics.,2025-10-02,2025,Nature Nanotechnology,Nat Nanotechnol,Nature_specialist,selective primary journal central to nano/bio interfaces,perspective_review_type,AI_computation_and_data,eng,ppublish,7,18.1931,artificial intelligence; nanoparticle; therapeutic; materials,subscription_or_oa_unknown,abstract,yes,not_attempted_no_pmcid,not_applicable_no_full_text,not_assessed_without_full_text,abstract_or_title_only,low,not_assessed,,not_assessed,,not_assessed,not_assessed,,not_assessed,not_assessed,not_assessed,not_assessed,not_assessed,not_assessed,abstract_moves=scope_signpost+synthesis_or_comparison+outlook_or_implication; body_structure=not_assessed,6,no,no,144,5,yes,yes,no,yes,yes,no,yes,,,,,not_assessed,not_assessed,not_assessed,not_assessed_without_full_text,Europe PMC/PubMed; Crossref,verified,journal-article,1.0,yes,https://doi.org/10.1038/s41565-025-02018-8,https://pubmed.ncbi.nlm.nih.gov/41039096/,,2026-08-30,"Metadata/title for all; abstract or full text only as stated. Machine-assisted coding, manually audited positives; no copyrighted body text retained."
R168,doi:10.1038/s41565-024-01774-3,10.1038/s41565-024-01774-3,39468355,PMC11781840,Harnessing extracellular vesicle heterogeneity for diagnostic and therapeutic applications.,2024-10-28,2025,Nature Nanotechnology,Nat Nanotechnol,Nature_specialist,selective primary journal central to nano/bio interfaces,review_narrative_or_unspecified,biomaterials_nanomedicine_delivery,eng,ppublish,159,19.9917,generative; nanoparticle; therapeutic; cancer,subscription_or_oa_unknown,abstract,yes,failed,not_applicable_no_full_text,not_assessed_without_full_text,abstract_or_title_only,low,not_assessed,,not_assessed,,not_assessed,not_assessed,,not_assessed,not_assessed,not_assessed,not_assessed,not_assessed,not_assessed,abstract_moves=scope_signpost; body_structure=not_assessed,9,no,no,148,6,yes,no,no,yes,no,no,no,,,,,not_assessed,not_assessed,not_assessed,not_assessed_without_full_text,Europe PMC/PubMed; Crossref,verified,journal-article,1.0,yes,https://doi.org/10.1038/s41565-024-01774-3,https://pubmed.ncbi.nlm.nih.gov/39468355/,https://europepmc.org/articles/PMC11781840,2026-08-30,"Metadata/title for all; abstract or full text only as stated. Machine-assisted coding, manually audited positives; no copyrighted body text retained."
R169,doi:10.1038/s41565-025-02032-w,10.1038/s41565-025-02032-w,41094263,,Nanosensors for real-time intracellular analytics.,2025-10-15,2025,Nature Nanotechnology,Nat Nanotechnol,Nature_specialist,selective primary journal central to nano/bio interfaces,review_narrative_or_unspecified,AI_computation_and_data,eng,ppublish,4,19.0365,artificial intelligence; drug discovery; single-cell; omics,subscription_or_oa_unknown,abstract,yes,not_attempted_no_pmcid,not_applicable_no_full_text,not_assessed_without_full_text,abstract_or_title_only,low,not_assessed,,not_assessed,,not_assessed,not_assessed,,not_assessed,not_assessed,not_assessed,not_assessed,not_assessed,not_assessed,abstract_moves=scope_signpost+synthesis_or_comparison; body_structure=not_assessed,5,no,no,205,8,yes,yes,no,yes,yes,no,no,,,,,not_assessed,not_assessed,not_assessed,not_assessed_without_full_text,Europe PMC/PubMed; Crossref,verified,journal-article,1.0,yes,https://doi.org/10.1038/s41565-025-02032-w,https://pubmed.ncbi.nlm.nih.gov/41094263/,,2026-08-30,"Metadata/title for all; abstract or full text only as stated. Machine-assisted coding, manually audited positives; no copyrighted body text retained."
R170,doi:10.1038/s41565-025-02110-z,10.1038/s41565-025-02110-z,41708987,,Nanoengineering of non-aqueous liquid electrolyte solutions for future lithium metal batteries.,2026-02-18,2026,Nature Nanotechnology,Nat Nanotechnol,Nature_specialist,selective primary journal central to nano/bio interfaces,review_narrative_or_unspecified,AI_computation_and_data,eng,ppublish,0,12.5,machine learning; high-throughput,subscription_or_oa_unknown,abstract,yes,not_attempted_no_pmcid,not_applicable_no_full_text,not_assessed_without_full_text,abstract_or_title_only,low,not_assessed,,not_assessed,,not_assessed,not_assessed,,not_assessed,not_assessed,not_assessed,not_assessed,not_assessed,not_assessed,abstract_moves=not_machine_detected; body_structure=not_assessed,11,no,no,146,5,yes,yes,no,no,no,no,no,,,,,not_assessed,not_assessed,not_assessed,not_assessed_without_full_text,Europe PMC/PubMed; Crossref,verified,journal-article,1.0,yes,https://doi.org/10.1038/s41565-025-02110-z,https://pubmed.ncbi.nlm.nih.gov/41708987/,,2026-08-30,"Metadata/title for all; abstract or full text only as stated. Machine-assisted coding, manually audited positives; no copyrighted body text retained."
R171,doi:10.1016/j.addr.2021.05.016,10.1016/j.addr.2021.05.016,34019959,,Machine learning directed drug formulation development.,2021-05-19,2021,Advanced Drug Delivery Reviews,Adv Drug Deliv Rev,Specialist_review_leaders,field-leading drug-delivery review journal,review_narrative_or_unspecified,AI_computation_and_data,eng,ppublish,163,38.7,artificial intelligence; machine learning; deep learning; generative; drug discovery; materials; chemistry; cancer,subscription_or_oa_unknown,abstract,yes,not_attempted_no_pmcid,not_applicable_no_full_text,not_assessed_without_full_text,abstract_or_title_only,low,not_assessed,,not_assessed,,not_assessed,not_assessed,,not_assessed,not_assessed,not_assessed,not_assessed,not_assessed,not_assessed,abstract_moves=scope_signpost; body_structure=not_assessed,6,no,no,185,7,no,no,no,yes,no,no,no,,,,,not_assessed,not_assessed,not_assessed,not_assessed_without_full_text,Europe PMC/PubMed; Crossref,verified,journal-article,1.0,yes,https://doi.org/10.1016/j.addr.2021.05.016,https://pubmed.ncbi.nlm.nih.gov/34019959/,,2026-08-30,"Metadata/title for all; abstract or full text only as stated. Machine-assisted coding, manually audited positives; no copyrighted body text retained."
R172,doi:10.1016/j.addr.2022.114194,10.1016/j.addr.2022.114194,35283223,,Artificial intelligence to bring nanomedicine to life.,2022-03-10,2022,Advanced Drug Delivery Reviews,Adv Drug Deliv Rev,Specialist_review_leaders,field-leading drug-delivery review journal,review_narrative_or_unspecified,AI_computation_and_data,eng,ppublish,93,42.0144,artificial intelligence; machine learning; data-driven; high-throughput; nanomedicine; drug delivery; therapeutic; materials,subscription_or_oa_unknown,abstract,yes,not_attempted_no_pmcid,not_applicable_no_full_text,not_assessed_without_full_text,abstract_or_title_only,low,not_assessed,,not_assessed,,not_assessed,not_assessed,,not_assessed,not_assessed,not_assessed,not_assessed,not_assessed,not_assessed,abstract_moves=scope_signpost+outlook_or_implication; body_structure=not_assessed,7,no,no,322,8,yes,yes,no,yes,no,no,yes,,,,,not_assessed,not_assessed,not_assessed,not_assessed_without_full_text,Europe PMC/PubMed; Crossref,verified,journal-article,1.0,yes,https://doi.org/10.1016/j.addr.2022.114194,https://pubmed.ncbi.nlm.nih.gov/35283223/,,2026-08-30,"Metadata/title for all; abstract or full text only as stated. Machine-assisted coding, manually audited positives; no copyrighted body text retained."
R173,doi:10.1016/j.addr.2022.114591,10.1016/j.addr.2022.114591,36332724,PMC9712232,Trends and patterns in cancer nanotechnology research: A survey of NCI's caNanoLab and nanotechnology characterization laboratory.,2022-11-01,2022,Advanced Drug Delivery Reviews,Adv Drug Deliv Rev,Specialist_review_leaders,field-leading drug-delivery review journal,review_narrative_or_unspecified,AI_computation_and_data,eng,ppublish,20,39.3148,artificial intelligence; machine learning; nanoparticle; nanomedicine; therapeutic; materials; cancer,subscription_or_oa_unknown,abstract,yes,failed,not_applicable_no_full_text,not_assessed_without_full_text,abstract_or_title_only,low,not_assessed,,not_assessed,,not_assessed,not_assessed,,not_assessed,not_assessed,not_assessed,not_assessed,not_assessed,not_assessed,abstract_moves=outlook_or_implication; body_structure=not_assessed,16,yes,no,235,9,no,yes,no,no,no,no,yes,,,,,not_assessed,not_assessed,not_assessed,not_assessed_without_full_text,Europe PMC/PubMed; Crossref,verified,journal-article,1.0,yes,https://doi.org/10.1016/j.addr.2022.114591,https://pubmed.ncbi.nlm.nih.gov/36332724/,https://europepmc.org/articles/PMC9712232,2026-08-30,"Metadata/title for all; abstract or full text only as stated. Machine-assisted coding, manually audited positives; no copyrighted body text retained."
R174,doi:10.1016/j.addr.2023.114733,10.1016/j.addr.2023.114733,36804008,PMC10771258,Advanced delivery systems for peptide antibiotics.,2023-02-17,2023,Advanced Drug Delivery Reviews,Adv Drug Deliv Rev,Specialist_review_leaders,field-leading drug-delivery review journal,review_narrative_or_unspecified,biomaterials_nanomedicine_delivery,eng,ppublish,43,35.5614,hydrogel; polymer; nanoparticle; drug delivery; lipid nanoparticle,subscription_or_oa_unknown,abstract,yes,failed,not_applicable_no_full_text,not_assessed_without_full_text,abstract_or_title_only,low,not_assessed,,not_assessed,,not_assessed,not_assessed,,not_assessed,not_assessed,not_assessed,not_assessed,not_assessed,not_assessed,abstract_moves=scope_signpost; body_structure=not_assessed,6,no,no,105,5,yes,no,no,yes,no,no,no,,,,,not_assessed,not_assessed,not_assessed,not_assessed_without_full_text,Europe PMC/PubMed; Crossref,verified,journal-article,1.0,yes,https://doi.org/10.1016/j.addr.2023.114733,https://pubmed.ncbi.nlm.nih.gov/36804008/,https://europepmc.org/articles/PMC10771258,2026-08-30,"Metadata/title for all; abstract or full text only as stated. Machine-assisted coding, manually audited positives; no copyrighted body text retained."
R175,doi:10.1016/j.addr.2024.115418,10.1016/j.addr.2024.115418,39094909,PMC11389844,Programmability and biomedical utility of intrinsically-disordered protein polymers.,2024-07-31,2024,Advanced Drug Delivery Reviews,Adv Drug Deliv Rev,Specialist_review_leaders,field-leading drug-delivery review journal,review_narrative_or_unspecified,biomaterials_nanomedicine_delivery,eng,ppublish,6,34.9486,biomaterial; polymer; drug delivery; scaffold; bioengineering; materials,subscription_or_oa_unknown,abstract,yes,failed,not_applicable_no_full_text,not_assessed_without_full_text,abstract_or_title_only,low,not_assessed,,not_assessed,,not_assessed,not_assessed,,not_assessed,not_assessed,not_assessed,not_assessed,not_assessed,not_assessed,abstract_moves=scope_signpost; body_structure=not_assessed,8,no,no,217,9,yes,yes,no,yes,no,no,no,,,,,not_assessed,not_assessed,not_assessed,not_assessed_without_full_text,Europe PMC/PubMed; Crossref,verified,journal-article,1.0,yes,https://doi.org/10.1016/j.addr.2024.115418,https://pubmed.ncbi.nlm.nih.gov/39094909/,https://europepmc.org/articles/PMC11389844,2026-08-30,"Metadata/title for all; abstract or full text only as stated. Machine-assisted coding, manually audited positives; no copyrighted body text retained."
R176,doi:10.1016/j.addr.2025.115604,10.1016/j.addr.2025.115604,40354939,,Advances in photoactivated carbon-based nanostructured materials for targeted cancer therapy.,2025-05-10,2025,Advanced Drug Delivery Reviews,Adv Drug Deliv Rev,Specialist_review_leaders,field-leading drug-delivery review journal,review_narrative_or_unspecified,AI_computation_and_data,eng,ppublish,9,45.2675,machine learning; deep learning; neural network; computational; data-driven; nanoparticle; nanomedicine; therapeutic; materials; cancer,subscription_or_oa_unknown,abstract,yes,not_attempted_no_pmcid,not_applicable_no_full_text,not_assessed_without_full_text,abstract_or_title_only,low,not_assessed,,not_assessed,,not_assessed,not_assessed,,not_assessed,not_assessed,not_assessed,not_assessed,not_assessed,not_assessed,abstract_moves=scope_signpost+outlook_or_implication; body_structure=not_assessed,10,no,no,390,14,yes,yes,no,yes,no,no,yes,,,,,not_assessed,not_assessed,not_assessed,not_assessed_without_full_text,Europe PMC/PubMed; Crossref,verified,journal-article,1.0,yes,https://doi.org/10.1016/j.addr.2025.115604,https://pubmed.ncbi.nlm.nih.gov/40354939/,,2026-08-30,"Metadata/title for all; abstract or full text only as stated. Machine-assisted coding, manually audited positives; no copyrighted body text retained."
R177,doi:10.1016/j.addr.2025.115677,10.1016/j.addr.2025.115677,40915424,PMC12646538,Innovative engineering approaches to model host-microbiome interactions in vitro.,2025-09-05,2025,Advanced Drug Delivery Reviews,Adv Drug Deliv Rev,Specialist_review_leaders,field-leading drug-delivery review journal,scoping_review,biomaterials_nanomedicine_delivery,eng,ppublish,7,17.9931,biomaterial; therapeutic; materials,subscription_or_oa_unknown,abstract,yes,failed,not_applicable_no_full_text,not_assessed_without_full_text,abstract_or_title_only,low,not_assessed,,not_assessed,,not_assessed,not_assessed,,not_assessed,not_assessed,not_assessed,not_assessed,not_assessed,not_assessed,abstract_moves=scope_signpost; body_structure=not_assessed,9,no,no,240,10,yes,yes,no,yes,no,no,no,,,,,not_assessed,not_assessed,not_assessed,not_assessed_without_full_text,Europe PMC/PubMed; Crossref,verified,journal-article,1.0,yes,https://doi.org/10.1016/j.addr.2025.115677,https://pubmed.ncbi.nlm.nih.gov/40915424/,https://europepmc.org/articles/PMC12646538,2026-08-30,"Metadata/title for all; abstract or full text only as stated. Machine-assisted coding, manually audited positives; no copyrighted body text retained."
R178,doi:10.1016/j.addr.2026.115781,10.1016/j.addr.2026.115781,41579967,,Artificial intelligence and machine learning guided optimization in drug delivery.,2026-01-22,2026,Advanced Drug Delivery Reviews,Adv Drug Deliv Rev,Specialist_review_leaders,field-leading drug-delivery review journal,review_narrative_or_unspecified,AI_computation_and_data,eng,ppublish,10,39.2993,artificial intelligence; machine learning; data-driven; nanoparticle; drug delivery; lipid nanoparticle,subscription_or_oa_unknown,abstract,yes,not_attempted_no_pmcid,not_applicable_no_full_text,not_assessed_without_full_text,abstract_or_title_only,low,not_assessed,,not_assessed,,not_assessed,not_assessed,,not_assessed,not_assessed,not_assessed,not_assessed,not_assessed,not_assessed,abstract_moves=problem_or_gap+scope_signpost+outlook_or_implication; body_structure=not_assessed,10,no,no,189,8,yes,no,yes,yes,no,yes,yes,,,,,not_assessed,not_assessed,not_assessed,not_assessed_without_full_text,Europe PMC/PubMed; Crossref,verified,journal-article,1.0,yes,https://doi.org/10.1016/j.addr.2026.115781,https://pubmed.ncbi.nlm.nih.gov/41579967/,,2026-08-30,"Metadata/title for all; abstract or full text only as stated. Machine-assisted coding, manually audited positives; no copyrighted body text retained."
R179,doi:10.1016/j.addr.2025.115760,10.1016/j.addr.2025.115760,41391820,,Emerging nanoparticle-based therapies for pancreatic cancer: Current clinical landscape.,2025-12-12,2026,Advanced Drug Delivery Reviews,Adv Drug Deliv Rev,Specialist_review_leaders,field-leading drug-delivery review journal,review_narrative_or_unspecified,AI_computation_and_data,eng,ppublish,4,42.0365,artificial intelligence; machine learning; polymer; nanoparticle; drug delivery; lipid nanoparticle; therapeutic; cancer,subscription_or_oa_unknown,abstract,yes,not_attempted_no_pmcid,not_applicable_no_full_text,not_assessed_without_full_text,abstract_or_title_only,low,not_assessed,,not_assessed,,not_assessed,not_assessed,,not_assessed,not_assessed,not_assessed,not_assessed,not_assessed,not_assessed,abstract_moves=not_machine_detected; body_structure=not_assessed,9,yes,no,241,12,no,no,no,no,no,yes,no,,,,,not_assessed,not_assessed,not_assessed,not_assessed_without_full_text,Europe PMC/PubMed; Crossref,verified,journal-article,1.0,yes,https://doi.org/10.1016/j.addr.2025.115760,https://pubmed.ncbi.nlm.nih.gov/41391820/,,2026-08-30,"Metadata/title for all; abstract or full text only as stated. Machine-assisted coding, manually audited positives; no copyrighted body text retained."
R180,doi:10.1016/j.addr.2025.115758,10.1016/j.addr.2025.115758,41386499,,Exploiting colloidal drug aggregation for drug delivery: From promise to prediction using computational tools.,2025-12-11,2026,Advanced Drug Delivery Reviews,Adv Drug Deliv Rev,Specialist_review_leaders,field-leading drug-delivery review journal,review_narrative_or_unspecified,AI_computation_and_data,eng,ppublish,1,43.731,artificial intelligence; machine learning; computational; nanoparticle; nanomedicine; drug delivery; lipid nanoparticle,subscription_or_oa_unknown,abstract,yes,not_attempted_no_pmcid,not_applicable_no_full_text,not_assessed_without_full_text,abstract_or_title_only,low,not_assessed,,not_assessed,,not_assessed,not_assessed,,not_assessed,not_assessed,not_assessed,not_assessed,not_assessed,not_assessed,abstract_moves=outlook_or_implication; body_structure=not_assessed,14,yes,no,233,12,yes,no,no,no,no,no,yes,,,,,not_assessed,not_assessed,not_assessed,not_assessed_without_full_text,Europe PMC/PubMed; Crossref,verified,journal-article,1.0,yes,https://doi.org/10.1016/j.addr.2025.115758,https://pubmed.ncbi.nlm.nih.gov/41386499/,,2026-08-30,"Metadata/title for all; abstract or full text only as stated. Machine-assisted coding, manually audited positives; no copyrighted body text retained."
R181,doi:10.1146/annurev-bioeng-082420-124920,10.1146/annurev-bioeng-082420-124920,33872520,PMC8277680,"Modeling Immunity In Vitro: Slices, Chips, and Engineered Tissues.",2021-04-19,2021,Annual Review of Biomedical Engineering,Annu Rev Biomed Eng,Specialist_review_leaders,field-leading annual review series,systematic_review,therapeutics_and_drug_discovery,eng,ppublish,54,9.6358,therapeutic,subscription_or_oa_unknown,abstract,yes,failed,not_applicable_no_full_text,not_assessed_without_full_text,abstract_or_title_only,low,not_assessed,,not_assessed,,not_assessed,not_assessed,,not_assessed,not_assessed,not_assessed,not_assessed,not_assessed,not_assessed,abstract_moves=scope_signpost; body_structure=not_assessed,9,yes,no,152,5,yes,yes,no,yes,no,no,no,,,,,not_assessed,not_assessed,not_assessed,not_assessed_without_full_text,Europe PMC/PubMed; Crossref,verified,journal-article,1.0,yes,https://doi.org/10.1146/annurev-bioeng-082420-124920,https://pubmed.ncbi.nlm.nih.gov/33872520/,https://europepmc.org/articles/PMC8277680,2026-08-30,"Metadata/title for all; abstract or full text only as stated. Machine-assisted coding, manually audited positives; no copyrighted body text retained."
R182,doi:10.1146/annurev-bioeng-082420-020343,10.1146/annurev-bioeng-082420-020343,33797938,,Quantitative Molecular Positron Emission Tomography Imaging Using Advanced Deep Learning Techniques.,2021-04-02,2021,Annual Review of Biomedical Engineering,Annu Rev Biomed Eng,Specialist_review_leaders,field-leading annual review series,review_narrative_or_unspecified,AI_computation_and_data,eng,ppublish,45,26.7762,artificial intelligence; machine learning; deep learning; imaging,subscription_or_oa_unknown,abstract,yes,not_attempted_no_pmcid,not_applicable_no_full_text,not_assessed_without_full_text,abstract_or_title_only,low,not_assessed,,not_assessed,,not_assessed,not_assessed,,not_assessed,not_assessed,not_assessed,not_assessed,not_assessed,not_assessed,abstract_moves=scope_signpost+outlook_or_implication; body_structure=not_assessed,11,no,no,171,3,no,no,no,yes,no,no,yes,,,,,not_assessed,not_assessed,not_assessed,not_assessed_without_full_text,Europe PMC/PubMed; Crossref,verified,journal-article,1.0,yes,https://doi.org/10.1146/annurev-bioeng-082420-020343,https://pubmed.ncbi.nlm.nih.gov/33797938/,,2026-08-30,"Metadata/title for all; abstract or full text only as stated. Machine-assisted coding, manually audited positives; no copyrighted body text retained."
R183,doi:10.1146/annurev-bioeng-110220-012203,10.1146/annurev-bioeng-110220-012203,35316609,,Deep Learning and Medical Image Analysis for COVID-19 Diagnosis and Prediction.,2022-03-22,2022,Annual Review of Biomedical Engineering,Annu Rev Biomed Eng,Specialist_review_leaders,field-leading annual review series,review_narrative_or_unspecified,AI_computation_and_data,eng,ppublish,46,18.7834,artificial intelligence; deep learning; imaging,subscription_or_oa_unknown,abstract,yes,not_attempted_no_pmcid,not_applicable_no_full_text,not_assessed_without_full_text,abstract_or_title_only,low,not_assessed,,not_assessed,,not_assessed,not_assessed,,not_assessed,not_assessed,not_assessed,not_assessed,not_assessed,not_assessed,abstract_moves=problem_or_gap+scope_signpost+outlook_or_implication; body_structure=not_assessed,11,no,no,150,5,yes,yes,yes,yes,no,no,yes,,,,,not_assessed,not_assessed,not_assessed,not_assessed_without_full_text,Europe PMC/PubMed; Crossref,verified,journal-article,1.0,yes,https://doi.org/10.1146/annurev-bioeng-110220-012203,https://pubmed.ncbi.nlm.nih.gov/35316609/,,2026-08-30,"Metadata/title for all; abstract or full text only as stated. Machine-assisted coding, manually audited positives; no copyrighted body text retained."
R184,doi:10.1146/annurev-bioeng-092222-034906,10.1146/annurev-bioeng-092222-034906,37000965,PMC10879987,Nanotechnologies for Physiology-Informed Drug Delivery to the Lymphatic System.,2023-03-31,2023,Annual Review of Biomedical Engineering,Annu Rev Biomed Eng,Specialist_review_leaders,field-leading annual review series,review_narrative_or_unspecified,biomaterials_nanomedicine_delivery,eng,ppublish,7,24.9931,nanoparticle; drug delivery; bioengineering; therapeutic,open_access_europepmc_full_text,full_text_xml,yes,success,CC_BY,no_explicit_review_search_detected,full_text_audited_no_matching_review-search_section,moderate,not_reported,,not_reported,,no,not_reported,,no,no,no,no,no,no,abstract_moves=not_machine_detected; top_level_sections=9; introduction_heading=yes; conclusion_outlook_heading=yes; figures=0; tables=0; boxes=0,9,no,no,64,3,no,yes,no,no,no,no,no,9,0,0,0,yes,yes,no_or_embedded,thematic_synthesis_with_explicit_conclusion_or_outlook,Europe PMC/PubMed; Crossref,verified,journal-article,1.0,yes,https://doi.org/10.1146/annurev-bioeng-092222-034906,https://pubmed.ncbi.nlm.nih.gov/37000965/,https://europepmc.org/articles/PMC10879987,2026-08-30,"Metadata/title for all; abstract or full text only as stated. Machine-assisted coding, manually audited positives; no copyrighted body text retained."
R185,doi:10.1146/annurev-bioeng-110122-014306,10.1146/annurev-bioeng-110122-014306,38959388,,"Harnessing Immunomodulatory Polymers for Treatment of Autoimmunity, Allergy, and Transplant Rejection.",2024-07-01,2024,Annual Review of Biomedical Engineering,Annu Rev Biomed Eng,Specialist_review_leaders,field-leading annual review series,review_narrative_or_unspecified,biomaterials_nanomedicine_delivery,eng,ppublish,3,17.9621,biomaterial; polymer; nanoparticle; cancer,subscription_or_oa_unknown,abstract,yes,not_attempted_no_pmcid,not_applicable_no_full_text,not_assessed_without_full_text,abstract_or_title_only,low,not_assessed,,not_assessed,,not_assessed,not_assessed,,not_assessed,not_assessed,not_assessed,not_assessed,not_assessed,not_assessed,abstract_moves=not_machine_detected; body_structure=not_assessed,11,no,no,164,6,yes,no,no,no,no,no,no,,,,,not_assessed,not_assessed,not_assessed,not_assessed_without_full_text,Europe PMC/PubMed; Crossref,verified,journal-article,1.0,yes,https://doi.org/10.1146/annurev-bioeng-110122-014306,https://pubmed.ncbi.nlm.nih.gov/38959388/,,2026-08-30,"Metadata/title for all; abstract or full text only as stated. Machine-assisted coding, manually audited positives; no copyrighted body text retained."
R186,doi:10.1146/annurev-bioeng-110222-103522,10.1146/annurev-bioeng-110222-103522,40310890,PMC12184098,Microfabricated Organ-Specific Models of Tumor Microenvironments.,2025-05-01,2025,Annual Review of Biomedical Engineering,Annu Rev Biomed Eng,Specialist_review_leaders,field-leading annual review series,review_narrative_or_unspecified,bioengineering_regeneration_synthetic_biology,eng,ppublish,8,21.0324,tissue engineering; therapeutic; single-cell; omics; cancer,open_access_europepmc_full_text,full_text_xml,yes,success,Creative_Commons_other_or_unclear,no_explicit_review_search_detected,full_text_audited_no_matching_review-search_section,moderate,not_reported,,not_reported,,no,not_reported,,no,no,no,no,no,no,abstract_moves=scope_signpost; top_level_sections=9; introduction_heading=yes; conclusion_outlook_heading=yes; figures=4; tables=0; boxes=0,6,no,no,152,6,yes,yes,no,yes,no,yes,no,9,4,0,0,yes,yes,yes,thematic_synthesis_with_explicit_conclusion_or_outlook,Europe PMC/PubMed; Crossref,verified,journal-article,1.0,yes,https://doi.org/10.1146/annurev-bioeng-110222-103522,https://pubmed.ncbi.nlm.nih.gov/40310890/,https://europepmc.org/articles/PMC12184098,2026-08-30,"Metadata/title for all; abstract or full text only as stated. Machine-assisted coding, manually audited positives; no copyrighted body text retained."
R187,doi:10.1146/annurev-bioeng-110824-031709,10.1146/annurev-bioeng-110824-031709,41543941,,Opportunities and Challenges in Precision Neurotherapeutics.,2026-01-16,2026,Annual Review of Biomedical Engineering,Annu Rev Biomed Eng,Specialist_review_leaders,field-leading annual review series,review_narrative_or_unspecified,AI_computation_and_data,eng,ppublish,1,26.731,artificial intelligence; generative; computational; drug discovery; therapeutic; omics; imaging,subscription_or_oa_unknown,abstract,yes,not_attempted_no_pmcid,not_applicable_no_full_text,not_assessed_without_full_text,abstract_or_title_only,low,not_assessed,,not_assessed,,not_assessed,not_assessed,,not_assessed,not_assessed,not_assessed,not_assessed,not_assessed,not_assessed,abstract_moves=scope_signpost; body_structure=not_assessed,6,no,no,158,5,no,no,no,yes,no,no,no,,,,,not_assessed,not_assessed,not_assessed,not_assessed_without_full_text,Europe PMC/PubMed; Crossref,verified,journal-article,1.0,yes,https://doi.org/10.1146/annurev-bioeng-110824-031709,https://pubmed.ncbi.nlm.nih.gov/41543941/,,2026-08-30,"Metadata/title for all; abstract or full text only as stated. Machine-assisted coding, manually audited positives; no copyrighted body text retained."
R188,doi:10.1146/annurev-bioeng-110824-124907,10.1146/annurev-bioeng-110824-124907,42067517,,Physics-Informed Machine Learning in Biomedical Science and Engineering.,2026-05-01,2026,Annual Review of Biomedical Engineering,Annu Rev Biomed Eng,Specialist_review_leaders,field-leading annual review series,review_narrative_or_unspecified,AI_computation_and_data,eng,ppublish,6,28.1486,machine learning; deep learning; neural network; data-driven; imaging,subscription_or_oa_unknown,abstract,yes,not_attempted_no_pmcid,not_applicable_no_full_text,not_assessed_without_full_text,abstract_or_title_only,low,not_assessed,,not_assessed,,not_assessed,not_assessed,,not_assessed,not_assessed,not_assessed,not_assessed,not_assessed,not_assessed,abstract_moves=scope_signpost+outlook_or_implication; body_structure=not_assessed,8,no,no,174,7,yes,yes,no,yes,no,no,yes,,,,,not_assessed,not_assessed,not_assessed,not_assessed_without_full_text,Europe PMC/PubMed; Crossref,verified,journal-article,1.0,yes,https://doi.org/10.1146/annurev-bioeng-110824-124907,https://pubmed.ncbi.nlm.nih.gov/42067517/,,2026-08-30,"Metadata/title for all; abstract or full text only as stated. Machine-assisted coding, manually audited positives; no copyrighted body text retained."
R189,doi:10.1146/annurev-bioeng-110824-125943,10.1146/annurev-bioeng-110824-125943,41740028,,Smart Polymeric Biomaterials for Clinical Use.,2026-02-25,2026,Annual Review of Biomedical Engineering,Annu Rev Biomed Eng,Specialist_review_leaders,field-leading annual review series,review_narrative_or_unspecified,biomaterials_nanomedicine_delivery,eng,ppublish,1,29.731,biomaterial; hydrogel; polymer; drug delivery; scaffold; materials,subscription_or_oa_unknown,abstract,yes,not_attempted_no_pmcid,not_applicable_no_full_text,not_assessed_without_full_text,abstract_or_title_only,low,not_assessed,,not_assessed,,not_assessed,not_assessed,,not_assessed,not_assessed,not_assessed,not_assessed,not_assessed,not_assessed,abstract_moves=problem_or_gap+scope_signpost+outlook_or_implication; body_structure=not_assessed,6,no,no,204,8,yes,no,yes,yes,no,no,yes,,,,,not_assessed,not_assessed,not_assessed,not_assessed_without_full_text,Europe PMC/PubMed; Crossref,verified,journal-article,1.0,yes,https://doi.org/10.1146/annurev-bioeng-110824-125943,https://pubmed.ncbi.nlm.nih.gov/41740028/,,2026-08-30,"Metadata/title for all; abstract or full text only as stated. Machine-assisted coding, manually audited positives; no copyrighted body text retained."
R190,doi:10.1146/annurev-bioeng-110824-012128,10.1146/annurev-bioeng-110824-012128,41666038,,Teravoxel Microscopy Image Analysis for Neurological Diseases.,2026-02-10,2026,Annual Review of Biomedical Engineering,Annu Rev Biomed Eng,Specialist_review_leaders,field-leading annual review series,review_narrative_or_unspecified,AI_computation_and_data,eng,ppublish,2,40.8662,artificial intelligence; machine learning; deep learning; generative; computational; data-driven; high-throughput; imaging,subscription_or_oa_unknown,abstract,yes,not_attempted_no_pmcid,not_applicable_no_full_text,not_assessed_without_full_text,abstract_or_title_only,low,not_assessed,,not_assessed,,not_assessed,not_assessed,,not_assessed,not_assessed,not_assessed,not_assessed,not_assessed,not_assessed,abstract_moves=scope_signpost+synthesis_or_comparison; body_structure=not_assessed,7,no,no,171,6,yes,yes,no,yes,yes,no,no,,,,,not_assessed,not_assessed,not_assessed,not_assessed_without_full_text,Europe PMC/PubMed; Crossref,verified,journal-article,1.0,yes,https://doi.org/10.1146/annurev-bioeng-110824-012128,https://pubmed.ncbi.nlm.nih.gov/41666038/,,2026-08-30,"Metadata/title for all; abstract or full text only as stated. Machine-assisted coding, manually audited positives; no copyrighted body text retained."
R191,doi:10.1016/j.tibtech.2021.01.007,10.1016/j.tibtech.2021.01.007,33602609,PMC9078202,Oxygen-Releasing Biomaterials: Current Challenges and Future Applications.,2021-02-16,2021,Trends in Biotechnology,Trends Biotechnol,Specialist_review_leaders,high-selectivity trends/opinion/review venue,review_narrative_or_unspecified,biomaterials_nanomedicine_delivery,eng,ppublish,92,24.8109,generative; biomaterial; regenerative; materials,subscription_or_oa_unknown,abstract,yes,failed,not_applicable_no_full_text,not_assessed_without_full_text,abstract_or_title_only,low,not_assessed,,not_assessed,,not_assessed,not_assessed,,not_assessed,not_assessed,not_assessed,not_assessed,not_assessed,not_assessed,abstract_moves=scope_signpost+outlook_or_implication; body_structure=not_assessed,7,yes,no,105,5,yes,yes,no,yes,no,no,yes,,,,,not_assessed,not_assessed,not_assessed,not_assessed_without_full_text,Europe PMC/PubMed; Crossref,verified,journal-article,1.0,yes,https://doi.org/10.1016/j.tibtech.2021.01.007,https://pubmed.ncbi.nlm.nih.gov/33602609/,https://europepmc.org/articles/PMC9078202,2026-08-30,"Metadata/title for all; abstract or full text only as stated. Machine-assisted coding, manually audited positives; no copyrighted body text retained."
R192,doi:10.1016/j.tibtech.2022.02.005,10.1016/j.tibtech.2022.02.005,35282901,,Are batch effects still relevant in the age of big data?,2022-03-10,2022,Trends in Biotechnology,Trends Biotechnol,Specialist_review_leaders,high-selectivity trends/opinion/review venue,review_narrative_or_unspecified,AI_computation_and_data,eng,ppublish,40,24.7379,artificial intelligence; machine learning; high-throughput; single-cell,subscription_or_oa_unknown,abstract,yes,not_attempted_no_pmcid,not_applicable_no_full_text,not_assessed_without_full_text,abstract_or_title_only,low,not_assessed,,not_assessed,,not_assessed,not_assessed,,not_assessed,not_assessed,not_assessed,not_assessed,not_assessed,not_assessed,abstract_moves=not_machine_detected; body_structure=not_assessed,11,no,yes,117,7,yes,no,no,no,no,yes,no,,,,,not_assessed,not_assessed,not_assessed,not_assessed_without_full_text,Europe PMC/PubMed; Crossref,verified,journal-article,1.0,yes,https://doi.org/10.1016/j.tibtech.2022.02.005,https://pubmed.ncbi.nlm.nih.gov/35282901/,,2026-08-30,"Metadata/title for all; abstract or full text only as stated. Machine-assisted coding, manually audited positives; no copyrighted body text retained."
R193,doi:10.1016/j.tibtech.2022.08.007,10.1016/j.tibtech.2022.08.007,36117026,,Artificial intelligence and machine learning applications in biopharmaceutical manufacturing.,2022-09-15,2023,Trends in Biotechnology,Trends Biotechnol,Specialist_review_leaders,high-selectivity trends/opinion/review venue,review_narrative_or_unspecified,AI_computation_and_data,eng,ppublish,68,25.9114,artificial intelligence; machine learning; neural network; therapeutic,subscription_or_oa_unknown,abstract,yes,not_attempted_no_pmcid,not_applicable_no_full_text,not_assessed_without_full_text,abstract_or_title_only,low,not_assessed,,not_assessed,,not_assessed,not_assessed,,not_assessed,not_assessed,not_assessed,not_assessed,not_assessed,not_assessed,abstract_moves=scope_signpost+outlook_or_implication; body_structure=not_assessed,9,no,no,106,4,no,yes,no,yes,no,no,yes,,,,,not_assessed,not_assessed,not_assessed,not_assessed_without_full_text,Europe PMC/PubMed; Crossref,verified,journal-article,1.0,yes,https://doi.org/10.1016/j.tibtech.2022.08.007,https://pubmed.ncbi.nlm.nih.gov/36117026/,,2026-08-30,"Metadata/title for all; abstract or full text only as stated. Machine-assisted coding, manually audited positives; no copyrighted body text retained."
R194,doi:10.1016/j.tibtech.2022.07.001,10.1016/j.tibtech.2022.07.001,35907704,,Bioprinting-assisted tissue assembly to generate organ substitutes at scale.,2022-07-28,2023,Trends in Biotechnology,Trends Biotechnol,Specialist_review_leaders,high-selectivity trends/opinion/review venue,review_narrative_or_unspecified,AI_computation_and_data,eng,ppublish,24,28.573,artificial intelligence; automation; biomaterial; tissue engineering; materials,subscription_or_oa_unknown,abstract,yes,not_attempted_no_pmcid,not_applicable_no_full_text,not_assessed_without_full_text,abstract_or_title_only,low,not_assessed,,not_assessed,,not_assessed,not_assessed,,not_assessed,not_assessed,not_assessed,not_assessed,not_assessed,not_assessed,abstract_moves=scope_signpost+outlook_or_implication; body_structure=not_assessed,9,no,no,113,5,yes,yes,no,yes,no,no,yes,,,,,not_assessed,not_assessed,not_assessed,not_assessed_without_full_text,Europe PMC/PubMed; Crossref,verified,journal-article,1.0,yes,https://doi.org/10.1016/j.tibtech.2022.07.001,https://pubmed.ncbi.nlm.nih.gov/35907704/,,2026-08-30,"Metadata/title for all; abstract or full text only as stated. Machine-assisted coding, manually audited positives; no copyrighted body text retained."
R195,doi:10.1016/j.tibtech.2023.10.009,10.1016/j.tibtech.2023.10.009,38057169,PMC11669461,Advances in 3D bioprinting for urethral tissue reconstruction.,2023-12-05,2024,Trends in Biotechnology,Trends Biotechnol,Specialist_review_leaders,high-selectivity trends/opinion/review venue,review_narrative_or_unspecified,AI_computation_and_data,eng,ppublish,11,27.1283,computational; biomaterial; tissue engineering; imaging; materials,open_access_no_epmc_full_text,abstract,yes,failed,not_applicable_no_full_text,not_assessed_without_full_text,abstract_or_title_only,low,not_assessed,,not_assessed,,not_assessed,not_assessed,,not_assessed,not_assessed,not_assessed,not_assessed,not_assessed,not_assessed,abstract_moves=scope_signpost+outlook_or_implication; body_structure=not_assessed,8,no,no,118,5,no,yes,no,yes,no,no,yes,,,,,not_assessed,not_assessed,not_assessed,not_assessed_without_full_text,Europe PMC/PubMed; Crossref,verified,journal-article,1.0,yes,https://doi.org/10.1016/j.tibtech.2023.10.009,https://pubmed.ncbi.nlm.nih.gov/38057169/,https://europepmc.org/articles/PMC11669461,2026-08-30,"Metadata/title for all; abstract or full text only as stated. Machine-assisted coding, manually audited positives; no copyrighted body text retained."
R196,doi:10.1016/j.tibtech.2025.03.003,10.1016/j.tibtech.2025.03.003,40155269,,Enzyme functional classification using artificial intelligence.,2025-03-27,2025,Trends in Biotechnology,Trends Biotechnol,Specialist_review_leaders,high-selectivity trends/opinion/review venue,review_narrative_or_unspecified,AI_computation_and_data,eng,ppublish,7,32.1931,artificial intelligence; machine learning; deep learning; generative; high-throughput,subscription_or_oa_unknown,abstract,yes,not_attempted_no_pmcid,not_applicable_no_full_text,not_assessed_without_full_text,abstract_or_title_only,low,not_assessed,,not_assessed,,not_assessed,not_assessed,,not_assessed,not_assessed,not_assessed,not_assessed,not_assessed,not_assessed,abstract_moves=scope_signpost+outlook_or_implication; body_structure=not_assessed,6,no,no,121,6,yes,no,no,yes,no,no,yes,,,,,not_assessed,not_assessed,not_assessed,not_assessed_without_full_text,Europe PMC/PubMed; Crossref,verified,journal-article,1.0,yes,https://doi.org/10.1016/j.tibtech.2025.03.003,https://pubmed.ncbi.nlm.nih.gov/40155269/,,2026-08-30,"Metadata/title for all; abstract or full text only as stated. Machine-assisted coding, manually audited positives; no copyrighted body text retained."
R197,doi:10.1016/j.tibtech.2025.07.011,10.1016/j.tibtech.2025.07.011,40744834,,AI sheds new light on genome editing.,2025-07-30,2026,Trends in Biotechnology,Trends Biotechnol,Specialist_review_leaders,high-selectivity trends/opinion/review venue,review_narrative_or_unspecified,AI_computation_and_data,eng,ppublish,5,24.5973,artificial intelligence; deep learning; data-driven; therapeutic; biotechnology,subscription_or_oa_unknown,abstract,yes,not_attempted_no_pmcid,not_applicable_no_full_text,not_assessed_without_full_text,abstract_or_title_only,low,not_assessed,,not_assessed,,not_assessed,not_assessed,,not_assessed,not_assessed,not_assessed,not_assessed,not_assessed,not_assessed,abstract_moves=scope_signpost+outlook_or_implication; body_structure=not_assessed,7,no,no,122,4,yes,yes,no,yes,no,no,yes,,,,,not_assessed,not_assessed,not_assessed,not_assessed_without_full_text,Europe PMC/PubMed; Crossref,verified,journal-article,1.0,yes,https://doi.org/10.1016/j.tibtech.2025.07.011,https://pubmed.ncbi.nlm.nih.gov/40744834/,,2026-08-30,"Metadata/title for all; abstract or full text only as stated. Machine-assisted coding, manually audited positives; no copyrighted body text retained."
R198,doi:10.1016/j.tibtech.2025.11.009,10.1016/j.tibtech.2025.11.009,41354607,,Advances in lung biomimetic systems: exploring biophysical cues in lung regenerative medicine.,2025-12-06,2026,Trends in Biotechnology,Trends Biotechnol,Specialist_review_leaders,high-selectivity trends/opinion/review venue,review_narrative_or_unspecified,biomaterials_nanomedicine_delivery,eng,ppublish,0,25.5,generative; biomaterial; scaffold; tissue engineering; regenerative,subscription_or_oa_unknown,abstract,yes,not_attempted_no_pmcid,not_applicable_no_full_text,not_assessed_without_full_text,abstract_or_title_only,low,not_assessed,,not_assessed,,not_assessed,not_assessed,,not_assessed,not_assessed,not_assessed,not_assessed,not_assessed,not_assessed,abstract_moves=problem_or_gap+scope_signpost+outlook_or_implication; body_structure=not_assessed,12,yes,no,113,5,yes,yes,yes,yes,no,no,yes,,,,,not_assessed,not_assessed,not_assessed,not_assessed_without_full_text,Europe PMC/PubMed; Crossref,verified,journal-article,1.0,yes,https://doi.org/10.1016/j.tibtech.2025.11.009,https://pubmed.ncbi.nlm.nih.gov/41354607/,,2026-08-30,"Metadata/title for all; abstract or full text only as stated. Machine-assisted coding, manually audited positives; no copyrighted body text retained."
R199,doi:10.1016/j.tibtech.2025.08.009,10.1016/j.tibtech.2025.08.009,40975651,,Are amyloid-based materials conducive to tissue engineering?,2025-09-19,2026,Trends in Biotechnology,Trends Biotechnol,Specialist_review_leaders,high-selectivity trends/opinion/review venue,review_narrative_or_unspecified,biomaterials_nanomedicine_delivery,eng,ppublish,1,28.731,biomaterial; polymer; scaffold; tissue engineering; synthetic biology; materials,subscription_or_oa_unknown,abstract,yes,not_attempted_no_pmcid,not_applicable_no_full_text,not_assessed_without_full_text,abstract_or_title_only,low,not_assessed,,not_assessed,,not_assessed,not_assessed,,not_assessed,not_assessed,not_assessed,not_assessed,not_assessed,not_assessed,abstract_moves=scope_signpost; body_structure=not_assessed,7,no,yes,118,5,no,yes,no,yes,no,no,no,,,,,not_assessed,not_assessed,not_assessed,not_assessed_without_full_text,Europe PMC/PubMed; Crossref,verified,journal-article,1.0,yes,https://doi.org/10.1016/j.tibtech.2025.08.009,https://pubmed.ncbi.nlm.nih.gov/40975651/,,2026-08-30,"Metadata/title for all; abstract or full text only as stated. Machine-assisted coding, manually audited positives; no copyrighted body text retained."
R200,doi:10.1016/j.tibtech.2025.11.007,10.1016/j.tibtech.2025.11.007,41455608,,The landscape of ion-releasing biomaterials: from preclinical insights to clinical studies.,2025-12-26,2026,Trends in Biotechnology,Trends Biotechnol,Specialist_review_leaders,high-selectivity trends/opinion/review venue,review_narrative_or_unspecified,biomaterials_nanomedicine_delivery,eng,ppublish,4,28.0365,generative; biomaterial; tissue engineering; regenerative; therapeutic; imaging; materials,subscription_or_oa_unknown,abstract,yes,not_attempted_no_pmcid,not_applicable_no_full_text,not_assessed_without_full_text,abstract_or_title_only,low,not_assessed,,not_assessed,,not_assessed,not_assessed,,not_assessed,not_assessed,not_assessed,not_assessed,not_assessed,not_assessed,abstract_moves=scope_signpost; body_structure=not_assessed,11,yes,no,104,5,no,yes,no,yes,no,yes,no,,,,,not_assessed,not_assessed,not_assessed,not_assessed_without_full_text,Europe PMC/PubMed; Crossref,verified,journal-article,1.0,yes,https://doi.org/10.1016/j.tibtech.2025.11.007,https://pubmed.ncbi.nlm.nih.gov/41455608/,,2026-08-30,"Metadata/title for all; abstract or full text only as stated. Machine-assisted coding, manually audited positives; no copyrighted body text retained."
