venue,family,sample_from,sample_to,publication_year,openalex_id,doi,title,title_words,abstract_words,abstract_sentences,abstract_sha256,sentence_word_lengths,title_has_colon,title_has_question,title_has_acronym,uses_first_person,contains_numeric_evidence,strong_verb_count,hedge_count,first_sentence_move,final_sentence_move,move_context,move_gap_or_problem,move_contribution,move_result,move_implication,move_limitation_or_boundary
Cell,journal,2024-01-01,2026-08-30,2024,https://openalex.org/W4405319369,https://doi.org/10.1016/j.cell.2024.11.016,Regulation of human interferon signaling by transposon exonization,8,140,5,ec468e645f5b5cd439207f4d30e97b288597ece5bae9c51e60072cda9c2f428a,22;23;28;45;22,False,False,False,True,True,5,0,other,other,True,False,True,False,False,False
Cell,journal,2024-01-01,2026-08-30,2025,https://openalex.org/W4414111947,https://doi.org/10.1016/j.cell.2025.08.021,A brain center that controls consummatory responses,7,157,6,ae3d0b59ed22b8ac9a0682f566d14050b8c2e7c6226a109c01e3c216c4fd9563,10;30;43;20;12;42,False,False,False,True,False,5,0,other,other,False,False,True,True,False,False
Cell,journal,2024-01-01,2026-08-30,2025,https://openalex.org/W4408185954,https://doi.org/10.1016/j.cell.2025.01.038,From big data and experimental models to clinical trials: Iterative strategies in microbiome research,14,200,7,d04d71e92b80af7adaea7a33a6eeb73092b30af248cc50da55e3265644f0212c,18;34;40;32;28;18;30,True,False,False,True,False,1,0,gap_or_problem,other,False,True,False,False,False,False
Cell,journal,2024-01-01,2026-08-30,2026,https://openalex.org/W7131884719,https://doi.org/10.1016/j.cell.2026.01.030,High-resolution in situ structures of hantavirus glycoprotein tetramers,8,153,7,ceabd900bdbdc21e0945aea5921324edc6ae0d4e14e8ca2b8217679e42ca4cdf,8;34;18;33;13;31;16,False,False,False,True,True,4,0,other,other,False,True,True,False,False,False
Cell,journal,2024-01-01,2026-08-30,2025,https://openalex.org/W4409199046,https://doi.org/10.1016/j.cell.2025.03.010,Conserved genetic basis for microbial colonization of the gut,9,155,9,3224f6fd7f02fbbcab9a86eae632727eca75f043d18517d16d3e0673e4999a8f,16;20;18;19;20;19;10;17;16,False,False,False,True,True,3,2,gap_or_problem,other,False,True,False,False,False,False
Cell,journal,2024-01-01,2026-08-30,2024,https://openalex.org/W4393995286,https://doi.org/10.1016/j.cell.2024.03.004,"A genome-wide spectrum of tandem repeat expansions in 338,963 humans",11,143,5,86655386c9934431835245cb90e99985046905c65decfc5b51b8e1de2de81c29,41;32;17;34;19,False,False,False,True,True,1,2,gap_or_problem,other,False,True,True,False,False,False
Cell,journal,2024-01-01,2026-08-30,2024,https://openalex.org/W4401951560,https://doi.org/10.1016/j.cell.2024.07.053,Cryo-EM-based discovery of a pathogenic parvovirus causing epidemic mortality by black wasting disease in farmed beetles,16,149,7,5bf2ab4764fa3b0f982ebff2cae82a592a0ae5ddfaeaad35f6edcb0d472c413a,21;22;20;18;28;26;14,False,False,True,True,True,3,0,other,other,False,False,False,False,False,False
Cell,journal,2024-01-01,2026-08-30,2025,https://openalex.org/W4414509405,https://doi.org/10.1016/j.cell.2025.08.038,Multiscale proteomic modeling reveals protein networks driving Alzheimer’s disease pathogenesis,11,147,7,5662180bb6beaae5b3ee2f17effad65ab0f39b92cf80fb4d67dacd12414641af,19;29;26;18;12;22;21,False,False,False,True,False,3,0,other,other,False,False,True,False,False,False
Cell,journal,2024-01-01,2026-08-30,2024,https://openalex.org/W4398175631,https://doi.org/10.1016/j.cell.2024.04.016,Global epistasis and the emergence of function in microbial consortia,10,148,5,7f78acce2f9dc0af69aac93a49debaa227ddc8c83c8fc16d9a1b2ced3fad90c2,18;21;38;26;45,False,False,False,True,False,1,0,other,other,False,False,True,True,False,False
Cell,journal,2024-01-01,2026-08-30,2024,https://openalex.org/W4400978576,https://doi.org/10.1016/j.cell.2024.06.037,Natural malaria infection elicits rare but potent neutralizing antibodies to the blood-stage antigen RH5,15,171,5,6f0701254d2ce924d2cb6d56e78fa181c32b1b9011a730a92066f43c8d6f6248,48;32;27;38;26,False,False,False,True,True,1,3,other,implication,False,True,True,False,True,False
Cell,journal,2024-01-01,2026-08-30,2026,https://openalex.org/W4415189576,https://doi.org/10.1016/j.cell.2026.07.018,The complete genome of a songbird,6,151,8,86c2a09560ba4e62f9441f00cb20554ea128c025c76ec631c27b0d65a3ed4184,18;24;16;17;11;26;21;18,False,False,False,False,True,2,0,gap_or_problem,other,False,True,True,False,False,False
Cell,journal,2024-01-01,2026-08-30,2025,https://openalex.org/W4412392297,https://doi.org/10.1016/j.cell.2025.06.025,Engineering yeast multicellular behaviors via synthetic adhesion and contact signaling,10,150,6,50a1dd00956728786446ae89fdc46941c83ee31b448156ed26f34d637a673b22,16;27;37;22;26;22,False,False,False,True,False,1,0,gap_or_problem,implication,False,True,True,False,True,False
Cell,journal,2024-01-01,2026-08-30,2026,https://openalex.org/W4406967715,https://doi.org/10.1016/j.cell.2025.12.040,A cell type-specific mechanism driving the rapid antidepressant effects of transcranial magnetic stimulation,13,150,6,a2fc39c27e22d06384326847193fcaf5f3be2e60d75aa1cce2d7a4a1e684517c,19;36;27;35;17;16,False,False,False,True,False,2,0,gap_or_problem,result,False,True,False,True,True,False
Cell,journal,2024-01-01,2026-08-30,2025,https://openalex.org/W4409481086,https://doi.org/10.1016/j.cell.2025.03.027,Structure and infection dynamics of mycobacteriophage Bxb1,8,148,5,e42d37d720a5fa05ab5ccd786470b341344b102a046eb3591d58871d10105465,18;32;40;20;38,False,False,False,True,True,3,0,other,other,False,False,True,True,False,False
Cell,journal,2024-01-01,2026-08-30,2024,https://openalex.org/W4398231714,https://doi.org/10.1016/j.cell.2024.04.035,Establishing a conceptual framework for holistic cell states and state transitions,11,150,5,1df5c09507fac0330e2c6dcdc020b5276eb8d63d2687965d3e5d894e938b775f,18;16;44;41;31,False,False,False,True,False,1,1,other,contribution,False,False,True,False,True,False
Cell,journal,2024-01-01,2026-08-30,2025,https://openalex.org/W4408505447,https://doi.org/10.1016/j.cell.2025.02.014,Ligand-induced ubiquitination unleashes LAG3 immune checkpoint function by hindering membrane sequestration of signaling motifs,15,181,8,9727643a83ef93ff914e1117a0240ae28bc7c9c5ec8372933b36701ee4a6e25f,26;26;27;36;17;15;21;13,False,False,False,True,True,2,3,other,implication,False,False,False,False,True,False
Cell,journal,2024-01-01,2026-08-30,2026,https://openalex.org/W4411325256,https://doi.org/10.1016/j.cell.2026.04.003,Bringing the genetically minimal cell to life on a computer in 4D,13,154,8,e14671dd24339c36b9cf44da0c88f0146a52a3145076f665aae09b3494a4bbe6,23;24;11;17;25;28;8;18,False,False,False,True,True,1,0,contribution,other,False,False,True,False,False,False
Cell,journal,2024-01-01,2026-08-30,2024,https://openalex.org/W4395052590,https://doi.org/10.1016/j.cell.2024.03.031,Synthetic protein circuits for programmable control of mammalian cell death,10,139,7,d6ef2c674f278e3d6a0ebb381d3151a7d5085ab1c29f5b31f3ff226372f2b701,26;22;19;17;17;25;13,False,False,False,True,False,0,1,other,other,False,True,True,False,False,False
Cell,journal,2024-01-01,2026-08-30,2024,https://openalex.org/W4396780652,https://doi.org/10.1016/j.cell.2024.03.016,Neurotransmitter classification from electron microscopy images at synaptic sites in Drosophila melanogaster,12,150,6,2aa2e6d36327df536156ef041b9ff632e0617745f8a2797421cd12c77840014f,13;27;51;16;25;18,False,False,False,True,True,4,1,other,other,False,True,False,True,False,False
Cell,journal,2024-01-01,2026-08-30,2024,https://openalex.org/W4405532460,https://doi.org/10.1016/j.cell.2024.11.014,The auditory midbrain mediates tactile vibration sensing,7,149,6,2713127ecd8d87b7e95fdf9d7e565284a7a91bec070cab69e847385a06f0f088,11;41;46;23;12;16,False,False,False,True,True,0,0,other,implication,False,False,True,True,True,False
Cell,journal,2024-01-01,2026-08-30,2024,https://openalex.org/W4402557652,https://doi.org/10.1016/j.cell.2024.08.033,Fine-grained descending control of steering in walking Drosophila,8,149,8,5a1d26d28d62cdc89c2a7f4fc257b57eaaf72bf9311f1497d3b769ac230fdc6c,13;18;14;11;12;39;27;15,False,False,False,True,False,4,1,other,result,False,False,True,True,True,False
Cell,journal,2024-01-01,2026-08-30,2025,https://openalex.org/W4408164843,https://doi.org/10.1016/j.cell.2025.02.005,CXCL12 drives natural variation in coronary artery anatomy across diverse populations,12,156,7,57a88892c488682f6e2f21c62a6e6f2a89218e6e537faf42f3a9c46fb47b9f2f,12;37;28;22;17;20;20,False,False,False,True,True,3,1,other,other,False,False,False,True,False,False
Cell,journal,2024-01-01,2026-08-30,2025,https://openalex.org/W4416702280,https://doi.org/10.1016/j.cell.2025.10.042,Stress-induced sympathetic hyperactivation drives hair follicle necrosis to trigger autoimmunity,10,147,6,260d7acdac30c456dbdc6b5f1da2ece0e77540351f3bf3da93dcd0c6ccb1a0ab,14;13;26;24;33;37,False,False,False,True,False,3,0,gap_or_problem,other,False,True,True,True,False,False
Cell,journal,2024-01-01,2026-08-30,2024,https://openalex.org/W4405638508,https://doi.org/10.1016/j.cell.2024.11.031,Inflammation switches the chemoattractant requirements for naive lymphocyte entry into lymph nodes,12,163,8,89ccd32c1966d31fb9f6daa9a14a0677fffccce0011e78327243bf9f858c700b,14;28;24;21;7;21;14;34,False,False,False,True,True,4,0,context,implication,True,False,True,True,True,False
Cell,journal,2024-01-01,2026-08-30,2025,https://openalex.org/W4417122962,https://doi.org/10.1016/j.cell.2025.11.011,Structural basis of microtubule-mediated signal transduction,6,177,6,33bb28ef4c537b287f9a63b3cb9f4c6db08f47eb9ce9a4bea905711426861695,20;31;27;19;53;27,False,False,False,True,False,6,0,other,implication,True,False,True,True,True,False
Cell,journal,2024-01-01,2026-08-30,2024,https://openalex.org/W4404299477,https://doi.org/10.1016/j.cell.2024.10.032,A β-hydroxybutyrate shunt pathway generates anti-obesity ketone metabolites,8,153,9,0c58c4d79c17037f131dfb82d49d24fd03206bd5299242017d8aefa83b72c756,7;17;22;14;18;21;21;15;18,False,False,False,True,False,2,0,other,implication,False,False,True,False,True,False
Cell,journal,2024-01-01,2026-08-30,2025,https://openalex.org/W4415517987,https://doi.org/10.1016/j.cell.2025.09.026,SARM1 senses dsDNA to promote NAD+ degradation and cell death,11,157,7,abef2046e23fce69e9ebb64c133cf167523faf3066a4c9d70968530dee507564,20;9;44;19;39;10;16,False,False,True,True,True,2,1,context,result,True,True,True,True,False,False
Cell,journal,2024-01-01,2026-08-30,2025,https://openalex.org/W4410399847,https://doi.org/10.1016/j.cell.2025.04.025,Post-gastrulation amnioids as a stem cell-derived model of human extra-embryonic development,11,157,6,c29da4f5bbbe8d63f614bea26cd928ac6adad22fdf21816d95ee1a7148fe1d35,20;21;37;16;28;35,False,False,False,True,True,1,0,other,other,False,True,True,True,False,False
Cell,journal,2024-01-01,2026-08-30,2024,https://openalex.org/W4405925195,https://doi.org/10.1016/j.cell.2024.11.028,Global organelle profiling reveals subcellular localization and remodeling at proteome scale,11,149,8,b4cd4be30d9d106494ce3647b3aa87e2b2bde6fab25f243e58547bdf97a74285,21;17;13;21;13;29;26;9,False,False,False,True,True,1,0,other,other,False,False,True,False,True,False
Cell,journal,2024-01-01,2026-08-30,2026,https://openalex.org/W7164490850,https://doi.org/10.1016/j.cell.2026.05.027,Mechanism of lipid transfer by bridge-like protein VPS13A and the scramblase XK,14,158,8,94ad9c0c3b31fe7acbdb23f047aacd0086c42daf490470687b98d82e31dec1db,15;19;13;25;30;11;20;25,False,False,True,True,False,0,0,context,other,True,False,True,False,False,False
Cell,journal,2024-01-01,2026-08-30,2024,https://openalex.org/W4400084768,https://doi.org/10.1016/j.cell.2024.06.009,Stress-dependent condensate formation regulated by the ubiquitin-related modifier Urm1,10,152,7,5c6134a9f03c0d90dd726f3a576fd16fd8e20669fb02121d8a018d9081ffecb6,27;21;24;30;13;14;23,False,False,False,True,False,3,1,other,contribution,False,False,True,True,False,False
Cell,journal,2024-01-01,2026-08-30,2024,https://openalex.org/W4403538382,https://doi.org/10.1016/j.cell.2024.09.037,RNA G-quadruplexes form scaffolds that promote neuropathological α-synuclein aggregation,9,154,9,f707c56bf14cff617d4e68a6226204feb02b089dffc07f9c00eb798f66d5e6f6,20;8;15;10;15;23;16;30;17,False,False,True,True,True,1,1,other,implication,False,True,False,True,True,False
Cell,journal,2024-01-01,2026-08-30,2025,https://openalex.org/W4411369601,https://doi.org/10.1016/j.cell.2025.05.027,STAMP: Single-cell transcriptomics analysis and multimodal profiling through imaging,9,154,8,5918581da40abe67ae545cb40d26810aec7fbab63cf6922af08d5275b9b8fef1,24;23;19;23;15;22;18;10,True,False,True,True,True,3,0,other,other,False,False,True,True,False,False
Cell,journal,2024-01-01,2026-08-30,2025,https://openalex.org/W4412750642,https://doi.org/10.1016/j.cell.2025.07.005,Quantifying the varying harvest of fermentation products from the human gut microbiota,12,152,8,2b1b62476d4aaf5d127966b7aad329eae287e809ba60fc91279334472f82f394,15;20;19;19;21;18;17;23,False,False,False,True,True,1,1,other,other,False,True,True,False,False,False
Cell,journal,2024-01-01,2026-08-30,2026,https://openalex.org/W7118203733,https://doi.org/10.1016/j.cell.2025.12.003,A glycolytic shunt via the pentose phosphate pathway is a metabolic checkpoint for nervous system sensory homeostasis and axonal regeneration,20,152,7,d9530c93ec1a4c65e516a8d5b950f9bc0cdef838a2808d5a30409b9d9f451d21,15;27;25;19;15;27;24,False,False,False,True,True,3,0,other,other,False,True,True,True,False,False
Cell,journal,2024-01-01,2026-08-30,2025,https://openalex.org/W4407135430,https://doi.org/10.1016/j.cell.2024.12.007,Rhodoquinone carries electrons in the mammalian electron transport chain,9,157,6,7a20eca07007ea0bfa395db6993fad8ca2b89e4fb63f64d27b3d4a74148f38ed,25;11;36;16;44;25,False,False,False,True,True,2,0,other,implication,False,False,True,False,True,False
Cell,journal,2024-01-01,2026-08-30,2024,https://openalex.org/W4391849294,https://doi.org/10.1016/j.cell.2024.01.011,A retroviral link to vertebrate myelination through retrotransposon-RNA-mediated control of myelin gene expression,13,136,6,9d80f3e4c936fdb1d04d95ee58ab2f18f99fe3e40594233a41a83e9111fcad6a,18;22;19;29;31;17,False,False,True,True,False,4,2,other,implication,False,False,True,True,True,False
Cell,journal,2024-01-01,2026-08-30,2025,https://openalex.org/W4412826966,https://doi.org/10.1016/j.cell.2025.06.031,Single-cell multiregion epigenomic rewiring in Alzheimer’s disease progression and cognitive resilience,12,145,6,cc2bdaeae3f0d8b70f74b8ecc70fb8e57bbb0eee7f387b8a6f7ae7df7ef0635a,18;28;18;29;29;23,False,False,False,True,True,1,0,gap_or_problem,other,False,True,True,False,False,False
Cell,journal,2024-01-01,2026-08-30,2025,https://openalex.org/W4414152939,https://doi.org/10.1016/j.cell.2025.08.020,Culture-independent meta-pangenomics enabled by long-read metagenomics reveals associations with pediatric undernutrition,11,144,7,ebf523ad77f2523eeba227dc392364f0dc16bef5489a03f4a5f68f0ef52afcb4,15;32;24;26;8;19;20,False,False,False,True,True,6,0,gap_or_problem,other,False,True,False,False,False,False
Cell,journal,2024-01-01,2026-08-30,2024,https://openalex.org/W4398204043,https://doi.org/10.1016/j.cell.2024.04.039,Patterning and folding of intestinal villi by active mesenchymal dewetting,10,150,7,0c2c304a5cb8e513f6cd7780e879ee111921d7cf9cee81ad01201b6b461c29f4,9;24;11;19;24;18;45,False,False,False,True,False,5,0,other,other,False,True,True,True,False,False
Nature,journal,2024-01-01,2026-08-30,2025,https://openalex.org/W4407722197,https://doi.org/10.1038/s41586-025-08585-z,Human-correlated genetic models identify precision therapy for liver cancer,9,243,13,c97c09cd54d8cb8d3af7be1b62f64c97f2b2b93a4184ba6f29591a5a70b51cf6,22;17;24;16;17;15;19;17;15;20;13;35;13,False,False,False,True,True,2,2,other,other,False,True,True,False,True,False
Nature,journal,2024-01-01,2026-08-30,2025,https://openalex.org/W4416386032,https://doi.org/10.1038/s41586-025-09729-x,A skin-permeable polymer for non-invasive transdermal insulin delivery,8,237,7,a1b99603e3efa17fbb7d7179c84b974e4648581ae281e4d2778c01c89178a093,22;27;30;30;36;60;32,False,False,False,True,True,2,2,other,implication,False,True,True,True,True,False
Nature,journal,2024-01-01,2026-08-30,2026,https://openalex.org/W7133517193,https://doi.org/10.1038/s41586-026-10234-y,Advancing operational global aerosol forecasting with machine learning,8,234,9,990b88973df0a799bb58208ed7eab53c07a75a9cb731bf38a0346f1a83872f08,16;28;26;24;28;30;31;28;23,False,False,False,True,True,2,2,context,other,True,True,True,False,True,False
Nature,journal,2024-01-01,2026-08-30,2026,https://openalex.org/W4409188745,https://doi.org/10.1038/s41586-026-10539-y,β-Arrestin condensates regulate G-protein-coupled receptor function,6,151,7,1acedaecf88a4cb663795b8881c96de1203a84dae91fad016377d330cc2af2b8,21;16;22;17;20;30;25,False,False,False,True,True,2,0,other,other,False,False,True,True,False,False
Nature,journal,2024-01-01,2026-08-30,2025,https://openalex.org/W4413345514,https://doi.org/10.1038/s41586-025-09424-x,Thymic epithelial cells amplify epigenetic noise to promote immune tolerance,10,199,8,7c73f9413b15040ddebef67791420e4b808feefe673bae0d202ad19011beb82d,15;13;55;20;17;26;22;31,False,False,False,True,True,2,0,other,other,False,True,True,False,False,False
Nature,journal,2024-01-01,2026-08-30,2025,https://openalex.org/W4406155862,https://doi.org/10.1038/s41586-024-08383-z,A rare PRIMER cell state in plant immunity,8,198,10,09ed08bba142d801cdd05f51aeffe3051235270992f21ddc552b780ad36a1ac9,8;19;18;29;21;23;30;17;16;17,False,False,True,True,True,3,1,gap_or_problem,other,False,True,True,True,True,False
Nature,journal,2024-01-01,2026-08-30,2025,https://openalex.org/W4413759686,https://doi.org/10.1038/s41586-025-09445-6,Mechanical confinement governs phenotypic plasticity in melanoma,7,219,10,bff217faccea06b68110f97146f8ad19e2587428860aaf43add8b98c949696d8,25;21;12;23;16;29;15;33;30;15,False,False,False,True,True,6,0,other,other,False,True,True,True,False,False
Nature,journal,2024-01-01,2026-08-30,2025,https://openalex.org/W4411932288,https://doi.org/10.1038/s41586-025-09211-8,A mouse brain stereotaxic topographic atlas with isotropic 1-μm resolution,11,175,7,9223d3e31e939ae8485b5e24f83840eaa8b2f356453dc87f57ead4ccb2f55618,31;6;22;31;28;28;29,False,False,False,True,True,1,0,other,other,False,True,True,False,False,False
Nature,journal,2024-01-01,2026-08-30,2025,https://openalex.org/W4414111773,https://doi.org/10.1038/s41586-025-09450-9,Systematic attribution of heatwaves to the emissions of carbon majors,10,216,10,7bb3a3e8c36fa654657ffd23b34fe402dbefd95b68c6bff8aad00eebe033f23c,19;18;34;12;30;11;17;29;29;17,False,False,False,True,True,5,3,other,other,False,False,True,True,True,False
Nature,journal,2024-01-01,2026-08-30,2024,https://openalex.org/W4403450838,https://doi.org/10.1038/s41586-024-08042-3,Glucose-sensitive insulin with attenuation of hypoglycaemia,6,242,8,593a0e03469a542793db14cc0cfe7afe4317f93b80edb1f02e2ebd73dc75d184,20;49;39;33;37;21;22;21,False,False,False,True,True,3,0,gap_or_problem,other,False,True,True,True,True,False
Nature,journal,2024-01-01,2026-08-30,2024,https://openalex.org/W4401881945,https://doi.org/10.1038/s41586-024-07809-y,Birth of protein folds and functions in the virome,9,200,7,f32c5fb0f34a9870982fae1435550a90324125d361332c4901efec9663559b65,25;36;23;23;27;40;26,False,False,False,True,True,5,1,other,other,False,True,False,False,False,False
Nature,journal,2024-01-01,2026-08-30,2025,https://openalex.org/W4408244530,https://doi.org/10.1038/s41586-025-08665-0,Vulnerability of amphibians to global warming,6,208,11,32c9171307a0b1c3dd8988944bd57dbf08b15e38aec8867feb6a1919e8f635ea,18;19;29;20;27;21;25;10;11;17;11,False,False,False,True,True,3,0,gap_or_problem,other,False,True,True,True,True,False
Nature,journal,2024-01-01,2026-08-30,2025,https://openalex.org/W4410815792,https://doi.org/10.1038/s41586-025-09065-0,Domesticated cannabinoid synthases amid a wild mosaic cannabis pangenome,9,232,8,4f2af4c20df9c18767c7ec3c99d9411b11f0d16888ecddd309262eeea4ee30be,13;22;30;33;35;41;27;31,False,False,False,True,True,2,2,other,other,False,True,True,False,False,False
Nature,journal,2024-01-01,2026-08-30,2026,https://openalex.org/W7165778512,https://doi.org/10.1038/s41586-026-10708-z,"Ductile alloys offering 100 MPa tensile strength at 2,400 °C",11,237,9,b359740313e9fe38719dade53e5318a21e89bf68e5792f9ebed7f0d4ce65fa24,23;16;31;12;33;59;20;23;20,False,False,False,True,True,3,1,other,other,False,False,True,True,True,False
Nature,journal,2024-01-01,2026-08-30,2024,https://openalex.org/W4404566912,https://doi.org/10.1038/s41586-024-08189-z,A multi-omic atlas of human embryonic skeletal development,8,213,9,20074f765e969def3359071792e70ef1e4f7aee26f8c804f451f9a150f0a4dac,17;18;36;32;26;15;19;24;26,False,False,False,True,True,2,1,other,other,False,False,True,False,False,False
Nature,journal,2024-01-01,2026-08-30,2024,https://openalex.org/W4403680135,https://doi.org/10.1038/s41586-024-08046-z,Bureaucrat incentives reduce crop burning and child mortality in South Asia,11,265,11,b190967600a12512c377c49e0d94bc9ae906a7d5fb122b1622707179db77b576,17;17;9;11;17;53;9;16;36;35;45,False,False,False,True,True,4,2,other,other,False,True,True,True,False,False
Nature,journal,2024-01-01,2026-08-30,2025,https://openalex.org/W4413020565,https://doi.org/10.1038/s41586-025-09324-0,One-third of Sun-like stars are born with misaligned planet-forming disks,10,263,9,8d9261e417d36c48d44c1b71f66f26c2108d7bd3d44958da3e473acf54f15cb2,28;28;26;26;35;29;18;32;41,False,False,False,True,True,2,4,other,other,False,False,True,False,False,False
Nature,journal,2024-01-01,2026-08-30,2025,https://openalex.org/W4411627418,https://doi.org/10.1038/s41586-025-08972-6,Computer-vision research powers surveillance technology,5,221,11,a2fa39c41a6eca0297f4faa34070a8a6e090485e4731c30688b72f4f31914a1d,33;12;31;26;25;14;12;9;31;11;17,False,False,False,True,True,6,2,other,other,False,True,True,True,False,False
Nature,journal,2024-01-01,2026-08-30,2025,https://openalex.org/W4412150885,https://doi.org/10.1038/s41586-025-09231-4,Phylogenetically informative proteins from an Early Miocene rhinocerotid,8,272,10,3f2d43f8c047959dca62f0bcd812181e0f95d85ce73951ee93a6171239e9adc5,21;33;31;22;27;23;23;31;32;29,False,False,False,True,True,4,1,other,other,False,False,True,False,False,False
Nature,journal,2024-01-01,2026-08-30,2026,https://openalex.org/W7151737081,https://doi.org/10.1038/s41586-026-10337-6,DNA damage drives antigen diversification in Trypanosoma brucei,8,161,7,8f027ebe67ea74fcf70588569c38aa053bf6c3af278a55f5ead4f57515e22404,16;15;39;13;36;17;25,False,False,True,True,True,1,1,other,implication,False,True,True,True,True,False
Nature,journal,2024-01-01,2026-08-30,2025,https://openalex.org/W4414457544,https://doi.org/10.1038/s41586-025-09533-7,A haplotype-based evolutionary history of barley domestication,7,184,8,5327cc115eda9e3df34c75146c70dc440a5f3f0e893754890535beda0d9c9371,17;21;39;22;29;9;20;27,False,False,False,True,True,1,1,other,other,False,False,False,False,True,False
Nature,journal,2024-01-01,2026-08-30,2025,https://openalex.org/W4414457751,https://doi.org/10.1038/s41586-025-09549-z,Design of facilitated dissociation enables timing of cytokine signalling,9,190,6,6ee45d96024660ec0d1debbbfc9a97863b870b0aef26fa1b2285dd3c377765fa,23;29;40;31;31;36,False,False,False,True,True,2,0,other,other,False,False,True,True,False,False
Nature,journal,2024-01-01,2026-08-30,2024,https://openalex.org/W4391383756,https://doi.org/10.1038/s41586-023-06946-0,High-quality semiconductor fibres via mechanical design,6,203,6,99d68f8364aed10b1b1ea8705f239ab13e024ab2bfd409bd64aa5452dc26b465,48;28;29;42;27;29,False,False,False,True,True,2,0,other,other,False,True,True,True,True,False
Nature,journal,2024-01-01,2026-08-30,2024,https://openalex.org/W4405029577,https://doi.org/10.1038/s41586-024-08282-3,Synthetic GPCRs for programmable sensing and control of cell behaviour,10,245,10,3c5785190f6720fbe9dc3fee9a39c8b89834a2485a087fb573c4e3414e1b2034,17;25;27;16;22;27;22;34;19;36,False,False,False,True,True,4,0,other,other,False,True,True,True,True,False
Nature,journal,2024-01-01,2026-08-30,2025,https://openalex.org/W4413946611,https://doi.org/10.1038/s41586-025-09226-1,Brain-wide representations of prior information in mouse decision-making,8,186,7,1d19cfb8b0103b36877d0a0fe1f8e2bf56a8884be0956acf0e12765832b07948,0;19;33;14;62;34;24,False,False,False,True,True,2,2,other,other,False,False,False,True,True,False
Nature,journal,2024-01-01,2026-08-30,2024,https://openalex.org/W4405514987,https://doi.org/10.1038/s41586-024-08333-9,Nucleosome fibre topology guides transcription factor binding to enhancers,9,164,8,2e88b77391cd4c2cca90028c405015ba6ace5b2552217829bdb7623a29494bc6,19;20;29;15;22;18;19;22,False,False,False,True,False,1,0,other,contribution,False,True,True,True,False,False
Nature,journal,2024-01-01,2026-08-30,2026,https://openalex.org/W7140309171,https://doi.org/10.1038/s41586-026-10273-5,Inactivating SnRK1β1A promotes broad-spectrum disease resistance in rice,11,246,9,8d523ab1b37bbe5ca4cf056de52cd322e33ca0de550bb3e4fa83a566f0bf4213,25;42;11;20;33;31;27;28;29,False,False,False,True,False,4,0,other,other,False,True,True,True,True,False
Nature,journal,2024-01-01,2026-08-30,2025,https://openalex.org/W4412479105,https://doi.org/10.1038/s41586-025-09261-y,Mitochondrial origins of the pressure to sleep,7,244,8,be0893b4215b9f8254c54aeebf410b1927d26acfb5524bf1172423b26576c02a,34;39;36;23;34;28;37;13,False,False,False,True,True,0,2,other,other,False,False,True,True,False,False
Nature,journal,2024-01-01,2026-08-30,2024,https://openalex.org/W4392228819,https://doi.org/10.1038/s41586-024-07138-0,Crym-positive striatal astrocytes gate perseverative behaviour,6,202,8,c809615bc70b594cce7d69691938e619c0320ed96e5f95e898e1048ecda9c94e,13;14;36;37;20;21;31;30,False,False,False,True,True,5,2,other,other,False,True,True,True,False,False
Nature,journal,2024-01-01,2026-08-30,2026,https://openalex.org/W4405626959,https://doi.org/10.1038/s41586-026-10168-5,High-precision measurement of the W boson mass with the CMS experiment,11,223,8,515e4005aad2f90839021910d0785f03978322bc9fb7ff0f536f281f31341bad,25;19;25;17;42;40;18;37,False,False,True,True,True,0,1,other,other,True,True,True,True,False,False
Nature,journal,2024-01-01,2026-08-30,2024,https://openalex.org/W4390940878,https://doi.org/10.1038/s41586-023-06922-8,Affinity-optimizing enhancer variants disrupt development,5,227,10,6e709ccac38aa9612b499e050f185e63ab213a5d201d25b2e34582262fe9d38c,21;18;14;21;24;35;15;36;25;18,False,False,False,True,True,3,1,other,other,False,True,True,True,False,False
Nature,journal,2024-01-01,2026-08-30,2025,https://openalex.org/W4414280321,https://doi.org/10.1038/s41586-025-09545-3,Structural basis for mTORC1 activation on the lysosomal membrane,10,201,8,f1a29c2a9255309ebcd113ce4fc83728e20d023c747343291747634f9d637f5a,34;20;24;13;12;21;56;21,False,False,False,True,True,1,0,other,other,False,False,True,False,False,False
Nature,journal,2024-01-01,2026-08-30,2024,https://openalex.org/W4401794136,https://doi.org/10.1038/s41586-024-07831-0,Highly variable magmatic accretion at the ultraslow-spreading Gakkel Ridge,9,169,8,6c9c3e77e3a95ae7dd18e295f01c124b805dbf0f4a175fc8a68ae1adc103b32a,0;32;37;21;24;15;17;23,False,False,False,True,True,1,0,other,other,False,False,False,True,False,False
Nature,journal,2024-01-01,2026-08-30,2026,https://openalex.org/W7131406260,https://doi.org/10.1038/s41586-026-10169-4,"Human hippocampal neurogenesis in adulthood, ageing and Alzheimer’s disease",10,264,11,44373814bc06342936c3bb5bf84c614e7d4bdd6e9fc3580480211ecbdeb6aef9,19;25;15;39;38;10;41;15;18;20;24,False,False,False,True,True,5,2,gap_or_problem,other,False,True,True,False,False,False
Nature,journal,2024-01-01,2026-08-30,2025,https://openalex.org/W4417436018,https://doi.org/10.1038/s41586-025-09806-1,The global hydrogen budget,4,282,13,aeedf7b97600cd8168332f23dc7f9d7e3effe792d1209f90707baa3f900e4a1a,14;23;2;18;18;25;30;10;23;30;25;39;25,False,False,False,True,True,0,0,other,other,False,True,True,True,False,False
Nature,journal,2024-01-01,2026-08-30,2026,https://openalex.org/W7161055766,https://doi.org/10.1038/s41586-026-10626-0,Stereoelectronic manipulation of ligands for perovskite solar cells,8,147,7,cf0f77016ddca7a139ad04950d118d2dcbc96fa82078c87938b405cec35348e6,0;20;20;39;24;22;22,False,False,False,True,True,2,0,other,other,False,True,True,True,False,False
Nature,journal,2024-01-01,2026-08-30,2025,https://openalex.org/W4407722099,https://doi.org/10.1038/s41586-025-08586-y,Clonal driver neoantigen loss under EGFR TKI and immune selection pressures,11,249,10,8857ae060124c0e529dac23249926cd52794229bdd79e1e2445a1f46dfb9a1ad,20;34;19;20;25;19;28;27;34;23,False,False,True,True,True,3,5,other,other,False,True,False,True,False,False
Nature,journal,2024-01-01,2026-08-30,2025,https://openalex.org/W4416956235,https://doi.org/10.1038/s41586-025-09747-9,Computational enzyme design by catalytic motif scaffolding,7,204,10,ad343dce245bb10b62079147d16ecdc7cfda84b0953607e78a855bc6a62e2dd8,21;14;23;17;25;25;26;13;15;25,False,False,False,True,True,4,1,other,other,False,True,True,True,False,False
Nature,journal,2024-01-01,2026-08-30,2025,https://openalex.org/W4405965273,https://doi.org/10.1038/s41586-024-08309-9,Learning the fitness dynamics of pathogens from phylogenies,8,191,8,127f0a1b423514d83ebffc6b2b9396a6f03d1c71c0634e32e3ac2200645dfd14,28;23;29;36;26;15;10;24,False,False,False,True,True,2,0,other,other,False,True,True,True,False,False
Nature,journal,2024-01-01,2026-08-30,2024,https://openalex.org/W4402220807,https://doi.org/10.1038/s41586-024-07993-x,Early intermittent hyperlipidaemia alters tissue macrophages to fuel atherosclerosis,9,232,11,256d161dc8addd89950f1ab0425cda50e2a2bb56d38ab01fe6677f062ab48821,12;34;10;12;31;16;17;23;28;36;13,False,False,False,True,True,6,0,context,other,True,True,True,True,False,False
Science,journal,2024-01-01,2026-08-30,2025,https://openalex.org/W4408181347,https://doi.org/10.1126/science.ads8412,Structural mechanism of LINE-1 target-primed reverse transcription,8,149,6,20d54ffff9818d866cdecc0b3e822961f55888856cc8176c7f296882f46b98c0,16;20;40;15;29;29,False,False,True,True,True,1,1,other,other,False,False,True,True,False,False
Science,journal,2024-01-01,2026-08-30,2024,https://openalex.org/W4403294414,https://doi.org/10.1126/science.adl5767,Hidden comet tails of marine snow impede ocean-based carbon sequestration,10,125,6,39ffa2c53029b0677de146a5f2bcb8dddd141d0e392765981bb4d9f2445d148d,19;25;23;17;13;28,False,False,False,True,False,3,0,other,other,False,True,True,False,False,False
Science,journal,2024-01-01,2026-08-30,2025,https://openalex.org/W4409176632,https://doi.org/10.1126/science.adt3417,Strain-induced rubidium incorporation into wide-bandgap perovskites reduces photovoltage loss,9,134,5,a9062c1ee7f372827f88e8dec4b0f349183925ac87e8646eb1251d5f55bf519d,23;28;15;28;40,False,False,False,True,True,0,1,other,other,False,False,False,True,False,False
Science,journal,2024-01-01,2026-08-30,2025,https://openalex.org/W4406201665,https://doi.org/10.1126/science.adu7471,Grazing can reduce wildfire risk amid climate change,8,104,4,a82db72ca2c161d5927745ebb478980faea468c7840273a56734e0b22160c71c,23;46;18;17,False,False,False,True,False,1,1,other,contribution,False,True,True,False,True,False
Science,journal,2024-01-01,2026-08-30,2025,https://openalex.org/W4413980040,https://doi.org/10.1126/science.adx5963,Spin-selective transport through chiral ferromagnetic nanohelices,6,113,6,8eb80f462d2e9903b714c3d25bdc00d98b5a88638df73432e73e47b71b9a6285,18;24;14;19;22;16,False,False,False,True,False,3,0,other,other,False,True,False,True,False,False
Science,journal,2024-01-01,2026-08-30,2026,https://openalex.org/W7133790271,https://doi.org/10.1126/science.aec9417,Ferroelectricity in atomic-scale titanium dioxide dielectric films,7,123,5,e85788b1e4ed9f7f49a17b8ac72cffaf1d2beffa2bad8dbcc017ce4d572a2f58,11;33;14;22;43,False,False,False,True,True,2,1,other,other,False,False,True,True,False,False
Science,journal,2024-01-01,2026-08-30,2025,https://openalex.org/W4415970755,https://doi.org/10.1126/science.adk6662,Repair of DNA double-strand breaks leaves heritable impairment to genome function,11,125,5,8e87d929419dcb4fd8d81eebb9987658137fe735bd39527da20367564c1cc4ac,17;22;39;20;27,False,False,True,True,False,2,0,other,other,False,True,False,True,False,False
Science,journal,2024-01-01,2026-08-30,2025,https://openalex.org/W4409176425,https://doi.org/10.1126/science.adx8118,Don’t quit the long game,6,114,6,d4a7233e49caaebc2bb75955dc81c3f05a105337dacd80f5b06caddaecffadec,30;20;19;12;16;17,False,False,False,False,False,1,0,other,other,False,True,False,False,False,False
Science,journal,2024-01-01,2026-08-30,2024,https://openalex.org/W4393951898,https://doi.org/10.1126/science.adj8175,Pseudo-nanostructure and trapped-hole release induce high thermoelectric performance in PbTe,10,126,6,687d3462a830f997585650457d67c1111214b08dd2c32c493f3fdef911af5215,12;20;37;24;20;13,False,False,False,True,True,5,0,other,other,False,True,False,True,False,False
Science,journal,2024-01-01,2026-08-30,2025,https://openalex.org/W4415707448,https://doi.org/10.1126/science.adz1705,Direct estimation of earthquake source properties from a single CCTV camera,11,143,6,4acca4b35270a313f2df3862cc7c14bb7692f149266d50f1bedcddcadb0d8942,29;27;18;34;16;19,False,False,True,True,True,3,0,contribution,other,False,False,True,True,True,False
Science,journal,2024-01-01,2026-08-30,2025,https://openalex.org/W4417076221,https://doi.org/10.1126/science.adv6588,Multiscale structure of chromatin condensates explains phase separation and material properties,11,122,6,64c3c43b0646a3f2754469b8f0dfd5ea669e84fbe0dfffea5e35853aeab16838,13;24;25;24;16;20,False,False,False,True,False,1,0,other,other,False,False,False,False,False,False
Science,journal,2024-01-01,2026-08-30,2026,https://openalex.org/W7170149710,https://doi.org/10.1126/science.ady6893,Single-cell multiomics and chromatin structure reveal gene-regulatory dynamics in heart failure,11,116,5,a745b1204a7f3661cae05838b1a90f6535eed4340d0419c0217d7524320ecfeb,20;26;19;23;28,False,False,False,True,True,3,1,gap_or_problem,implication,False,True,True,False,True,False
Science,journal,2024-01-01,2026-08-30,2024,https://openalex.org/W4390590942,https://doi.org/10.1126/science.adj3347,Molecular insights into atypical modes of β-arrestin interaction with seven transmembrane receptors,12,142,4,37567615d54ae2f5000848b348c302a380473ea92481b5df4bcef6c0e0eff11a,28;41;46;27,False,False,False,True,True,1,0,other,other,False,False,True,False,False,False
Science,journal,2024-01-01,2026-08-30,2024,https://openalex.org/W4396948754,https://doi.org/10.1126/science.adl3835,How power shapes behavior: Evidence from physicians,7,130,8,c1ee1b9c3cfc4c46ac273e825aa0b57ccf8787fd528eee5fc1a6dd1a59ab3e29,9;24;29;26;6;13;8;15,True,False,False,True,True,1,1,other,implication,False,True,False,False,True,False
Science,journal,2024-01-01,2026-08-30,2026,https://openalex.org/W7126034005,https://doi.org/10.1126/science.aeb3637,Lithographic crystallinity regulation in additive fabrication of thermoplastics (CRAFT),9,128,5,c28fe730306ab3cd4732ae1fc4a0948b5eb9b3196fb0ec98bf5755d3038b9886,21;21;20;35;31,False,False,True,True,False,2,0,other,other,False,True,True,False,False,False
Science,journal,2024-01-01,2026-08-30,2026,https://openalex.org/W4415254728,https://doi.org/10.1126/science.aeb2271,Device-scaling constraints imposed by the van der Waals gap formed in two-dimensional materials,13,125,6,0228e8d398f57db9cde143f728027626689c59efbc1b4e51d93624ed0414ea73,14;38;19;13;21;20,False,False,False,True,False,1,0,other,other,False,True,False,False,False,False
Science,journal,2024-01-01,2026-08-30,2024,https://openalex.org/W4404349916,https://doi.org/10.1126/science.adl0149,Synchronous recognition of amines in oxidative carbonylation toward unsymmetrical ureas,10,99,5,a62cb0381740507645eeb79de163aa204812497d948edf357271b46428b763ed,10;18;24;22;25,False,False,False,True,True,1,0,other,other,False,True,True,False,False,False
Science,journal,2024-01-01,2026-08-30,2026,https://openalex.org/W7165202915,https://doi.org/10.1126/science.aed1111,Ultrathin polymer membranes with locked intrinsic microporosity for hydrocarbon fractionation,10,124,5,497488a8ab533ca5995c5ac854694c0bf35dbd3a5b167abea5332f028022c264,26;19;30;29;20,False,False,False,True,True,2,0,other,other,False,False,False,True,False,False
Science,journal,2024-01-01,2026-08-30,2025,https://openalex.org/W4407764688,https://doi.org/10.1126/science.adq2679,A neural basis for prosocial behavior toward unresponsive individuals,9,126,6,710d37fc4cd354cb1a04d865b377be065cd1b6e493b8445002da568477699dce,15;15;35;23;24;14,False,False,False,True,False,3,1,other,other,False,False,True,False,False,False
Science,journal,2024-01-01,2026-08-30,2026,https://openalex.org/W7155352844,https://doi.org/10.1126/science.aea0552,A cell-nonautonomous heme acquisition pathway enables erythroid hemoglobinization under stress,10,130,7,30678be01beeb7e87466b10be409bfaee17052b860792402d2d42db1ff60c0c5,12;19;17;35;13;17;17,False,False,False,True,True,5,0,other,other,False,True,False,True,False,False
Science,journal,2024-01-01,2026-08-30,2026,https://openalex.org/W7133621352,https://doi.org/10.1126/science.ads3972,Targeting amyloid-β pathology by chimeric antigen receptor astrocyte (CAR-A) therapy,10,121,7,1d3c50e1b13416f103c8eb7af24667e11d1996429bdcbefb206118722597dc1a,20;15;17;21;22;11;15,False,False,True,True,False,5,0,other,other,False,True,True,True,False,False
Science,journal,2024-01-01,2026-08-30,2024,https://openalex.org/W4404577918,https://doi.org/10.1126/science.adk6749,Chloronitramide anion is a decomposition product of inorganic chloramines,9,110,5,2a7ae00ad029d1065d8234dd60c553a6bb5d26b1c1526a7a36aaf244bb0f8597,19;10;18;39;24,False,False,False,True,True,1,0,other,other,False,True,False,True,False,False
Science,journal,2024-01-01,2026-08-30,2025,https://openalex.org/W4406485113,https://doi.org/10.1126/science.adv8836,Don’t pretend COVID-19 didn’t happen,8,126,5,d004ad1631985e2632976634230ed17bc5437aa3a68b2700d5e157c4a4498672,29;26;30;21;20,False,False,True,False,True,0,1,other,other,False,False,False,False,False,False
Science,journal,2024-01-01,2026-08-30,2025,https://openalex.org/W4413140930,https://doi.org/10.1126/science.adp5831,Cross-species implementation of an innate courtship behavior by manipulation of the sex-determinant gene,13,128,5,74f0d8b8ef57258a722d886f6f79d80079db8a803125b4bcc638d8b53c5ba1d8,25;8;29;36;30,False,False,False,True,False,3,1,other,other,False,False,False,True,False,False
Science,journal,2024-01-01,2026-08-30,2025,https://openalex.org/W4413395201,https://doi.org/10.1126/science.adv4939,Vegetation changes the trajectory of river bends,7,137,7,a406dc4a2d4f366d2daffe31986944a20934a884bf4e582f6973d74bb510f6fc,17;28;13;21;15;31;12,False,False,False,True,True,1,1,other,other,False,True,True,False,False,False
Science,journal,2024-01-01,2026-08-30,2025,https://openalex.org/W4414321788,https://doi.org/10.1126/science.ads6552,Functional maps of a genomic locus reveal confinement of an enhancer by its target gene,15,126,6,090fa20fca5e355f322f67527984044295be2594ebdcd5f74cf282a02bded881,20;28;22;12;17;27,False,False,False,True,True,2,0,gap_or_problem,other,False,True,False,False,False,False
Science,journal,2024-01-01,2026-08-30,2024,https://openalex.org/W4403718858,https://doi.org/10.1126/science.adq4147,Topological grain boundary segregation transitions,5,139,5,83074e4ffd07c1c35e8331b5ed07f13a66c5337ff415d8d973e161c7bf5ca140,21;28;31;27;32,False,False,False,True,False,1,1,other,other,False,False,False,False,False,False
Science,journal,2024-01-01,2026-08-30,2025,https://openalex.org/W4413139713,https://doi.org/10.1126/science.adv6675,Linalool-triggered plant-soil feedback drives defense adaptation in dense maize plantings,10,140,7,2c6869bd799c633b64ab3c0df0530244852713380ca712fd2598a3678acd13da,13;10;24;27;27;10;29,False,False,False,True,True,2,0,other,other,False,True,True,True,False,False
Science,journal,2024-01-01,2026-08-30,2026,https://openalex.org/W7125489711,https://doi.org/10.1126/science.adw3020,"A 5500-year-old Treponema pallidum genome from Sabana de Bogotá, Colombia",11,130,5,9521bc210bc761a358dd05270a724efaabaa379a255e4813543ffbd8c125eded,21;17;23;37;32,False,False,False,True,True,0,0,other,other,False,True,False,True,False,False
Science,journal,2024-01-01,2026-08-30,2025,https://openalex.org/W4414759251,https://doi.org/10.1126/science.ads8720,Persistent eastern equatorial Pacific Ocean upwelling since the warm Pliocene,10,124,5,91f70853b524cc17fa222c2fe6f72828cd90bc99b8332cdfc4029b240c9a72ca,25;27;24;24;24,False,False,False,True,True,3,1,other,gap_or_problem,False,True,True,True,False,False
Science,journal,2024-01-01,2026-08-30,2025,https://openalex.org/W4406440092,https://doi.org/10.1126/science.adr9713,3D polycatenated architected materials,5,146,8,bbd55f07a36215ec69a4a0fa3cd0df8b11adad93fd1037c7c80efa06fd78de85,14;17;27;16;25;14;16;17,False,False,False,True,False,1,0,other,other,False,False,True,True,False,False
Science,journal,2024-01-01,2026-08-30,2024,https://openalex.org/W4392027904,https://doi.org/10.1126/science.adh2339,Arctic sea ice retreat fuels boreal forest advance,8,134,5,aa8a5faea5faeec83c313b8f654502cebc9a43d7e15b1308d3fd3e87cef76777,28;40;27;23;16,False,False,False,True,True,4,2,other,other,False,False,False,True,True,False
Science,journal,2024-01-01,2026-08-30,2024,https://openalex.org/W4401414138,https://doi.org/10.1126/science.abo7579,Strengthening gold with dispersed nanovoids,5,123,5,ca4bd2e682b2f9eb3d160896a6531d34e82ca85333a1a95f5face2d33cf4bc99,17;33;17;28;28,False,False,False,True,True,2,0,gap_or_problem,other,False,True,False,False,True,False
Science,journal,2024-01-01,2026-08-30,2025,https://openalex.org/W4410850941,https://doi.org/10.1126/science.adt3971,Conserved brain-wide emergence of emotional response from sensory experience in humans and mice,13,128,6,4efecdca00a32a631fb1d39a2042b6bcaaed816c82325735022ef073019ff87e,15;21;25;26;19;22,False,False,False,True,False,1,2,context,other,True,False,False,False,True,False
Science,journal,2024-01-01,2026-08-30,2026,https://openalex.org/W7168791117,https://doi.org/10.1126/science.adx9264,Direct interaction of Vδ7 TCRs with IL17RA drives the differentiation of T H 1-like γδT cells,20,147,5,bae0646c29ebbf3264f2ea56ebfd41c2840642cfa52a4ab5fdbee493ab272ba2,27;20;38;36;26,False,False,False,True,True,1,2,other,implication,False,True,True,False,True,False
Science,journal,2024-01-01,2026-08-30,2024,https://openalex.org/W4400525808,https://doi.org/10.1126/science.adr5866,Stop H5N1 influenza in US cattle now,10,160,7,51b225121b57a9172daa37b4822ec79a23a7acd69ca9505b8ad21c6c572b0ba3,25;48;22;21;12;19;13,False,False,True,False,True,0,0,other,other,False,False,False,False,False,False
Science,journal,2024-01-01,2026-08-30,2025,https://openalex.org/W4414761660,https://doi.org/10.1126/science.adq2541,Lithium-ion intercalation by coupled ion-electron transfer,6,89,3,739e20826bc58d3bc56a7f052c2f5b39309c1fd68db0f21ac4e7092f4089616e,10;31;48,False,False,False,True,False,1,1,other,other,False,False,False,False,False,False
Science,journal,2024-01-01,2026-08-30,2026,https://openalex.org/W7163581829,https://doi.org/10.1126/science.aed3197,Fires reverse progress toward ozone air quality standards in the United States,12,146,7,5f2b107f6083a33f809d5bba957957907412faad21780cf3a3c5ce7aa47c51ea,14;18;36;15;24;22;17,False,False,False,True,True,1,0,other,other,False,False,False,False,False,False
Science,journal,2024-01-01,2026-08-30,2025,https://openalex.org/W4415482186,https://doi.org/10.1126/science.adx7825,Heat-driven functional extinction of Caribbean Acropora corals from Florida’s Coral Reef,12,131,6,d2f58c28f43790603b8f28a3948d7fdce0b8c64e987bebbcf6bc9207ed3703b9,20;25;26;19;13;28,False,False,False,True,True,1,0,other,other,False,False,False,False,False,False
Science,journal,2024-01-01,2026-08-30,2025,https://openalex.org/W4417076432,https://doi.org/10.1126/science.adx8706,A diminutive tyrannosaur lived alongside Tyrannosaurus rex,7,114,4,23b62cbc09be2f8cc8f69ce3153a3cb12eca8e2d84bd67272c6bc88e121a5aa9,16;35;16;47,False,False,False,True,True,1,1,other,other,False,False,False,True,False,False
AAAI,conference,2024-01-01,2026-08-30,2026,https://openalex.org/W7139035119,https://doi.org/10.1609/aaai.v40i47.41528,Bot Blitz: A Scalable Hands-On Workshop for Teaching AI and Robotics Concepts Through Narrative-Driven Problem Solving,16,112,4,ce43a606a7f6336f7e7cd67ffe9f6dad0711d2ea290b22ec90090ae9ebb04afc,32;28;35;17,True,False,True,True,True,1,0,other,other,False,False,True,False,False,False
AAAI,conference,2024-01-01,2026-08-30,2026,https://openalex.org/W7138022131,https://doi.org/10.1609/aaai.v40i23.38990,Enumerating Minimal Unsatisfiable Cores of LTLf Formulae,7,133,5,da82f1651e3413e91d41a2c40d2f32fbecb30b0c499c1112260c0fbddb51730b,22;37;15;37;22,False,False,False,True,False,1,0,other,other,False,True,True,False,False,False
AAAI,conference,2024-01-01,2026-08-30,2025,https://openalex.org/W4409381863,https://doi.org/10.1609/aaai.v39i28.35158,Exploring the Efficacy of Multi-Agent Reinforcement Learning for Autonomous Cyber Defence: A CAGE Challenge 4 Perspective,16,152,9,ed66422940865e5a0cffb77748e23954c3e03c5a0c0a565bab54035f071b37ff,19;12;12;20;16;18;20;16;19,True,False,True,True,False,2,0,other,other,False,True,True,False,False,False
AAAI,conference,2024-01-01,2026-08-30,2026,https://openalex.org/W7137811160,https://doi.org/10.1609/aaai.v40i4.37224,"Complex Mathematical Expression Recognition: Benchmark, Large-Scale Dataset and Strong Baseline",10,226,9,d2a0d24598604f7c3e23f2e8e1ecc6229695aa1e1bd9229c5544de8f0771caae,30;22;18;35;22;18;41;21;19,True,False,False,True,True,3,0,gap_or_problem,result,False,True,True,True,False,False
AAAI,conference,2024-01-01,2026-08-30,2026,https://openalex.org/W7138854482,https://doi.org/10.1609/aaai.v40i48.42155,Multimodal Tabular Data Learning,4,149,6,978fd69d25262a3c1b1258f208fc4a4eb5fd046a0c11da5db6f7c56cdb07bb64,19;28;19;23;25;35,False,False,False,True,False,1,1,context,other,True,False,False,False,False,False
AAAI,conference,2024-01-01,2026-08-30,2024,https://openalex.org/W4393148548,https://doi.org/10.1609/aaai.v38i5.28245,ViTEraser: Harnessing the Power of Vision Transformers for Scene Text Removal with SegMIM Pretraining,14,225,10,d9aca2a76e086b2e22268c96757b75602fa4a0d9603ce786a6288a51ab164f55,16;23;18;12;15;38;34;32;28;9,True,False,False,True,False,2,1,other,other,False,True,True,True,False,False
AAAI,conference,2024-01-01,2026-08-30,2024,https://openalex.org/W4393158799,https://doi.org/10.1609/aaai.v38i3.27955,SoftCLIP: Softer Cross-Modal Alignment Makes CLIP Stronger,7,165,7,0ee4bb8f64fcfeefee5761e6c32d6a9db8b91259a838ec745f9213aefee20fe3,14;26;35;21;31;7;31,True,False,True,True,True,4,0,other,other,False,False,True,True,False,False
AAAI,conference,2024-01-01,2026-08-30,2025,https://openalex.org/W4409363861,https://doi.org/10.1609/aaai.v39i24.34783,KnowPO: Knowledge-Aware Preference Optimization for Controllable Knowledge Selection in Retrieval-Augmented Language Models,12,198,8,33303f834de5c3abc33f736a304455f9c0351a0af8ac767574ca97a4305cb52c,28;26;21;29;26;29;15;24,True,False,False,True,True,2,2,other,result,False,True,True,True,False,False
AAAI,conference,2024-01-01,2026-08-30,2026,https://openalex.org/W7138865489,https://doi.org/10.1609/aaai.v40i45.41223,Can LLMs Truly Embody Human Personality? Analyzing AI and Human Behavior Alignment in Dispute Resolution,15,206,9,74f8061135021aa1a9a0739aa2d7100a1fca9f63c7bbcf8d21d7c825d7784700,22;15;19;18;30;15;24;47;16,False,True,True,True,False,3,0,other,other,False,True,True,True,False,False
AAAI,conference,2024-01-01,2026-08-30,2026,https://openalex.org/W7138160797,https://doi.org/10.1609/aaai.v40i9.37621,Burst Image Quality Assessment: A New Benchmark and Unified Framework for Multiple Downstream Tasks,14,214,9,0caea0e508df5d15f556194af0739d93728c137b0994a295f4f6977c5271d63c,25;22;33;29;22;20;19;18;26,True,False,False,True,True,6,0,context,result,True,True,True,True,False,False
AAAI,conference,2024-01-01,2026-08-30,2025,https://openalex.org/W4409366682,https://doi.org/10.1609/aaai.v39i8.32953,FR²Seg: Continual Segmentation Across Multiple Sites via Fourier Style Replay and Adaptive Consistency Regularization,15,177,6,d5519794380655a0aaae8395a8807ee568155046775a750ef76ad493b4f8b9f9,36;32;28;32;33;16,True,False,False,True,False,1,0,other,other,False,True,True,False,False,False
AAAI,conference,2024-01-01,2026-08-30,2026,https://openalex.org/W7138465516,https://doi.org/10.1609/aaai.v40i1.36965,Toward Multimodal Fake News Detection by Multi-perspective Rationale Generation and Verification,11,229,8,44ed09c72427cdadcf3b512ebbd028668f071aa5a42809d4c53084200de32f72,27;16;57;19;33;17;30;30,False,False,False,True,True,2,0,other,other,False,True,True,False,True,False
AAAI,conference,2024-01-01,2026-08-30,2025,https://openalex.org/W4409366291,https://doi.org/10.1609/aaai.v39i8.32867,Hierarchical Alignment-enhanced Adaptive Grounding Network for Generalized Referring Expression Comprehension,10,242,9,66ee5d7f345dc7cc6c50910ee1ed5b0befcf34211a49dafb493a817c699de46a,14;29;24;27;22;22;26;29;49,False,False,False,True,True,4,0,contribution,result,False,False,True,True,False,False
AAAI,conference,2024-01-01,2026-08-30,2024,https://openalex.org/W4393147226,https://doi.org/10.1609/aaai.v38i13.29405,SimPSI: A Simple Strategy to Preserve Spectral Information in Time Series Data Augmentation,13,180,9,baea676029b60b9305cd24f98dc0c982d1c4172c075ceef9f883ec31a4f16f2f,27;18;16;19;26;18;21;20;15,True,False,False,True,False,1,1,limitation_or_boundary,other,False,True,True,True,False,True
AAAI,conference,2024-01-01,2026-08-30,2024,https://openalex.org/W4393159670,https://doi.org/10.1609/aaai.v38i10.28963,Generating Universal Adversarial Perturbations for Quantum Classifiers,7,172,8,c569efd4161cfdd1e7e830257e75c7ad187d0e626354393df7e788e56d1af492,26;23;22;15;15;21;24;26,False,False,False,True,False,6,0,other,other,False,False,True,False,False,False
AAAI,conference,2024-01-01,2026-08-30,2026,https://openalex.org/W7138299373,https://doi.org/10.1609/aaai.v40i10.37767,PMPGuard: Catching Pseudo-Matched Pairs in Remote Sensing Image–Text Retrieval,10,130,4,1c3e4e69730c98948a32a2e325162fcbf7a6182f095b0061f9eb75b5b5759d63,36;30;24;40,True,False,False,True,False,2,0,other,other,False,False,True,False,False,False
AAAI,conference,2024-01-01,2026-08-30,2026,https://openalex.org/W7138072261,https://doi.org/10.1609/aaai.v40i26.39351,SemanticNN: Compressive and Error-Resilient Semantic Offloading for Extremely Weak Devices,10,195,9,d87b5221cf967608b22c319e7ca733665e69aae7d7704c5ff1886846e5aae74f,31;16;15;30;26;16;18;20;23,True,False,False,True,True,3,0,other,result,False,True,True,True,False,False
AAAI,conference,2024-01-01,2026-08-30,2024,https://openalex.org/W4393148045,https://doi.org/10.1609/aaai.v38i7.28513,KeDuSR: Real-World Dual-Lens Super-Resolution via Kernel-Free Matching,7,259,11,af3de27fc4056c9ed962699d05dfb74bda9ea03c168119273bbc50accc6aea47,29;18;21;26;39;23;35;20;20;16;12,True,False,False,True,False,2,1,other,other,False,True,True,False,False,False
AAAI,conference,2024-01-01,2026-08-30,2026,https://openalex.org/W7138349941,https://doi.org/10.1609/aaai.v40i17.38438,Constraint Optimization of MicroPlate Designs,5,108,7,84c297cb1530058dfa4ad99d8573a5a52e77cd05986b4aa89186ca92fe0794fa,9;24;11;17;15;9;23,False,False,False,True,False,1,0,other,contribution,False,True,True,False,False,False
AAAI,conference,2024-01-01,2026-08-30,2025,https://openalex.org/W4409370003,https://doi.org/10.1609/aaai.v39i3.32292,EventPillars: Pillar-based Efficient Representations for Event Data,7,186,8,fc460f718aed6b67aba5935a88c6066fa584a928cc36452585b43e36725b3e85,17;18;21;18;17;48;27;20,True,False,False,True,True,2,0,other,other,False,True,True,True,False,False
AAAI,conference,2024-01-01,2026-08-30,2024,https://openalex.org/W4393154553,https://doi.org/10.1609/aaai.v38i8.28794,FacetCRS: Multi-Faceted Preference Learning for Pricking Filter Bubbles in Conversational Recommender System,12,211,8,9383ef4784973eb413360963dc18aa42061053baba93c64e2618248921299d7e,37;12;14;25;41;34;22;26,True,False,False,True,False,2,0,other,other,False,True,True,False,False,False
AAAI,conference,2024-01-01,2026-08-30,2025,https://openalex.org/W4409366076,https://doi.org/10.1609/aaai.v39i9.33016,Predicting the Original Appearance of Damaged Historical Documents,8,194,9,2dcbf45e0d24c66668d9df59abfa829088fc12e174b02d4d981bd3f8acf9c255,23;17;24;24;16;24;24;20;22,False,False,False,True,True,1,1,other,other,False,True,True,True,False,False
AAAI,conference,2024-01-01,2026-08-30,2025,https://openalex.org/W4409363101,https://doi.org/10.1609/aaai.v39i24.34750,SongEditor: Adapting Zero-Shot Song Generation Language Model as a Multi-Task Editor,11,154,6,7886d278f381590f760445dee3b580ab9b3f68fafc200f41ac0330ce77b55fcd,19;38;27;17;31;22,True,False,False,True,False,2,0,other,result,False,True,True,True,False,False
AAAI,conference,2024-01-01,2026-08-30,2026,https://openalex.org/W7137993280,https://doi.org/10.1609/aaai.v40i28.39486,HAP: Harmonized Amplitude Perturbation for Cross-Domain Few-Shot Learning,8,150,7,f7ea4178fff8b2483a2e127fdc18744a405a116e12ee7228cefb6a4ca0bf051c,18;16;24;12;14;35;31,True,False,True,True,False,3,0,gap_or_problem,other,False,True,True,True,False,False
AAAI,conference,2024-01-01,2026-08-30,2026,https://openalex.org/W7137961542,https://doi.org/10.1609/aaai.v40i7.37437,BayesVQA: Energy-Guided Bayesian Debiasing for Language-Bias-Robust Visual Question Answering,9,192,8,cef60984340b85fdfeba83b16186ef6764b86426ce42699447d214b902fc7fea,27;18;32;17;22;19;30;27,True,False,False,True,False,2,0,other,other,False,True,True,False,False,False
AAAI,conference,2024-01-01,2026-08-30,2024,https://openalex.org/W4393153032,https://doi.org/10.1609/aaai.v38i16.29714,Balancing Humans and Machines: A Study on Integration Scale and Its Impact on Collaborative Performance,15,146,11,420a8f803949ac050c618d89bd458e2f6a257ad5edaa52e55c707fcb35953aae,16;20;22;15;5;9;10;8;14;10;17,True,False,False,True,False,2,0,other,other,False,True,False,False,False,False
AAAI,conference,2024-01-01,2026-08-30,2026,https://openalex.org/W7138926168,https://doi.org/10.1609/aaai.v40i41.40789,LeanRAG: Knowledge-Graph-Based Generation with Semantic Aggregation and Hierarchical Retrieval,9,217,8,7e5536d594abbfcd16f24d04691c0daa06152f4fe54f19c6364adb1c2ff57f15,31;17;49;21;26;30;18;25,True,False,False,True,True,2,0,other,other,False,True,True,False,False,False
AAAI,conference,2024-01-01,2026-08-30,2024,https://openalex.org/W4393157109,https://doi.org/10.1609/aaai.v38i16.29795,Debiasing Multimodal Sarcasm Detection with Contrastive Learning,7,155,7,70c8398f68733e864813187d43eb148683e313bd9be7695306bce338918586c0,20;17;31;28;24;26;9,False,False,False,True,False,1,0,gap_or_problem,result,False,True,True,True,True,False
AAAI,conference,2024-01-01,2026-08-30,2026,https://openalex.org/W7137991421,https://doi.org/10.1609/aaai.v40i37.40401,Embracing Positional Bias in Multiple-Choice Question Answering via Permutation Equivariant Neural Networks,12,136,7,f3b723de1239375c751666d885fcc9fcad6cc6237750c94a921c0e5b887775f5,17;18;13;15;24;26;23,False,False,False,True,False,5,0,other,result,False,True,True,True,True,False
AAAI,conference,2024-01-01,2026-08-30,2026,https://openalex.org/W7138255448,https://doi.org/10.1609/aaai.v40i31.39882,Neural Architecture for Fast and Reliable Coagulation Assessment in Clinical Settings: Leveraging Thromboelastography,13,217,8,57ea4e35de07c86f45e2d5164ef6e730a59c9693eb4ddf68a3383c515efae66c,17;20;8;41;38;38;35;20,True,False,False,True,True,2,2,other,other,False,True,True,False,False,False
AAAI,conference,2024-01-01,2026-08-30,2026,https://openalex.org/W7138409638,https://doi.org/10.1609/aaai.v40i36.40318,What Makes a Good Speech Tokenizer for LLM-Centric Speech Generation? A Systematic Study,13,152,8,d267b2d110aff8b5888b27f3ff9c0f916dfa7b42f884798f7d8101f09c93149a,15;12;22;25;26;20;20;12,False,True,True,True,True,3,0,other,result,False,True,True,True,False,False
AAAI,conference,2024-01-01,2026-08-30,2025,https://openalex.org/W4409347934,https://doi.org/10.1609/aaai.v39i22.34578,ProsodyFM: Unsupervised Phrasing and Intonation Control for Intelligible Speech Synthesis,10,207,8,845b0dc4383f49340876754a74455a42f58f73e8726c4ef3b510ade987a0a42a,18;28;25;54;21;26;19;16,True,False,False,True,False,3,0,other,other,False,True,True,True,True,False
AAAI,conference,2024-01-01,2026-08-30,2024,https://openalex.org/W4393161005,https://doi.org/10.1609/aaai.v38i20.30301,Fairness with Censorship: Bridging the Gap between Fairness Research and Real-World Deployment,12,121,4,f96ebe4d261ae830c5fe6ab877b48bb7aca0722a1ef0c21de0e3c0301f371c4a,22;23;25;51,True,False,False,False,False,2,0,other,other,False,False,False,False,False,False
AAAI,conference,2024-01-01,2026-08-30,2024,https://openalex.org/W4393158730,https://doi.org/10.1609/aaai.v38i1.27805,Imitation of Life: A Search Engine for Biologically Inspired Design,10,162,8,f1a8ea12fe257b588a185368c326d4e0aa7dc50445eba4fdadfb33abd46e4046,19;10;28;15;21;16;26;27,True,False,False,True,False,3,0,other,other,False,False,True,True,False,False
AAAI,conference,2024-01-01,2026-08-30,2025,https://openalex.org/W4409369493,https://doi.org/10.1609/aaai.v39i3.32246,3DPGS: 3D Probabilistic Graph Search for Archaeological Piece Grouping,11,142,8,bca9da979559c45232e9daea739024fad942766e94f4abbb5bdac70904f78f98,31;14;17;23;18;19;14;6,True,False,False,True,False,2,0,contribution,other,False,False,True,False,False,False
AAAI,conference,2024-01-01,2026-08-30,2026,https://openalex.org/W7138919025,https://doi.org/10.1609/aaai.v40i46.41265,The Confidence Trap: Gender Bias and Predictive Certainty in LLMs,10,129,7,7f05834fa2ecdcc6045500aeecc531e146b57c3869cc919c241959c5ceb3dce4,25;12;16;19;21;19;17,True,False,False,True,True,2,0,other,contribution,False,False,True,True,False,False
AAAI,conference,2024-01-01,2026-08-30,2025,https://openalex.org/W4409363722,https://doi.org/10.1609/aaai.v39i18.34062,Local Causal Discovery Without Causal Sufficiency,6,180,8,fdf3febd10d2022cc874921a33d77ad815e5f15ed31d95c729d4d9d3153fa346,15;32;11;30;20;25;30;17,False,False,False,True,False,4,0,other,other,False,True,True,False,True,False
AAAI,conference,2024-01-01,2026-08-30,2026,https://openalex.org/W7138887084,https://doi.org/10.1609/aaai.v40i48.42121,How Does LLM-powered Coding Assistance Shape Incidental Learning? Exploring Cognitive Forcing Strategies in Programming Education,15,207,10,26b1c7bb4ab8765c05bc31039c6d142cc02c3e05ed5186deccb129931d1211cf,35;16;12;26;22;20;5;22;18;31,False,True,True,True,False,6,1,other,other,False,True,True,False,True,False
AAAI,conference,2024-01-01,2026-08-30,2024,https://openalex.org/W4393154068,https://doi.org/10.1609/aaai.v38i6.28416,Task-Adaptive Prompted Transformer for Cross-Domain Few-Shot Learning,7,161,9,2166cb123905123ec56ec0527f5e982a502c3c2d5fa5c0129fb764ac9d32b6aa,25;16;24;6;10;23;22;18;17,False,False,False,True,False,3,0,other,other,False,True,True,False,False,False
AAAI,conference,2024-01-01,2026-08-30,2026,https://openalex.org/W7138188196,https://doi.org/10.1609/aaai.v40i33.39988,Self-Indexing KVCache: Predicting Sparse Attention from Compressed Keys,8,164,9,b2f963314885e61cbc798e9fd084f4eb0a627de7e7d55a2d4e0821aa67635416,18;29;9;28;21;20;11;17;11,True,False,False,True,True,3,0,gap_or_problem,result,False,True,True,True,False,False
CVPR,conference,2022-01-01,2022-12-31,2022,https://openalex.org/W4313189668,https://doi.org/10.1109/cvpr52688.2022.00438,Open-World Instance Segmentation: Exploiting Pseudo Ground Truth From Learned Pairwise Affinity,11,147,7,bbac4c9197916fc6fb07d8bc6aaa7073fb2d0754f3e507a2cd8f8966cd2e34d7,16;22;17;29;17;7;39,True,False,False,True,False,1,0,other,other,False,False,True,False,False,False
CVPR,conference,2022-01-01,2022-12-31,2022,https://openalex.org/W4312656891,https://doi.org/10.1109/cvpr52688.2022.01728,TimeReplayer: Unlocking the Potential of Event Cameras for Video Interpolation,10,201,9,7616664b3e57fc920873b968c97cdd2d497baef7555cbd13a9a4a30826dce412,12;13;23;36;20;35;24;23;15,True,False,False,False,True,2,0,other,other,False,True,True,False,False,False
CVPR,conference,2022-01-01,2022-12-31,2022,https://openalex.org/W4312431305,https://doi.org/10.1109/cvpr52688.2022.01868,Improving Video Model Transfer with Dynamic Representation Learning,8,172,7,def451b6d9e557c6123dfb6f8d253485b5cff98672db9af694fd058bb460136f,9;45;12;33;27;22;24,False,False,False,True,False,2,0,other,result,False,False,True,True,False,False
CVPR,conference,2022-01-01,2022-12-31,2022,https://openalex.org/W4312867758,https://doi.org/10.1109/cvpr52688.2022.01585,Fisher Information Guidance for Learned Time-of-Flight Imaging,7,142,5,de312ae03bc9914f5952a2a13c0f1cf5567d1b5b5ad628309652385f9ea18908,17;25;37;48;15,False,False,False,True,False,0,1,other,other,False,True,True,False,False,False
CVPR,conference,2022-01-01,2022-12-31,2022,https://openalex.org/W4312253793,https://doi.org/10.1109/cvpr52688.2022.00839,TransMVSNet: Global Context-aware Multi-view Stereo Network with Transformers,8,164,7,93f984f10fbc711ce503364212eeea8daef8061ccf27a4e403eb0ed70a1f2659,17;38;42;21;19;18;9,True,False,False,True,False,1,0,contribution,other,False,False,True,False,True,False
CVPR,conference,2022-01-01,2022-12-31,2022,https://openalex.org/W4312695598,https://doi.org/10.1109/cvpr52688.2022.01276,Trajectory Optimization for Physics-Based Reconstruction of 3d Human Pose from Monocular Video,13,184,7,859929f9228c9ceccb63a30041fe8e7cea96e1b6067b5e2c7952c8b7c0730570,16;38;21;21;10;36;42,False,False,False,True,True,2,1,other,result,False,False,False,True,False,False
CVPR,conference,2022-01-01,2022-12-31,2022,https://openalex.org/W4312624947,https://doi.org/10.1109/cvpr52688.2022.01942,Uncertainty-Guided Probabilistic Transformer for Complex Action Recognition,7,163,9,fd8c469d968b852c319604121c0f1f6cabf1152cd5e2f1491b4749cc057cdb74,22;15;19;27;12;21;16;14;17,False,False,False,True,False,4,0,other,other,False,False,True,False,False,False
CVPR,conference,2022-01-01,2022-12-31,2022,https://openalex.org/W4312536384,https://doi.org/10.1109/cvpr52688.2022.01788,3D-aware Image Synthesis via Learning Structural and Textural Representations,10,187,9,889ace6045b64c8b6286534ddfcfe12a6f422aa8c5f15f344e693d44538d9007,20;27;23;20;29;23;24;12;9,False,False,False,True,False,1,0,gap_or_problem,other,False,True,True,False,False,False
CVPR,conference,2022-01-01,2022-12-31,2022,https://openalex.org/W4312942592,https://doi.org/10.1109/cvpr52688.2022.01363,Scene Consistency Representation Learning for Video Scene Segmentation,8,177,8,7c5aa0dd26505e289569487f1364c5c6f6cbcfe4c13da2e90cde475777157373,28;32;20;24;31;13;18;11,False,False,False,True,False,3,1,other,other,False,False,True,False,False,False
CVPR,conference,2022-01-01,2022-12-31,2022,https://openalex.org/W4313151476,https://doi.org/10.1109/cvpr52688.2022.01249,GIFS: Neural Implicit Function for General Shape Representation,8,161,8,cc11df87cba54528dca4a2233ee25c7c493247380efe910e07848dcba50c9f72,16;23;27;20;26;20;20;9,True,False,True,True,False,2,0,other,other,False,True,True,False,False,True
CVPR,conference,2022-01-01,2022-12-31,2022,https://openalex.org/W4312522806,https://doi.org/10.1109/cvpr52688.2022.01231,Deep Depth from Focus with Differential Focus Volume,8,126,6,c4adef0eb3062719e1cbc3ea1824148f8644319eee5ec3a7574bbc3ad5588b4e,15;26;14;27;25;19,False,False,False,True,False,3,0,other,result,False,False,True,True,False,False
CVPR,conference,2022-01-01,2022-12-31,2022,https://openalex.org/W4312812783,https://doi.org/10.1109/cvpr52688.2022.01716,Uformer: A General U-Shaped Transformer for Image Restoration,8,186,10,f1a1fcf286710fee0e164e97f1300267e10bf039f4d0437cb63bb6d5eef1d3d8,27;7;19;15;26;21;20;22;16;13,True,False,False,True,False,3,0,contribution,other,False,False,True,False,False,False
CVPR,conference,2022-01-01,2022-12-31,2022,https://openalex.org/W4312711263,https://doi.org/10.1109/cvpr52688.2022.00962,Dynamic Kernel Selection for Improved Generalization and Memory Efficiency in Meta-learning,11,292,12,bf670afe9c941ee390c52598fe56be043f138686c9c2bc7f5815f19f6dedbed2,23;13;20;25;25;27;30;38;26;11;44;10,False,False,False,True,True,4,1,other,other,False,True,True,True,True,False
CVPR,conference,2022-01-01,2022-12-31,2022,https://openalex.org/W3217122878,https://doi.org/10.1109/cvpr52688.2022.01539,JoinABLe: Learning Bottom-up Assembly of Parametric CAD Joints,8,132,6,60cfcc1f98a9397fe0ebdd6cc080fb5dc1f75bffdabd137ed120cf26b8c26c8e,19;17;16;21;30;29,True,False,True,True,True,2,0,other,other,False,False,True,True,True,False
CVPR,conference,2022-01-01,2022-12-31,2022,https://openalex.org/W4300688518,https://doi.org/10.1109/cvpr52688.2022.01999,Harmony: A Generic Unsupervised Approach for Disentangling Semantic Content from Parameterized Transformations,12,200,9,e73035d2af9e875852b5eddb6fcfa0f80e8952fb16a625404b1831c8a45cf3f0,29;18;21;18;23;16;31;24;20,True,False,False,True,False,4,1,other,implication,False,False,True,False,True,False
CVPR,conference,2022-01-01,2022-12-31,2022,https://openalex.org/W4312328737,https://doi.org/10.1109/cvpr52688.2022.00972,Semi-supervised Semantic Segmentation with Error Localization Network,7,177,7,134f15d36a6af6472e611bd36bc4cb7b27452cd8d15d2cb1bd238cf223721d3c,25;33;13;35;27;24;20,False,False,False,True,True,3,1,other,other,False,True,True,False,False,False
CVPR,conference,2022-01-01,2022-12-31,2022,https://openalex.org/W4312580473,https://doi.org/10.1109/cvpr52688.2022.00150,FLOAT: Factorized Learning of Object Attributes for Improved Multi-object Multi-part Scene Parsing,12,195,9,aa5cd2ae3150b58a21d7d6a8a024a5e1ecf91772b952b994f1640faf06277a3f,25;16;26;19;29;16;27;27;10,True,False,True,True,True,2,0,other,other,False,False,True,False,False,False
CVPR,conference,2022-01-01,2022-12-31,2022,https://openalex.org/W4312562010,https://doi.org/10.1109/cvpr52688.2022.01666,LIFT: Learning 4D LiDAR Image Fusion Transformer for 3D Object Detection,13,142,7,4c3bcb7034aeab42226c5d118560cae71f3b389261f13a3bb77fcc6411baf62c,22;26;23;17;20;11;23,True,False,True,True,False,1,0,other,other,False,True,True,False,False,False
CVPR,conference,2022-01-01,2022-12-31,2022,https://openalex.org/W4312464145,https://doi.org/10.1109/cvpr52688.2022.02020,Closing the Generalization Gap of Cross-silo Federated Medical Image Segmentation,10,166,7,98dfd8934ff68077c2c33b49ea9351854e03f6f6ba6791c76620674b9a7bf5ff,33;19;23;36;22;16;17,False,False,False,True,False,1,0,context,other,True,True,True,False,False,False
CVPR,conference,2022-01-01,2022-12-31,2022,https://openalex.org/W3215113235,https://doi.org/10.1109/cvpr52688.2022.01435,The Norm Must Go On: Dynamic Unsupervised Domain Adaptation by Normalization,11,198,10,40762e3d5ace40498e00540b54bb52e86c6321241db177ae294494b0c93aa656,20;16;26;16;18;22;20;12;22;26,True,False,False,True,True,4,0,other,result,False,True,True,True,False,False
CVPR,conference,2022-01-01,2022-12-31,2022,https://openalex.org/W4312762894,https://doi.org/10.1109/cvpr52688.2022.00909,En-Compactness: Self-Distillation Embedding & Contrastive Generation for Generalized Zero-Shot Learning,9,212,12,af70a74491b15fbc6412c01fa6bac83bb0847229a7a071f117082b29b4d7809d,21;16;17;15;14;21;14;22;17;15;19;21,True,False,False,True,False,4,0,other,result,False,True,True,True,True,False
CVPR,conference,2022-01-01,2022-12-31,2022,https://openalex.org/W4313153367,https://doi.org/10.1109/cvpr52688.2022.00840,RayMVSNet: Learning Ray-based 1D Implicit Fields for Accurate Multi-View Stereo,11,175,8,92af060b23904aa02329e1d946039167ec39ca940ad90751d6301da12a04c09f,15;21;32;19;24;18;13;33,True,False,False,True,True,2,0,other,implication,False,False,True,False,True,False
CVPR,conference,2022-01-01,2022-12-31,2022,https://openalex.org/W4312784228,https://doi.org/10.1109/cvpr52688.2022.01763,An Empirical Study of Training End-to-End Vision-and-Language Transformers,8,192,8,3869e68fa263f9b36a55b01eaf9b5f6cdfcff5d31358d6a1b00bc56bd3d98d81,14;26;29;46;15;35;14;13,False,False,False,True,True,1,0,other,other,False,False,True,True,False,False
CVPR,conference,2022-01-01,2022-12-31,2022,https://openalex.org/W4312677021,https://doi.org/10.1109/cvpr52688.2022.00176,Occluded Human Mesh Recovery,4,229,10,1ec414944e5463d24418285b544fb25ef3d1c5ca119192ff4f7ad8dfdecad39c,27;14;16;29;14;22;22;19;18;48,False,False,False,True,True,1,0,other,other,False,False,True,False,False,False
CVPR,conference,2022-01-01,2022-12-31,2022,https://openalex.org/W4312291425,https://doi.org/10.1109/cvpr52688.2022.01444,Interactron: Embodied Adaptive Object Detection,5,221,11,6a0f5391fbda3e2e0c9fc6b85e8ffb1a47ae1c63542b9378620c1de2249a94fe,14;18;11;18;21;12;35;24;26;32;10,True,False,False,True,True,1,0,other,other,False,True,True,True,False,False
CVPR,conference,2022-01-01,2022-12-31,2022,https://openalex.org/W4225568094,https://doi.org/10.1109/cvpr52688.2022.02025,FERV39k: A Large-Scale Multi-Scene Dataset for Facial Expression Recognition in Videos,13,200,9,d31b076ea374da2ca8fc9ac8891e38accc8db921e4d9fffadcb1fcfccac3a9b0,21;17;22;15;31;39;28;11;16,True,False,False,True,True,1,0,other,other,False,False,True,False,False,False
CVPR,conference,2022-01-01,2022-12-31,2022,https://openalex.org/W4312997112,https://doi.org/10.1109/cvpr52688.2022.00126,Canonical Voting: Towards Robust Oriented Bounding Box Detection in 3D Scenes,12,141,8,3517c287ada9a6c7524ef4295f70db1340869aaf963f0370cef4524099e86f8e,21;19;17;18;17;22;15;12,True,False,False,True,False,1,0,other,other,False,False,False,False,False,False
CVPR,conference,2022-01-01,2022-12-31,2022,https://openalex.org/W4226528228,https://doi.org/10.1109/cvpr52688.2022.01157,BaLeNAS: Differentiable Architecture Search via the Bayesian Learning Rule,9,206,8,1266a1083bed79e1950f1d603ea166a71998b8d9714b32227fa97edd6272d59b,25;22;27;25;15;16;50;26,True,False,False,True,True,5,0,context,other,True,True,False,True,False,False
CVPR,conference,2022-01-01,2022-12-31,2022,https://openalex.org/W4312414053,https://doi.org/10.1109/cvpr52688.2022.00442,SeeThroughNet: Resurrection of Auxiliary Loss by Preserving Class Probability Information,10,224,8,b3a740ec84ee49da28b8757ca3d436bdf96538828f06d86e39ca9ed8270b22ca,19;35;57;16;23;31;22;21,True,False,False,True,True,4,0,other,other,False,True,True,False,False,False
CVPR,conference,2022-01-01,2022-12-31,2022,https://openalex.org/W4312908248,https://doi.org/10.1109/cvpr52688.2022.00047,Out-of-distribution Generalization with Causal Invariant Transformations,6,232,9,75ed5b9c0c7f7e5fe38b8618a181d24d170ff58bc93b2545da93def2ae2500a9,19;28;30;18;35;33;28;17;24,False,False,False,True,False,4,2,context,other,True,False,True,False,False,False
CVPR,conference,2022-01-01,2022-12-31,2022,https://openalex.org/W4312957735,https://doi.org/10.1109/cvpr52688.2022.00158,NeuralHDHair: Automatic High-fidelity Hair Modeling from a Single Image Using Implicit Neural Representations,13,213,7,420e7ec23591e2374b0fd75637e1d3f1cc08e5769a664cbac2c0a4728c9b7cd3,12;34;19;57;34;29;28,True,False,False,True,False,3,0,other,other,False,True,True,False,False,False
CVPR,conference,2022-01-01,2022-12-31,2022,https://openalex.org/W4312616241,https://doi.org/10.1109/cvpr52688.2022.01194,Contrastive Dual Gating: Learning Sparse Features With Contrastive Learning,9,172,7,61b16905548703e59819eb6d5337c753769078f8a50ba7b8984bbe7beb0aa88d,25;29;21;22;30;18;27,True,False,False,True,True,5,0,other,result,False,True,True,True,False,False
CVPR,conference,2022-01-01,2022-12-31,2022,https://openalex.org/W4312311094,https://doi.org/10.1109/cvpr52688.2022.01289,Putting People in their Place: Monocular Regression of 3D People in Depth,13,276,15,f7c28764d0b626fa5a4e3c6115da4a694b5266cbea61f1f96491b9d92d3ccfc2,26;17;19;7;19;30;21;12;21;20;9;22;15;14;24,True,False,False,True,False,1,0,other,other,False,True,True,False,False,False
CVPR,conference,2022-01-01,2022-12-31,2022,https://openalex.org/W4298014068,https://doi.org/10.1109/cvpr52688.2022.00665,Templates for 3D Object Pose Estimation Revisited: Generalization to New Objects and Robustness to Occlusions,16,168,8,c5bddd17f6b30ff120ca8b154502169af96f38f7a2c0714e7705f73dd8a4aa2f,22;19;38;23;18;20;14;14,True,False,False,True,False,2,0,contribution,other,False,False,True,True,False,False
CVPR,conference,2022-01-01,2022-12-31,2022,https://openalex.org/W4312906119,https://doi.org/10.1109/cvpr52688.2022.01549,"RGB-Multispectral Matching: Dataset, Learning Methodology, Evaluation",6,142,5,f80331a1089f7a6174ef9c80aae8b14478b76a0537516dc975fe0ad81850fcb3,22;34;27;35;24,True,False,True,True,True,1,0,other,result,False,False,True,True,False,False
CVPR,conference,2022-01-01,2022-12-31,2022,https://openalex.org/W4312813479,https://doi.org/10.1109/cvpr52688.2022.00730,Energy-based Latent Aligner for Incremental Learning,6,194,10,219c3d653ac7f3edc0b6726c1c515ba94b32534b7f2d44d72f7a993fc0fa92bd,14;23;7;40;15;22;18;19;27;9,False,False,False,True,True,1,1,other,other,False,False,True,True,False,False
CVPR,conference,2022-01-01,2022-12-31,2022,https://openalex.org/W4225829036,https://doi.org/10.1109/cvpr52688.2022.00518,MixFormer: Mixing Features across Windows and Dimensions,7,149,9,206109ffcb403c468bd6700cb4f17853a710d7f7b753167ac7be6c65e031c096,19;17;7;20;17;14;19;27;9,True,False,False,True,True,4,0,other,other,False,False,True,False,False,False
CVPR,conference,2022-01-01,2022-12-31,2022,https://openalex.org/W3215107017,https://doi.org/10.1109/cvpr52688.2022.00271,Medial Spectral Coordinates for 3D Shape Analysis,8,188,8,777d4f92e717a7e5d88cde5b9ed9b7059cb2538c47c7bb378e358c48ea65490c,32;27;33;16;20;20;14;26,False,False,False,True,False,0,0,context,other,True,True,True,False,True,False
CVPR,conference,2022-01-01,2022-12-31,2022,https://openalex.org/W4313150877,https://doi.org/10.1109/cvpr52688.2022.00818,Deep Spectral Methods: A Surprisingly Strong Baseline for Unsupervised Semantic Segmentation and Localization,13,195,8,07b35264447a7be5faca77e40eb68bafa58a030d6c8e5afe0b30075d04fefd1f,22;31;28;16;23;22;25;28,True,False,False,True,False,3,0,other,other,False,False,False,True,False,False
CVPR,conference,2022-01-01,2022-12-31,2022,https://openalex.org/W4313162344,https://doi.org/10.1109/cvpr52688.2022.01588,LiDAR Snowfall Simulation for Robust 3D Object Detection,9,206,8,7c6a21687dbced04c8a32f768a8b15dac0ef6157e01a4bd5b1eeeb997b6b1b8b,33;15;31;27;18;27;44;11,False,False,False,True,False,1,0,context,other,True,False,True,False,False,False
NeurIPS,conference,2021-01-01,2021-12-31,2021,https://openalex.org/W3211971612,,End-to-end Multi-modal Video Temporal Grounding,5,180,8,28912acb164ba629f05f9654d10d0e09cd530b1d9e7d542a2fd5f586c88d0fae,25;24;17;18;29;25;20;22,False,False,False,True,False,3,1,other,other,False,False,True,False,True,False
NeurIPS,conference,2021-01-01,2021-12-31,2021,https://openalex.org/W3214307811,,Second-Order Neural ODE Optimizer,4,170,6,dbc8af06b454b5ab36f843f8c55048073c73e2ab34ebc9fd145a642f29bec00d,22;20;41;25;29;33,False,False,True,True,True,3,0,contribution,other,False,False,True,True,False,False
NeurIPS,conference,2021-01-01,2021-12-31,2021,https://openalex.org/W3211462995,,On Joint Learning for Solving Placement and Routing in Chip Design,11,188,7,ad3135c19450121de1f5896e564b720b5a99986bf6b9ddd7b9085e046a99fc9d,35;18;35;31;28;10;31,False,False,False,True,False,2,0,other,other,True,False,False,False,False,False
NeurIPS,conference,2021-01-01,2021-12-31,2021,https://openalex.org/W3211587474,,Rethinking and Reweighting the Univariate Losses for Multi-Label Ranking: Consistency and Generalization,12,188,8,3175c75bc0d6da7cde782ffe30a93ffe996280dafc24c86ed6387b4d863ef039,22;12;35;26;41;14;31;7,True,False,False,True,False,3,0,other,other,False,True,True,True,True,False
NeurIPS,conference,2021-01-01,2021-12-31,2021,https://openalex.org/W3213111290,,Why Spectral Normalization Stabilizes GANs: Analysis and Improvements,8,217,10,dd25d3fca5d9f340df07de83498665431727839e76aea72ca9484342113151df,28;21;12;19;28;28;24;26;11;20,True,False,False,True,False,6,1,other,result,False,True,True,True,False,False
NeurIPS,conference,2021-01-01,2021-12-31,2021,https://openalex.org/W3213413335,,Dynamics-regulated kinematic policy for egocentric pose estimation,7,156,7,9d2b921d0011de883cbf1e0207df1a5037ea6358a327e4e0188f234f9038274d,22;21;19;15;28;36;15,False,False,False,True,False,2,0,contribution,other,True,False,True,True,False,False
NeurIPS,conference,2021-01-01,2021-12-31,2021,https://openalex.org/W3185434255,,Fast Certified Robust Training with Short Warmup,7,225,6,6e4e14a65b482bdcf597cd0ebeededdbe5309c81a263024e09e6baf8135c632b,19;43;23;19;68;53,False,False,False,True,True,3,0,other,other,False,True,True,True,True,False
NeurIPS,conference,2021-01-01,2021-12-31,2021,https://openalex.org/W3213008272,,Self-Attention Between Datapoints: Going Beyond Individual Input-Output Pairs in Deep Learning,11,142,6,a9f6db92e176420b1e69054fa82519221399cec5a5756763db11efbebce7d81d,28;25;23;23;16;27,True,False,False,True,True,1,0,gap_or_problem,result,False,True,True,True,False,False
NeurIPS,conference,2021-01-01,2021-12-31,2021,https://openalex.org/W3214637739,,Probabilistic Margins for Instance Reweighting in Adversarial Training,8,176,6,7d6e7677feb6ea18e2789c880e3eeb3d86da81982137b5aa8fc7ca48fdff0d80,30;40;25;34;33;14,False,False,False,True,False,3,1,other,result,False,True,True,True,False,False
NeurIPS,conference,2021-01-01,2021-12-31,2021,https://openalex.org/W3214370733,,"VATT: Transformers for Multimodal Self-Supervised Learning from Raw Video, Audio and Text",12,195,9,6674e44a578b2afc3bc9b252684e607c6179d7a1567a8a03e506a7125771180d,15;25;30;14;14;30;36;25;6,True,False,True,True,True,3,0,contribution,other,False,True,True,True,False,False
NeurIPS,conference,2021-01-01,2021-12-31,2021,https://openalex.org/W3211877648,,Data Sharing and Compression for Cooperative Networked Control,8,140,6,4b52824a80106b5324152d6ad0ab4d53250ae076dd5614c42bd4281b48c99acf,25;20;24;19;33;19,False,False,False,True,True,3,0,other,contribution,False,True,True,False,True,False
NeurIPS,conference,2021-01-01,2021-12-31,2021,https://openalex.org/W3212775003,,Best of Both Worlds: Practical and Theoretically Optimal Submodular Maximization in Parallel,12,192,6,abd067250ac4a691e24a9c006e2c565ba016be99e58f291597ca561ae164c8e7,77;14;21;28;18;34,True,False,False,True,True,4,1,other,result,False,False,False,True,False,False
NeurIPS,conference,2021-01-01,2021-12-31,2021,https://openalex.org/W3211407287,,Bandit Learning with Delayed Impact of Actions,7,225,10,71504d244a0620fc37452c0a4add38d1484c4f146313bcf9469d26de135c6ca0,13;16;11;29;31;18;20;24;40;23,False,False,False,True,True,2,2,other,other,False,False,True,True,False,False
NeurIPS,conference,2021-01-01,2021-12-31,2021,https://openalex.org/W3191483612,,"Addressing ""Documentation Debt"" in Machine Learning Research: A Retrospective Datasheet for BookCorpus",12,176,7,3e59fe80b9f4930be102ae18eff0d6deb9bfe771fc1c97f4ec513215718cab60,30;18;28;17;31;25;27,True,False,False,True,True,2,1,other,other,False,False,False,True,False,False
NeurIPS,conference,2021-01-01,2021-12-31,2021,https://openalex.org/W3211420758,,On the Provable Generalization of Recurrent Neural Networks,8,251,6,e76d0bbd4d2d6f8644574f30382909300ba921e8c9e7a202ab161d93e9da0704,11;30;71;48;44;47,False,False,False,True,True,3,0,context,result,True,False,True,True,False,False
NeurIPS,conference,2021-01-01,2021-12-31,2021,https://openalex.org/W3214309456,,Adversarial Examples Make Strong Poisons,5,148,6,4ca51cf53142c5e1e59513aaef564a303a0e693c1dcdbb3494aad7944fc1e930,20;28;26;15;22;37,False,False,False,True,False,2,3,other,other,False,False,True,True,False,False
NeurIPS,conference,2021-01-01,2021-12-31,2021,https://openalex.org/W3211950794,,Calibration and Consistency of Adversarial Surrogate Losses,7,246,9,e8f55d172c07daec7ca1048112cb7488f49cf11f320d0d400d7acec301946e83,11;22;15;21;35;24;31;60;27,False,False,False,True,True,5,0,other,other,False,False,True,True,False,False
NeurIPS,conference,2021-01-01,2021-12-31,2021,https://openalex.org/W3213562542,,On the Estimation Bias in Double Q-Learning,7,137,7,ec2a4d4c4c680dd8305e04f31635c1837426971ff88fa2cac457797f1c97cd7e,22;20;18;21;27;10;19,False,False,False,True,False,2,1,other,other,False,True,True,True,False,False
NeurIPS,conference,2021-01-01,2021-12-31,2021,https://openalex.org/W3212367831,,A Near-Optimal Algorithm for Stochastic Bilevel Optimization via Double-Momentum,9,198,8,d633daa8d4343a3468c6159cc49a3ce86afde0712fb24ce67b87dd200b7ba4b0,33;20;28;20;33;26;25;13,False,False,False,True,True,2,1,contribution,other,False,False,True,True,False,False
NeurIPS,conference,2021-01-01,2021-12-31,2021,https://openalex.org/W3209525070,,Chest ImaGenome Dataset for Clinical Reasoning,6,225,6,ff7ee4b3502ae1f7f27de0e5d0323de9ef6ccce5793bef10792c8226c7e777fa,38;47;29;19;26;66,False,False,False,True,True,4,0,gap_or_problem,implication,True,True,False,False,True,False
NeurIPS,conference,2021-01-01,2021-12-31,2021,https://openalex.org/W3211671711,,K-Net: Towards Unified Image Segmentation,5,177,8,d8932cae6be607bdfe86ebf8684a8781dd2636cc9f34881bb5efa5e4b1ddb27e,17;14;35;29;21;31;20;10,True,False,False,True,True,1,0,gap_or_problem,other,False,True,True,False,False,False
NeurIPS,conference,2021-01-01,2021-12-31,2021,https://openalex.org/W3214213327,,Probabilistic Attention for Interactive Segmentation,5,161,6,0b1ce9f5525d67ebc81a4167f961297763c9633fac175fd7c0119e6ca35f8137,26;19;47;21;30;18,False,False,False,True,False,3,1,other,other,False,False,False,True,False,False
NeurIPS,conference,2021-01-01,2021-12-31,2021,https://openalex.org/W3213953611,,Look at What I’m Doing: Self-Supervised Spatial Grounding of Narrations in Instructional Videos,14,180,7,e680adda7d38f7776546e6142eabe80328d8e26ea97a0293fc85f37b7cba37d7,11;25;21;31;33;15;44,True,False,False,True,False,7,0,contribution,other,True,False,True,True,False,False
NeurIPS,conference,2021-01-01,2021-12-31,2021,https://openalex.org/W3213517177,,MobILE: Model-Based Imitation Learning From Observation Alone,7,152,6,55920e81a6d1deeadbb94549f3e9a07001d3948360e04f07f8194de5721f0fdf,34;13;31;29;26;19,True,False,False,True,False,3,1,other,other,False,False,True,False,False,False
NeurIPS,conference,2021-01-01,2021-12-31,2021,https://openalex.org/W3213082572,,Which Mutual-Information Representation Learning Objectives are Sufficient for Control?,9,141,6,45dd6ee225b207193be9d4068609acf147841cce22ccddf9e1c654196a73153e,12;24;41;24;23;17,False,True,False,True,False,2,0,other,other,False,False,True,True,False,False
NeurIPS,conference,2021-01-01,2021-12-31,2021,https://openalex.org/W3213425801,,Data driven semi-supervised learning,4,263,10,df8a11f348dfb16958765b6b53ca3fa911b58ca5507b6cdc0940f8c71c8bea67,23;16;25;31;33;27;36;18;25;29,False,False,False,True,False,2,2,other,contribution,False,True,True,True,False,False
NeurIPS,conference,2021-01-01,2021-12-31,2021,https://openalex.org/W3213151762,,ImageBART: Bidirectional Context with Multinomial Diffusion for Autoregressive Image Synthesis,10,225,9,15906aa1781b4050b23f5cbd7bb5062a2c35a5b47e460f9b7807881f1748fdcc,20;24;25;24;42;18;29;15;28,True,False,False,True,False,4,0,other,implication,False,False,False,True,True,False
NeurIPS,conference,2021-01-01,2021-12-31,2021,https://openalex.org/W3212837823,,Automated Dynamic Mechanism Design,4,277,11,66de325d63c539787efe768374c5cacc8bac752197f69584dc359b0d869e20b4,34;27;20;21;23;21;26;29;23;15;38,False,False,False,True,False,2,3,other,contribution,False,False,True,True,False,False
NeurIPS,conference,2021-01-01,2021-12-31,2021,https://openalex.org/W3213182304,,Neural Algorithmic Reasoners are Implicit Planners,6,198,9,f09a19360a4b757070273a4af8c07af81216965aaa6b5c313ebefba95ca2bd6b,20;24;40;30;13;15;16;28;12,False,False,False,True,False,1,0,other,other,False,True,True,True,False,False
NeurIPS,conference,2021-01-01,2021-12-31,2021,https://openalex.org/W3211483028,,Align before Fuse: Vision and Language Representation Learning with Momentum Distillation,11,211,11,3bd319aa59e88bfd8305382b8d1497c9dc35baa4b8a470e8dd3ea07cb9b60587,14;19;20;31;15;25;31;9;15;22;10,True,False,False,True,True,5,0,other,other,False,False,True,True,False,False
NeurIPS,conference,2021-01-01,2021-12-31,2021,https://openalex.org/W3213268837,,Scaling Gaussian Processes with Derivative Information Using Variational Inference,9,225,9,f4a65018fe52a27400db34a98c65977c848b8029eb94b3569f2fe7a42eda10ef,28;24;8;34;18;33;28;33;19,False,False,False,True,True,5,0,other,result,False,True,True,True,False,False
NeurIPS,conference,2021-01-01,2021-12-31,2021,https://openalex.org/W3214042189,,Never Go Full Batch (in Stochastic Convex Optimization),8,105,2,62085a06ef53b15c9808b9ae01e9568771fc858ee5580a0ce19ece302031aa2e,57;48,False,False,False,True,True,0,0,other,other,False,False,False,False,False,False
NeurIPS,conference,2021-01-01,2021-12-31,2021,https://openalex.org/W3214413862,,Rectifying the Shortcut Learning of Background for Few-Shot Learning,9,92,4,d36b0aac4376e73ec46e1669bfb8f5653b0652239059eb90bda3630d5d930cbd,23;31;25;13,False,False,False,True,False,2,0,other,other,False,False,True,False,False,False
NeurIPS,conference,2021-01-01,2021-12-31,2021,https://openalex.org/W3212958331,,Bridging Explicit and Implicit Deep Generative Models via Neural Stein Estimators,11,164,7,00d4914cb2d13f728b006211e8615e6cca559682af4cf5ec0063e9c9a5a247f8,11;24;26;33;24;31;15,False,False,False,True,True,5,0,other,other,False,False,True,True,False,False
NeurIPS,conference,2021-01-01,2021-12-31,2021,https://openalex.org/W3212014628,,Attention Bottlenecks for Multimodal Fusion,5,156,7,2d9d5f2b2fdf12204f03161a3219cbf32de235a7d7e009795cacb98ff67b43e7,19;36;18;41;16;19;7,False,False,False,True,False,3,0,other,other,False,True,True,True,False,False
NeurIPS,conference,2021-01-01,2021-12-31,2021,https://openalex.org/W3212842701,,PreferenceNet: Encoding Human Preferences in Auction Design with Deep Learning,10,181,9,bede03625c2a2e88c46e7e3385933d779b10753019e1b02f1e4748e70029647c,17;16;28;21;15;23;33;20;8,True,False,False,True,False,3,2,other,other,False,True,True,False,False,False
NeurIPS,conference,2021-01-01,2021-12-31,2021,https://openalex.org/W3211367667,,Qu-ANTI-zation: Exploiting Quantization Artifacts for Achieving Adversarial Outcomes,8,227,12,11ec02d967e7684af0ec2d372e1809742ad7a1ac11b837acd8c327c451af4b07,25;17;19;15;13;17;19;40;16;21;15;10,True,False,True,True,True,4,1,other,other,False,True,True,True,False,False
NeurIPS,conference,2021-01-01,2021-12-31,2021,https://openalex.org/W3212232876,,TacticZero: Learning to Prove Theorems from Scratch with Deep Reinforcement Learning,11,129,7,cc5bbab84e33e33c09b68792e2584f4e2ab2b85cd85aefbe6365d7d17cbcf8a2,13;21;23;25;10;23;14,True,False,False,True,False,3,0,contribution,other,False,False,True,True,False,False
NeurIPS,conference,2021-01-01,2021-12-31,2021,https://openalex.org/W3212527747,,Revealing and Protecting Labels in Distributed Training,7,184,8,5574653d324c899c3aa473b91d10ac7962f1590a4c189070760f02b1721c1856,24;17;47;30;14;19;17;16,False,False,False,True,True,8,1,implication,result,False,True,True,True,True,False
NeurIPS,conference,2021-01-01,2021-12-31,2021,https://openalex.org/W3213007308,,Robust Optimization for Multilingual Translation with Imbalanced Data,8,220,8,e342f694e03803ceb5598ffe0616ba9247c29b4fb252ea9d6e0326846e790de6,14;23;37;29;51;17;21;28,False,False,False,True,True,7,0,other,other,False,True,True,True,False,False
ICML,conference,2021-01-01,2021-12-31,2021,https://openalex.org/W3172611437,,Lower Bounds on Cross-Entropy Loss in the Presence of Test-time Adversaries,11,168,7,4dafac76154d90397c204a3dc0039c874c6015c82b8b225f90ce7ba549bdc7e8,22;19;25;25;31;27;19,False,False,False,True,False,3,1,other,other,False,False,True,False,False,False
ICML,conference,2021-01-01,2021-12-31,2021,https://openalex.org/W3173042344,,DANCE: Enhancing saliency maps using decoys,6,201,9,8075aafc8c21ed8e475824f9a9655150dde1939f610888df1ba517cd721b38a6,36;27;20;17;25;18;11;27;20,True,False,True,True,False,3,2,other,contribution,False,False,True,True,False,False
ICML,conference,2021-01-01,2021-12-31,2021,https://openalex.org/W3168049986,,Equivariant message passing for the prediction of tensorial properties and molecular spectra,12,136,6,4757d8373388aa691ea8b02440f24e04d9f8351334befe75b5ce205cbcdd7afc,28;21;20;28;15;24,False,False,False,True,True,2,0,other,other,False,False,True,False,False,False
ICML,conference,2021-01-01,2021-12-31,2021,https://openalex.org/W3172490820,,An Integer Linear Programming Framework for Mining Constraints from Data,10,219,10,ca12b49e0c360ef1cfed3cc2af31c7bed8b54e8c79a7a811aa77a982470ac822,19;18;12;31;17;28;26;28;21;19,False,False,False,True,False,3,0,other,other,False,True,True,True,False,False
ICML,conference,2021-01-01,2021-12-31,2021,https://openalex.org/W3170928047,,Scaling Up Visual and Vision-Language Representation Learning With Noisy Text Supervision,11,234,11,e21cea1fe172d2d4a508eeb2c2e3467d342b24f85578cc7e34e67357ad250a17,11;33;18;19;17;27;21;26;16;33;13,False,False,False,True,False,4,0,other,other,False,False,True,True,False,False
ICML,conference,2021-01-01,2021-12-31,2021,https://openalex.org/W3171099118,,Risk Bounds and Rademacher Complexity in Batch Reinforcement Learning,9,172,5,1d405b4232d7bac921926eda2a78664bfe760702051f83aee104b22fe0d9fcbc,12;40;59;41;20,False,False,False,True,True,1,1,other,other,False,True,False,False,False,False
ICML,conference,2021-01-01,2021-12-31,2021,https://openalex.org/W3172895783,,Zero-Shot Knowledge Distillation from a Decision-Based Black-Box Model,8,231,11,fe3a16db96d6f71962a6c3011468ce8714f942ac905845bd1fb736f64166c2e9,31;23;17;38;11;29;10;20;29;16;7,False,False,False,True,False,1,0,other,other,False,True,True,True,False,False
ICML,conference,2021-01-01,2021-12-31,2021,https://openalex.org/W3172129812,,Active Feature Acquisition with Generative Surrogate Models,7,199,9,5ed22cdcb4d8204519e4d60bb037abb5e61e33e806b77b65d5f95a35a0bb0bca,20;24;20;18;13;23;17;41;23,False,False,False,True,False,3,0,other,result,False,True,True,True,True,False
ICML,conference,2021-01-01,2021-12-31,2021,https://openalex.org/W3172322153,,DORO: Distributional and Outlier Robust Optimization,6,184,8,a31b549d9662d51165f8be71d47eb4b87cab463b645de1c3e4e2061afe2a4fd5,19;26;25;16;16;19;24;39,True,False,True,True,True,3,0,other,implication,False,False,True,False,True,False
ICML,conference,2021-01-01,2021-12-31,2021,https://openalex.org/W3170293415,,Doubly Robust Off-Policy Actor-Critic: Convergence and Optimality,7,202,7,0d86c6bb0dc0339beb6aff6009e9855c954e493ebf48949d174ee44a42740b07,24;48;26;36;20;26;22,True,False,False,True,False,3,1,other,implication,False,False,True,False,True,False
ICML,conference,2021-01-01,2021-12-31,2021,https://openalex.org/W3170016573,,Zero-Shot Text-to-Image Generation,3,83,4,34e0c2640c896a439e7d28520b6fbcc5e3da7610ddb7057aad30fdfb92cfc199,16;22;26;19,False,False,False,True,False,1,1,other,other,False,False,False,False,False,False
ICML,conference,2021-01-01,2021-12-31,2021,https://openalex.org/W3172862056,,"Improved, Deterministic Smoothing for L_1 Certified Robustness",8,216,10,f76e4aac71a3765f2fc22fc2f243d7443ba18eb3113d366b1ed3634272ad7b23,16;16;16;38;20;21;48;22;12;7,False,False,False,True,True,0,0,other,other,False,False,True,False,True,False
ICML,conference,2021-01-01,2021-12-31,2021,https://openalex.org/W3169783367,,Learning to Price Against a Moving Target,7,103,5,c95bf93b627002bd29143591abc511d91fab72a97a719ef8bf512252c3f68a0d,23;13;29;15;23,False,False,False,True,False,0,0,other,other,False,False,True,False,False,False
ICML,conference,2021-01-01,2021-12-31,2021,https://openalex.org/W3172043607,,Low-Precision Reinforcement Learning: Running Soft Actor-Critic in Half Precision,9,129,5,bdbf931b6e6623ef700de91efbc70995e211ae58fd97b211450ca3ab0b539081,19;32;25;26;27,True,False,False,True,False,3,0,other,other,False,True,True,False,False,False
ICML,conference,2021-01-01,2021-12-31,2021,https://openalex.org/W3169148562,,A Modular Analysis of Provable Acceleration via Polyak's Momentum: Training a Wide ReLU Network and a Deep Linear Network,19,283,14,6c7f1d5ab57f4183af3b2d5e215b987f2fe345d4d4f5c2531754a1c79f19dde0,32;19;21;19;39;5;5;36;23;10;26;18;18;12,True,False,False,True,True,9,1,other,contribution,False,False,True,False,False,False
ICML,conference,2021-01-01,2021-12-31,2021,https://openalex.org/W3173117669,,Outlier-Robust Optimal Transport,3,134,8,446ed09fb4cd50fa90d8967cf48387295668aa6d03f22811015076c0ff8284ed,20;22;12;9;13;12;23;23,False,False,False,True,False,1,0,other,result,True,True,True,True,False,False
ICML,conference,2021-01-01,2021-12-31,2021,https://openalex.org/W3186130013,,Time-series Forecasting of Ionospheric Space Weather using Ensemble Machine Learning,10,224,8,9f7e686454f7f0835f403f517d4af77eb05bbc4d3d55eb6b9b78fd543dd2fc14,33;35;16;20;29;38;20;33,False,False,False,True,True,1,1,other,other,False,True,False,False,False,False
ICML,conference,2021-01-01,2021-12-31,2021,https://openalex.org/W3203085924,,From Talk to Action with Accountability: Monitoring the Public Discussion of Policy Makers with Deep Neural Networks and Topic Modelling,20,188,7,30bd6bc136fa70563a31709e5598203524e13d3600364a85c86d5f51dfa84bd5,25;24;22;33;28;16;40,True,False,False,True,False,0,0,other,gap_or_problem,False,True,True,False,False,False
ICML,conference,2021-01-01,2021-12-31,2021,https://openalex.org/W3197921473,,Long-term Cross Adversarial Training: A Robust Meta-learning Method for Few-shot Classification Tasks,12,171,8,daf127321ec4259f1db49b688e350c43df0eae136438a65560f7fc1a07027bd4,12;25;25;18;18;26;22;25,True,False,False,False,False,5,0,other,result,False,True,False,True,False,False
ICML,conference,2021-01-01,2021-12-31,2021,https://openalex.org/W3165998135,,Function Contrastive Learning of Transferable Meta-Representations,6,134,5,711883c4ede5794f70d13f1e7f9cff6575a4cfcb836d8650d4194674ee7ea4b4,19;36;18;23;38,False,False,False,True,False,5,0,other,other,False,False,True,False,False,False
ICML,conference,2021-01-01,2021-12-31,2021,https://openalex.org/W3169537799,,The Lipschitz Constant of Self-Attention,5,140,6,851e1020bfb154e798e5de85bbba6d41f5755fa8c686000fc68d647b94810d09,31;22;20;20;21;26,False,False,False,True,False,1,0,other,other,False,False,True,False,False,False
ICML,conference,2021-01-01,2021-12-31,2021,https://openalex.org/W3167895257,,Equivariant Networks for Pixelized Spheres,5,145,9,475447762250e9b982e6a0cea8a1a94fa47ee0f20b69359f5cb81dc529aea669,26;6;22;10;16;25;17;16;7,False,False,False,True,False,3,0,other,other,False,True,False,True,False,False
ICML,conference,2021-01-01,2021-12-31,2021,https://openalex.org/W3165987679,,Outside the Echo Chamber: Optimizing the Performative Risk,8,139,6,c364d6c53911038d325d9151ed290b45c423d10d32b67452b3bf5e43aba4a46a,15;21;27;17;34;25,True,False,False,True,False,2,0,other,contribution,False,True,True,False,False,False
ICML,conference,2021-01-01,2021-12-31,2021,https://openalex.org/W3167104264,,What Are Bayesian Neural Network Posteriors Really Like,8,194,5,5dc62e4fda2778562b334aadf7a8c83a1eae045e93d9ccbd5e4732c0813216a7,12;22;19;122;19,False,False,False,True,True,5,1,other,other,False,False,False,True,False,False
ICML,conference,2021-01-01,2021-12-31,2021,https://openalex.org/W3172205380,,Learning Neural Network Subspaces,4,120,6,3a558770029f9dbef4f074fb0a2a0c171cf0de7679e9c76a6d4fece5e40e5e97,31;9;21;19;23;17,False,False,False,True,True,1,0,other,other,False,False,False,False,False,False
ICML,conference,2021-01-01,2021-12-31,2021,https://openalex.org/W3169036355,,Phasic Policy Gradient,3,124,6,c1d0f1ea1add93e2060e040d43b5416a68392703ddf53412e308886268a70275,26;21;18;25;18;16,False,False,False,True,False,4,0,contribution,result,False,False,True,True,False,False
ICML,conference,2021-01-01,2021-12-31,2021,https://openalex.org/W3171588012,,Lenient Regret and Good-Action Identification in Gaussian Process Bandits,9,138,5,b66d563547b2adf394da6cedd9a28462d2cff20853ce3d545137589f2e8cb813,27;53;11;30;17,False,False,False,True,False,3,0,contribution,other,False,False,True,False,False,False
ICML,conference,2021-01-01,2021-12-31,2021,https://openalex.org/W3166398787,,Synthesizer: Rethinking Self-Attention for Transformer Models,6,178,9,e0722ccf0b945f484ab3bfe6df794380d82ea7468a7b63ddf1ced8920089b774,15;5;20;31;17;35;13;28;14,True,False,False,True,True,8,0,other,result,False,False,True,True,False,False
ICML,conference,2021-01-01,2021-12-31,2021,https://openalex.org/W3129652639,,A Unified Bayesian Framework for Discriminative and Generative Continual Learning,10,185,8,32d64d0ce964791279c020d8028cdd1caef56eeb48650975a36f5c7038a4dc0f,16;21;38;8;25;34;22;21,False,False,False,True,True,1,0,other,context,True,False,True,False,False,False
ICML,conference,2021-01-01,2021-12-31,2021,https://openalex.org/W3172663387,,Interaction-Grounded Learning,2,152,8,c7d307f5e72b04a4f8ceaf9e0fac69446727780481383e5fb466fcbaca4ea8ee,12;29;12;18;9;29;26;17,False,False,False,True,False,2,0,other,other,False,False,True,True,False,False
ICML,conference,2021-01-01,2021-12-31,2021,https://openalex.org/W3165944087,,CURI: A Benchmark for Productive Concept Learning Under Uncertainty,9,174,7,b39c036b75b951a083a3a32cfe04bd39e678ed986dd15bf522d7956af2fa3246,42;33;16;22;19;34;8,True,False,True,True,True,1,1,other,other,False,False,True,False,False,False
ICML,conference,2021-01-01,2021-12-31,2021,https://openalex.org/W3170865782,,Environment Inference for Invariant Learning,5,144,7,b2c202dce4779bcfb26b7f7c43f1106625020875f94f37585ef59e6e61dd0ff5,18;19;17;14;25;29;22,False,False,False,True,False,7,0,context,contribution,True,False,True,True,False,False
ICML,conference,2021-01-01,2021-12-31,2021,https://openalex.org/W3166164410,,ActNN: Reducing Training Memory Footprint via 2-Bit Activation Compressed Training,11,178,9,0857d765509838a5d50eef2d774fde2079a0350b7c7b9a01809012aaefbb3e53,25;12;18;28;20;19;14;17;25,True,False,False,True,True,2,0,other,result,False,False,True,True,False,False
ICML,conference,2021-01-01,2021-12-31,2021,https://openalex.org/W3166340892,,Probabilistic Generating Circuits,3,133,6,059de6d659670acccf4f3c371ac8440ff6e528b9c53f8a8d5547218b36063570,20;22;24;25;30;12,False,False,False,True,False,1,0,other,other,False,False,True,False,False,False
ICML,conference,2021-01-01,2021-12-31,2021,https://openalex.org/W3167120022,,Learning Fair Policies in Decentralized Cooperative Multi-Agent Reinforcement Learning,9,164,8,968c5781dca0c77ac83563aced20603228dfe6c7bc6d4d5783c84940c2c9ddc5,15;26;28;13;14;27;21;20,False,False,False,True,False,3,0,other,other,False,False,True,True,True,False
ICML,conference,2021-01-01,2021-12-31,2021,https://openalex.org/W3166240589,,A Lower Bound for the Sample Complexity of Inverse Reinforcement Learning,11,107,5,5c5e562070c96890b85890b69c21e8401cae87b850181178c6a55cbd523e7fd9,25;19;14;17;32,False,False,False,False,False,1,0,other,other,False,False,True,False,False,False
ICML,conference,2021-01-01,2021-12-31,2021,https://openalex.org/W3168247601,,Rate-Distortion Analysis of Minimum Excess Risk in Bayesian Learning,9,210,8,8926cb23545aa5094119cde84f1f42d27a96bae96b26f198502a01c7980ee4f9,18;35;28;30;22;32;27;18,False,False,False,True,True,3,2,other,other,False,False,True,False,False,False
ICML,conference,2021-01-01,2021-12-31,2021,https://openalex.org/W3169068609,,A Theory of Label Propagation for Subpopulation Shift,8,149,8,960dfb79bce183b59b4dd87476473fcd3aa7ab79067acd2f8b721184137de4ed,11;18;16;17;24;15;30;18,False,False,False,True,False,1,0,other,other,False,False,True,False,False,False
ICML,conference,2021-01-01,2021-12-31,2021,https://openalex.org/W3169689529,,Federated Composite Optimization,3,134,7,acbf3e5feed2cd876fbbbad98aef5a75f2763e83221a052700cd5a8ad362fe7b,15;13;20;16;29;28;13,False,False,False,True,False,3,0,other,result,False,False,True,True,False,False
ICML,conference,2021-01-01,2021-12-31,2021,https://openalex.org/W3172990785,,Just How Toxic is Data Poisoning? A Unified Benchmark for Backdoor and Data Poisoning Attacks,15,101,5,f80b144baff5cb17eeb28bde6db6960db8dfa594581778f54d5f7b9be66e9954,17;24;21;20;19,False,True,False,True,False,3,0,other,limitation_or_boundary,False,True,True,True,False,True
ICLR,conference,2021-01-01,2021-12-31,2021,https://openalex.org/W3122339903,,Fast convergence of stochastic subgradient method under interpolation,8,124,5,7ef04b10fddfe1459625aa725cc538ce703e7f94624f4288a69ebde6dd5b7369,23;33;23;25;20,False,False,False,True,True,1,0,other,other,False,False,False,False,False,False
ICLR,conference,2021-01-01,2021-12-31,2021,https://openalex.org/W3128605735,,Neural Learning of One-of-Many Solutions for Combinatorial Problems in Structured Output Spaces,12,220,11,3f1e26500fe7d786d53f7b3ef73636e00e9056240813b472f16ca97e86b54ee6,14;27;18;7;20;4;31;21;31;16;31,False,False,False,True,True,3,3,other,other,False,False,True,False,False,False
ICLR,conference,2021-01-01,2021-12-31,2021,https://openalex.org/W3122796902,,IEPT: Instance-Level and Episode-Level Pretext Tasks for Few-Shot Learning,9,212,9,32ea00b37ab2b7c96faa5bf0f9eaefa7274a3237099d3e4a7172a222aa7b02c3,22;25;29;20;20;17;11;52;16,True,False,True,True,True,2,0,other,result,False,True,True,True,False,True
ICLR,conference,2021-01-01,2021-12-31,2021,https://openalex.org/W3128391794,,Policy-Driven Attack: Learning to Query for Hard-label Black-box Adversarial Examples,10,135,6,73e28b3fe45792aebfa4667648aa6ce97c6defff56956ff11a6de2f89173e028,19;27;18;31;26;14,True,False,False,True,True,3,1,other,other,False,False,True,True,False,False
ICLR,conference,2021-01-01,2021-12-31,2021,https://openalex.org/W3122584554,,Federated Learning via Posterior Averaging: A New Perspective and Practical Algorithms,11,181,6,8fe4d9d4b76d9828030b6de4e1622af70aeeeae0cd56a16a8e7ba4857b78fc7b,37;36;20;23;35;30,True,False,False,True,False,1,0,other,result,False,False,True,True,False,False
ICLR,conference,2021-01-01,2021-12-31,2021,https://openalex.org/W3129868498,,Are Neural Rankers still Outperformed by Gradient Boosted Decision Trees,10,151,7,07d7ef2589604ea849533b4faf461aebd8ad6bcf4b8826df5911bfe990ecae04,24;39;10;15;18;29;16,False,False,False,True,False,2,0,gap_or_problem,other,False,True,True,False,False,False
ICLR,conference,2021-01-01,2021-12-31,2021,https://openalex.org/W3122382780,,Multi-Level Local SGD: Distributed SGD for Heterogeneous Hierarchical Networks,9,153,7,aef40b02cbbafc4fbfb9e1237c058f6f13e8ed8457861fa7f1422c1039a46246,24;24;16;23;14;35;17,True,False,True,True,False,1,1,contribution,other,False,False,True,False,False,False
ICLR,conference,2021-01-01,2021-12-31,2021,https://openalex.org/W3122060391,,AdamP: Slowing Down the Slowdown for Momentum Optimizers on Scale-invariant Weights,11,310,18,f202cf19928f9679782b5bb8a0fd9ad583b567c13c7d2c4e4b2b2c125604fdf9,14;11;35;47;22;22;26;24;28;23;9;4;7;6;6;2;14;10,True,False,False,True,True,1,1,other,other,False,True,True,False,True,False
ICLR,conference,2021-01-01,2021-12-31,2021,https://openalex.org/W3126755945,,Fidelity-based Deep Adiabatic Scheduling,4,197,7,6ee5e21149b251c0c9638e012d580f16d9603051fc25a9e19d8df59c7b650cd2,36;44;26;20;18;15;38,False,False,False,True,True,2,0,other,other,False,False,True,False,False,False
ICLR,conference,2021-01-01,2021-12-31,2021,https://openalex.org/W3125197498,,Simple Augmentation Goes a Long Way: ADRL for DNN Quantization,10,130,7,c99fed3cb1e3bef92d9c46c3b88d352c9f05d46562818e29f28235d38f743bb4,14;12;8;27;13;19;37,True,False,True,False,True,2,0,other,other,False,True,True,False,False,False
ICLR,conference,2021-01-01,2021-12-31,2021,https://openalex.org/W3121904249,,Measuring Massive Multitask Language Understanding,5,153,8,c7e3ed209190abd3fc748e6e1e8a9b82bb419cef97f1e78ff428c51720b29161,12;15;17;28;21;14;16;30,False,False,False,True,True,3,0,contribution,other,False,True,True,True,False,False
ICLR,conference,2021-01-01,2021-12-31,2021,https://openalex.org/W3139541512,,GLAM: Graph Learning by Modeling Affinity to Labeled Nodes for Graph Neural Networks,13,182,9,e4ec44b52bec5e228bf80f96e3b2f880432806952641f1fd2f3ca4d5fed38dc2,11;15;28;16;19;27;17;31;18,True,False,True,True,True,0,3,other,other,False,True,True,False,False,False
ICLR,conference,2021-01-01,2021-12-31,2021,https://openalex.org/W3170044256,,Unsupervised Discovery of 3D Physical Objects,7,122,5,1c63d32f5f6abb277253403dc57a12196a015e2220e731a443fc900794f60cd8,9;52;37;11;13,False,False,False,True,False,0,0,other,other,False,False,False,False,False,False
ICLR,conference,2021-01-01,2021-12-31,2021,https://openalex.org/W3129878300,,Property Controllable Variational Autoencoder via Invertible Mutual Dependence,8,158,7,a90f4a555cd4b0300e5ff74ed429bc7984ba4f8eb7ade17e36ed5474bebfbe10,17;23;23;32;17;21;25,False,False,False,False,True,1,0,other,result,False,True,True,True,False,True
ICLR,conference,2021-01-01,2021-12-31,2021,https://openalex.org/W3118942129,,On Learning Universal Representations Across Languages,6,153,6,415b860b378415e09618c8d55e6f98806a1736c0d35d64d552b417867423da37,22;21;20;34;12;44,False,False,False,True,True,5,0,other,result,False,True,True,True,False,False
ICLR,conference,2021-01-01,2021-12-31,2021,https://openalex.org/W3132304818,,Effective Distributed Learning with Random Features: Improved Bounds and Algorithms,10,132,4,5f620a81d21d6e867a486e096df632e7b434c7e253ac9be42e7e8de13ad5a175,44;36;30;22,True,False,False,True,True,5,0,contribution,contribution,False,False,True,False,False,False
ICLR,conference,2021-01-01,2021-12-31,2021,https://openalex.org/W3120582529,,PolarNet: Learning to Optimize Polar Keypoints for Keypoint Based Object Detection,11,168,7,6d339e72afb4db68050b1d5b4e43528d72e0b71f67712ab12afae5e7d9c53115,27;31;8;26;18;12;46,True,False,False,True,True,3,1,other,result,False,True,True,True,False,False
ICLR,conference,2021-01-01,2021-12-31,2021,https://openalex.org/W3129022290,,Chaos of Learning Beyond Zero-sum and Coordination via Game Decompositions,10,249,10,bec3d57a998b7519625e609e64f4b594820c1ee3a605b053a8628fad2215d9c7,22;1;16;48;41;23;24;25;16;33,False,False,False,True,True,1,1,other,contribution,False,True,True,False,True,False
ICLR,conference,2021-01-01,2021-12-31,2021,https://openalex.org/W3128934904,,MONGOOSE: A Learnable LSH Framework for Efficient Neural Network Training,10,208,9,800d6bfa54ad30a1aa3c4097936f9fed805cdfc89ffe867038c47e95067f407b,31;30;11;26;30;16;25;15;24,True,False,True,True,True,6,0,context,result,True,True,False,True,False,False
ICLR,conference,2021-01-01,2021-12-31,2021,https://openalex.org/W3133326154,,Monotonic Kronecker-Factored Lattice,3,202,8,7c1471376ac2594ddc06d5fb2b24209accb399632413173a9f55982d10faedf4,44;28;24;14;23;24;11;34,False,False,False,True,False,3,0,other,result,False,False,True,True,False,False
ICLR,conference,2021-01-01,2021-12-31,2021,https://openalex.org/W3129456247,,Control-Aware Representations for Model-based Reinforcement Learning,6,239,11,66c0fb692fab7d899a27476fd0adc8c82a37dd1976bf228e348de31bff890f89,18;35;33;12;25;8;10;35;15;30;18,False,False,False,True,False,3,0,gap_or_problem,other,False,True,True,False,False,False
ICLR,conference,2021-01-01,2021-12-31,2021,https://openalex.org/W3119841092,,Generating Furry Cars: Disentangling Object Shape and Appearance across Multiple Domains,11,165,6,884699e5e4804aedc236b2f128bd5fd38d06fe6b90f2d0155f4587a9978f637f,22;35;30;20;39;19,True,False,False,True,False,1,0,other,result,False,False,False,True,False,False
ICLR,conference,2021-01-01,2021-12-31,2021,https://openalex.org/W3118668786,,Approximate Nearest Neighbor Negative Contrastive Learning for Dense Text Retrieval,10,154,6,e9e9bb103c11589361cd5ad2f147e8b0cfb6c69d8fd95ee5271e52cbe31b40e0,12;12;38;29;37;26,False,False,False,True,False,4,0,other,implication,False,True,True,True,True,False
ICLR,conference,2021-01-01,2021-12-31,2021,https://openalex.org/W3119046279,,ARMOURED: Adversarially Robust MOdels using Unlabeled data by REgularizing Diversity,10,174,10,a515bd84cba0b880acbbbfa6caccc17dcbd3cd5bc886a868772de41cb529572b,11;16;12;20;20;20;15;11;30;19,True,False,True,True,True,5,0,gap_or_problem,result,False,True,True,True,False,False
ICLR,conference,2021-01-01,2021-12-31,2021,https://openalex.org/W3120270236,,On the Impossibility of Global Convergence in Multi-Loss Optimization,9,188,9,43cbd754221c4fead46395b4ab5d46528a4df0e2210302600d16886906471bcf,16;26;18;20;27;13;15;28;25,False,False,False,True,False,0,0,other,other,False,False,False,False,True,False
ICLR,conference,2021-01-01,2021-12-31,2021,https://openalex.org/W3127730830,,Fantastic Four: Differentiable and Efficient Bounds on Singular Values of Convolution Layers,12,230,10,6a25333a1ed7958616140d7dcf1ba6b88c3dcc02c2cacc82c6710128e40b2722,28;16;28;29;14;24;14;26;28;23,True,False,False,True,True,3,0,other,result,False,True,True,True,True,False
ICLR,conference,2021-01-01,2021-12-31,2021,https://openalex.org/W3128478537,,Dual-mode ASR: Unify and Improve Streaming ASR with Full-context Modeling,10,186,7,7694421339908f656b774d46d3693e009449c0d49ba40d677f2d00b798ddf4e3,33;27;29;15;26;35;21,True,False,True,True,False,4,1,other,result,False,False,True,True,False,False
ICLR,conference,2021-01-01,2021-12-31,2021,https://openalex.org/W3126568801,,Mathematical Reasoning via Self-supervised Skip-tree Training,6,97,5,839837a077e771cf7869a18e08d84abb8eb0038e812861d727a8950349d9747e,13;25;13;23;23,False,False,False,True,False,5,0,result,other,False,False,True,True,False,False
ICLR,conference,2021-01-01,2021-12-31,2021,https://openalex.org/W3132106315,,Practical Real Time Recurrent Learning with a Sparse Approximation,9,176,8,c52639634e30c2f4c82ed4dd9e7d48a02deaac5833d8bcc618b305af7546aea6,27;33;18;12;25;17;18;26,False,False,False,True,True,3,0,other,other,False,False,True,True,False,False
ICLR,conference,2021-01-01,2021-12-31,2021,https://openalex.org/W3131074321,,Learning Visual Representation from Human Interactions,6,130,5,8f2477803aaa40fb925ed59e923b439d3dc9da13840752714262a1b64edc7e64,22;14;28;20;46,False,False,False,True,True,2,0,other,result,False,False,True,True,False,False
ICLR,conference,2021-01-01,2021-12-31,2021,https://openalex.org/W3121345697,,Score-Based Generative Modeling through Stochastic Differential Equations,7,245,9,660725843e04cf83c5bbbb2ba01fa774de7b47cce7691ab5f8e85b778831be2c,13;43;20;24;25;18;26;25;51,False,False,False,True,True,6,0,other,result,False,False,True,True,False,False
ICLR,conference,2021-01-01,2021-12-31,2021,https://openalex.org/W3123819420,,A unifying view on implicit bias in training linear neural networks,11,163,7,017c5abf0bcd6b49ab01f85067d656339826d517c57a7e4defcfbc20e5ee3f00,21;30;23;36;32;13;8,False,False,False,True,False,4,0,other,other,False,False,True,True,False,False
ICLR,conference,2021-01-01,2021-12-31,2021,https://openalex.org/W3120345700,,Genetic Soft Updates for Policy Evolution in Deep Reinforcement Learning,10,135,6,073e9dac226e23225a4282e4dc835fd7d48effec2861eba9f777ed02efe21fb9,22;16;25;20;23;29,False,False,False,True,False,2,0,other,other,False,True,False,False,False,False
ICLR,conference,2021-01-01,2021-12-31,2021,https://openalex.org/W3133362425,,Batch Reinforcement Learning Through Continuation Method,6,144,5,84bb80b48d4e10bb806e1e45e9bfa0387b646bffbe742c272746617013b57041,22;34;22;42;24,False,False,False,True,True,2,0,other,contribution,False,True,True,False,False,False
ICLR,conference,2021-01-01,2021-12-31,2021,https://openalex.org/W3130325649,,Tradeoffs in Data Augmentation: An Empirical Study,7,85,5,3bd070e2070e2255bf3f13a34aaa8b926708b7d8baf40368b1dea8da7e353852,25;15;16;10;19,True,False,False,True,False,2,0,other,result,False,False,True,True,False,False
ICLR,conference,2021-01-01,2021-12-31,2021,https://openalex.org/W3130497811,,A teacher-student framework to distill future trajectories,7,174,7,396e43b2972397282d462600eca3007d7090656a71c1c1f181a27e2c81a4bdaa,20;21;13;36;41;15;28,False,False,False,True,False,1,0,other,result,False,True,True,True,False,False
ICLR,conference,2021-01-01,2021-12-31,2021,https://openalex.org/W3123161422,,HyperGrid Transformers: Towards A Single Model for Multiple Tasks,9,167,9,1b877fd752fd1950764d707921434ae972229a96c8e616ee1808c40758a04b08,18;19;23;21;21;24;10;19;12,True,False,False,True,True,0,0,other,other,False,True,True,False,True,False
ICLR,conference,2021-01-01,2021-12-31,2021,https://openalex.org/W3123254868,,Graph Convolution with Low-rank Learnable Local Filters,7,192,9,d0d9cf3de643022c961b5c6993e02548f46a4750159935ca72e7d4acfe4f22a3,15;14;20;42;26;14;11;23;27,False,False,False,False,False,2,0,gap_or_problem,other,False,True,False,False,False,False
ICLR,conference,2021-01-01,2021-12-31,2021,https://openalex.org/W3131655182,,Improved Estimation of Concentration Under ℓp-Norm Distance Metrics Using Half Spaces,11,175,7,2fa4bdc7081c47f8e2f7cc74ef536012b9a3e5ee866b86cfe64b0084f74543da,14;32;23;27;24;32;23,False,False,False,True,True,3,1,other,other,False,True,False,False,False,False
ICLR,conference,2021-01-01,2021-12-31,2021,https://openalex.org/W3132822009,,On Dyadic Fairness: Exploring and Mitigating Bias in Graph Connections,10,167,7,77b630c240c43597016f933eee7848839dd6f36e23610b44732d2d6727db5143,14;19;13;25;37;34;25,True,False,False,True,False,2,1,other,other,False,False,True,False,False,False
