corpus_id,venue_class,journal,issn,sample_year,first_publication_date,issue_publication_year,title,doi,pmid,pmcid,topic,topic_basis,document_type,language,publication_status,oa_status,full_text_status,analysis_level,article_type_jats,introduction_mode,results_mode,methods_mode,discussion_mode,title_words,abstract_words,full_text_body_words,pubmed_verification,pubmed_title_similarity,crossref_verification,crossref_title_similarity,crossref_type,pmc_xml_sha256,metadata_sources,text_source,doi_url,pubmed_url,pmc_url
ART-001,flagship_broad,Cell,0092-8674,2021,2021-07-07,2021,A selective sweep in the Spike gene has driven SARS-CoV-2 human adaptation.,10.1016/j.cell.2021.07.007,34289344,PMC8260498,infectious_disease,title_abstract_keyword_heuristic,original_research_article,English,published_or_ahead_of_print_indexed,oa,pmc_jats_retrieved,title_plus_pubmed_abstract_plus_pmc_jats_full_text,research-article,explicit_section,explicit_results_section,explicit_methods_section,explicit_discussion_section,13,184,6305,verified_exact_doi_title_type_language_abstract,1.0,verified_exact_doi_title_match,1.0,journal-article,34d96f4b967eb44c15142dd25ad97ba367bfdff5775eb097a36df6f9724fa9b3,Europe PMC; NCBI PubMed E-utilities; Crossref,PMC JATS XML via Europe PMC (transient analysis; text not stored),https://doi.org/10.1016/j.cell.2021.07.007,https://pubmed.ncbi.nlm.nih.gov/34289344/,https://pmc.ncbi.nlm.nih.gov/articles/PMC8260498/
ART-002,flagship_broad,Cell,0092-8674,2021,2021-07-23,2021,Impaired local intrinsic immunity to SARS-CoV-2 infection in severe COVID-19.,10.1016/j.cell.2021.07.023,34352228,PMC8299217,infectious_disease,title_abstract_keyword_heuristic,original_research_article,English,published_or_ahead_of_print_indexed,oa,pmc_jats_retrieved,title_plus_pubmed_abstract_plus_pmc_jats_full_text,research-article,explicit_section,explicit_results_section,explicit_methods_section,explicit_discussion_section,12,166,14642,verified_exact_doi_title_type_language_abstract,1.0,verified_exact_doi_title_match,1.0,journal-article,210e0893bbc6418a4ff3dd91d2ca50a99f0b584906ff77af3c3e1cf83c66f17a,Europe PMC; NCBI PubMed E-utilities; Crossref,PMC JATS XML via Europe PMC (transient analysis; text not stored),https://doi.org/10.1016/j.cell.2021.07.023,https://pubmed.ncbi.nlm.nih.gov/34352228/,https://pmc.ncbi.nlm.nih.gov/articles/PMC8299217/
ART-003,flagship_broad,Cell,0092-8674,2021,2021-08-26,2021,"Deciphering osteoarthritis genetics across 826,690 individuals from 9 populations.",10.1016/j.cell.2021.07.038,34450027,PMC8459317,translational_and_clinical,title_abstract_keyword_heuristic,original_research_article,English,published_or_ahead_of_print_indexed,oa,pmc_jats_retrieved,title_plus_pubmed_abstract_plus_pmc_jats_full_text,research-article,explicit_section,explicit_results_section,explicit_methods_section,explicit_discussion_section,9,136,18159,verified_exact_doi_title_type_language_abstract,1.0,verified_exact_doi_title_match,1.0,journal-article,e87637ade9a680dfdf1d911732cce069d4d94ef1977e600c90b055ab5e1630af,Europe PMC; NCBI PubMed E-utilities; Crossref,PMC JATS XML via Europe PMC (transient analysis; text not stored),https://doi.org/10.1016/j.cell.2021.07.038,https://pubmed.ncbi.nlm.nih.gov/34450027/,https://pmc.ncbi.nlm.nih.gov/articles/PMC8459317/
ART-004,flagship_broad,Cell,0092-8674,2021,2021-11-18,2021,A defective viral genome strategy elicits broad protective immunity against respiratory viruses.,10.1016/j.cell.2021.11.023,34852237,PMC8598942,infectious_disease,title_abstract_keyword_heuristic,original_research_article,English,published_or_ahead_of_print_indexed,oa,pmc_jats_retrieved,title_plus_pubmed_abstract_plus_pmc_jats_full_text,research-article,explicit_section,explicit_results_section,explicit_methods_section,explicit_discussion_section,12,157,10487,verified_exact_doi_title_type_language_abstract,1.0,verified_exact_doi_title_match,1.0,journal-article,2e6da5ab15d9fcefc46b3023bc8550d41dc148f015808488b2c66fcd9dd25597,Europe PMC; NCBI PubMed E-utilities; Crossref,PMC JATS XML via Europe PMC (transient analysis; text not stored),https://doi.org/10.1016/j.cell.2021.11.023,https://pubmed.ncbi.nlm.nih.gov/34852237/,https://pmc.ncbi.nlm.nih.gov/articles/PMC8598942/
ART-005,flagship_broad,Cell,0092-8674,2022,2022-01-01,2022,Transition to invasive breast cancer is associated with progressive changes in the structure and composition of tumor stroma.,10.1016/j.cell.2021.12.023,35063072,PMC8792442,oncology,title_abstract_keyword_heuristic,original_research_article,English,published_or_ahead_of_print_indexed,oa,pmc_jats_retrieved,title_plus_pubmed_abstract_plus_pmc_jats_full_text,research-article,explicit_section,explicit_results_section,explicit_methods_section,explicit_discussion_section,18,150,9778,verified_exact_doi_title_type_language_abstract,1.0,verified_exact_doi_title_match,1.0,journal-article,d993c4fdf05e21b8497385510afb81d9224f0bd1af30898560f86727171eeb2d,Europe PMC; NCBI PubMed E-utilities; Crossref,PMC JATS XML via Europe PMC (transient analysis; text not stored),https://doi.org/10.1016/j.cell.2021.12.023,https://pubmed.ncbi.nlm.nih.gov/35063072/,https://pmc.ncbi.nlm.nih.gov/articles/PMC8792442/
ART-006,flagship_broad,Cell,0092-8674,2022,2022-01-25,2022,Structural and functional characterizations of infectivity and immune evasion of SARS-CoV-2 Omicron.,10.1016/j.cell.2022.01.019,35120603,PMC8786603,infectious_disease,title_abstract_keyword_heuristic,original_research_article,English,published_or_ahead_of_print_indexed,oa,pmc_jats_retrieved,title_plus_pubmed_abstract_plus_pmc_jats_full_text,research-article,explicit_section,explicit_results_section,explicit_methods_section,explicit_discussion_section,13,146,8688,verified_exact_doi_title_type_language_abstract,1.0,verified_exact_doi_title_match,1.0,journal-article,6905e8b95a56867321f41507b26c66a2ff11906bb1e49e80678792157919f57b,Europe PMC; NCBI PubMed E-utilities; Crossref,PMC JATS XML via Europe PMC (transient analysis; text not stored),https://doi.org/10.1016/j.cell.2022.01.019,https://pubmed.ncbi.nlm.nih.gov/35120603/,https://pmc.ncbi.nlm.nih.gov/articles/PMC8786603/
ART-007,flagship_broad,Cell,0092-8674,2022,2022-03-17,2022,Imprinted SARS-CoV-2-specific memory lymphocytes define hybrid immunity.,10.1016/j.cell.2022.03.018,35413241,PMC8926873,infectious_disease,title_abstract_keyword_heuristic,original_research_article,English,published_or_ahead_of_print_indexed,oa,pmc_jats_retrieved,title_plus_pubmed_abstract_plus_pmc_jats_full_text,research-article,explicit_section,explicit_results_section,explicit_methods_section,explicit_discussion_section,9,149,11592,verified_exact_doi_title_type_language_abstract,1.0,verified_exact_doi_title_match,1.0,journal-article,c6d7ae5daf6e8abf00f9944709169e717277968128f9d7a6e555a116c8098fd4,Europe PMC; NCBI PubMed E-utilities; Crossref,PMC JATS XML via Europe PMC (transient analysis; text not stored),https://doi.org/10.1016/j.cell.2022.03.018,https://pubmed.ncbi.nlm.nih.gov/35413241/,https://pmc.ncbi.nlm.nih.gov/articles/PMC8926873/
ART-008,flagship_broad,Cell,0092-8674,2022,2022-09-14,2022,"Virological characteristics of the SARS-CoV-2 Omicron BA.2 subvariants, including BA.4 and BA.5.",10.1016/j.cell.2022.09.018,36198317,PMC9472642,infectious_disease,title_abstract_keyword_heuristic,original_research_article,English,published_or_ahead_of_print_indexed,oa,pmc_jats_retrieved,title_plus_pubmed_abstract_plus_pmc_jats_full_text,research-article,explicit_section,explicit_results_section,explicit_methods_section,explicit_discussion_section,16,189,17848,verified_exact_doi_title_type_language_abstract,1.0,verified_exact_doi_title_match,1.0,journal-article,66988bae12859031abf3a9fdc88cba20d0ca6dad772bec055cc96967e455881b,Europe PMC; NCBI PubMed E-utilities; Crossref,PMC JATS XML via Europe PMC (transient analysis; text not stored),https://doi.org/10.1016/j.cell.2022.09.018,https://pubmed.ncbi.nlm.nih.gov/36198317/,https://pmc.ncbi.nlm.nih.gov/articles/PMC9472642/
ART-009,flagship_broad,Cell,0092-8674,2023,2023-03-02,2023,Apoptotic cell fragments locally activate tingible body macrophages in the germinal center.,10.1016/j.cell.2023.02.004,36868219,PMC7614509,cell_and_developmental_biology,title_abstract_keyword_heuristic,original_research_article,English,published_or_ahead_of_print_indexed,oa,pmc_jats_retrieved,title_plus_pubmed_abstract_plus_pmc_jats_full_text,research-article,explicit_section,explicit_results_section,explicit_methods_section,explicit_discussion_section,12,148,10223,verified_exact_doi_title_type_language_abstract,1.0,verified_exact_doi_title_match,1.0,journal-article,4b2275021f0601a35134c76e263c310b439df4ffc39ca44eef9a7edb4c9102a5,Europe PMC; NCBI PubMed E-utilities; Crossref,PMC JATS XML via Europe PMC (transient analysis; text not stored),https://doi.org/10.1016/j.cell.2023.02.004,https://pubmed.ncbi.nlm.nih.gov/36868219/,https://pmc.ncbi.nlm.nih.gov/articles/PMC7614509/
ART-010,flagship_broad,Cell,0092-8674,2023,2023-10-06,2023,Generative replay underlies compositional inference in the hippocampal-prefrontal circuit.,10.1016/j.cell.2023.09.004,37804832,PMC10914680,neuroscience,title_abstract_keyword_heuristic,original_research_article,English,published_or_ahead_of_print_indexed,oa,pmc_jats_retrieved,title_plus_pubmed_abstract_plus_pmc_jats_full_text,research-article,explicit_section,explicit_results_section,explicit_methods_section,explicit_discussion_section,9,142,12494,verified_exact_doi_title_type_language_abstract,1.0,verified_exact_doi_title_match,1.0,journal-article,9f78a4285656cea27270252fc4d4c4bba02be4c990d9667a4a3c371d91f32736,Europe PMC; NCBI PubMed E-utilities; Crossref,PMC JATS XML via Europe PMC (transient analysis; text not stored),https://doi.org/10.1016/j.cell.2023.09.004,https://pubmed.ncbi.nlm.nih.gov/37804832/,https://pmc.ncbi.nlm.nih.gov/articles/PMC10914680/
ART-011,flagship_broad,Cell,0092-8674,2023,2023-10-16,2023,Serotonin reduction in post-acute sequelae of viral infection.,10.1016/j.cell.2023.09.013,37848036,PMC11227373,infectious_disease,title_abstract_keyword_heuristic,original_research_article,English,published_or_ahead_of_print_indexed,oa,pmc_jats_retrieved,title_plus_pubmed_abstract_plus_pmc_jats_full_text,research-article,explicit_section,explicit_results_section,explicit_methods_section,explicit_discussion_section,8,152,12140,verified_exact_doi_title_type_language_abstract,1.0,verified_exact_doi_title_match,1.0,journal-article,637ae57e3a0350fa184ecb1eea9df3032bc3665a8757cb34b9e191503a6fb192,Europe PMC; NCBI PubMed E-utilities; Crossref,PMC JATS XML via Europe PMC (transient analysis; text not stored),https://doi.org/10.1016/j.cell.2023.09.013,https://pubmed.ncbi.nlm.nih.gov/37848036/,https://pmc.ncbi.nlm.nih.gov/articles/PMC11227373/
ART-012,flagship_broad,Cell,0092-8674,2023,2023-12-01,2023,Systematic identification and characterization of genes in the regulation and biogenesis of photosynthetic machinery.,10.1016/j.cell.2023.11.007,38065083,PMC10760936,chemistry_and_catalysis,title_abstract_keyword_heuristic,original_research_article,English,published_or_ahead_of_print_indexed,oa,pmc_jats_retrieved,title_plus_pubmed_abstract_plus_pmc_jats_full_text,research-article,explicit_section,explicit_results_section,explicit_methods_section,explicit_discussion_section,14,154,15109,verified_exact_doi_title_type_language_abstract,1.0,verified_exact_doi_title_match,1.0,journal-article,43c4f1037930eeb5ede8755e1e5348047c06409b8d376aa5e592c6fc38eca160,Europe PMC; NCBI PubMed E-utilities; Crossref,PMC JATS XML via Europe PMC (transient analysis; text not stored),https://doi.org/10.1016/j.cell.2023.11.007,https://pubmed.ncbi.nlm.nih.gov/38065083/,https://pmc.ncbi.nlm.nih.gov/articles/PMC10760936/
ART-013,flagship_broad,Cell,0092-8674,2024,2024-04-22,2024,BCAA-nitrogen flux in brown fat controls metabolic health independent of thermogenesis.,10.1016/j.cell.2024.03.030,38653240,PMC11145561,cardiometabolic,title_abstract_keyword_heuristic,original_research_article,English,published_or_ahead_of_print_indexed,oa,pmc_jats_retrieved,title_plus_pubmed_abstract_plus_pmc_jats_full_text,research-article,explicit_section,explicit_results_section,explicit_methods_section,explicit_discussion_section,11,151,11749,verified_exact_doi_title_type_language_abstract,1.0,verified_exact_doi_title_match,1.0,journal-article,fd85ba23ee85fcd97066d9f187d2a84789bd4746ecfb5bb97adf26571f2e200c,Europe PMC; NCBI PubMed E-utilities; Crossref,PMC JATS XML via Europe PMC (transient analysis; text not stored),https://doi.org/10.1016/j.cell.2024.03.030,https://pubmed.ncbi.nlm.nih.gov/38653240/,https://pmc.ncbi.nlm.nih.gov/articles/PMC11145561/
ART-014,flagship_broad,Cell,0092-8674,2024,2024-06-24,2024,The primitive endoderm supports lineage plasticity to enable regulative development.,10.1016/j.cell.2024.05.051,38917790,PMC11290322,cell_and_developmental_biology,title_abstract_keyword_heuristic,original_research_article,English,published_or_ahead_of_print_indexed,oa,pmc_jats_retrieved,title_plus_pubmed_abstract_plus_pmc_jats_full_text,research-article,explicit_section,explicit_results_section,explicit_methods_section,explicit_discussion_section,10,154,15472,verified_exact_doi_title_type_language_abstract,1.0,verified_exact_doi_title_match,1.0,journal-article,4435e6b61ec0233f56a7eba61f0cd745889deb22582e4115b9d3ad4eaaccd88b,Europe PMC; NCBI PubMed E-utilities; Crossref,PMC JATS XML via Europe PMC (transient analysis; text not stored),https://doi.org/10.1016/j.cell.2024.05.051,https://pubmed.ncbi.nlm.nih.gov/38917790/,https://pmc.ncbi.nlm.nih.gov/articles/PMC11290322/
ART-015,flagship_broad,Cell,0092-8674,2024,2024-09-01,2024,Africa in the era of pathogen genomics: Unlocking data barriers.,10.1016/j.cell.2024.08.032,39303683,PMC12186284,infectious_disease,title_abstract_keyword_heuristic,original_research_article,English,published_or_ahead_of_print_indexed,oa,pmc_jats_retrieved,title_plus_pubmed_abstract_plus_pmc_jats_full_text,research-article,inferred_opening_paragraphs,inferred_finding_sections,methods_not_identified,inferred_closing_paragraphs,10,55,2420,verified_exact_doi_title_type_language_abstract,1.0,verified_exact_doi_title_match,1.0,journal-article,e7dc6632879ff5a957ca94a084b60019380e6f932cd80995afc7accf2aaa0f94,Europe PMC; NCBI PubMed E-utilities; Crossref,PMC JATS XML via Europe PMC (transient analysis; text not stored),https://doi.org/10.1016/j.cell.2024.08.032,https://pubmed.ncbi.nlm.nih.gov/39303683/,https://pmc.ncbi.nlm.nih.gov/articles/PMC12186284/
ART-016,flagship_broad,Cell,0092-8674,2024,2024-09-26,2024,CSF proteomics identifies early changes in autosomal dominant Alzheimer's disease.,10.1016/j.cell.2024.08.049,39332414,PMC11531390,computation_and_ai,title_abstract_keyword_heuristic,original_research_article,English,published_or_ahead_of_print_indexed,oa,pmc_jats_retrieved,title_plus_pubmed_abstract_plus_pmc_jats_full_text,research-article,explicit_section,explicit_results_section,explicit_methods_section,explicit_discussion_section,10,143,11630,verified_exact_doi_title_type_language_abstract,1.0,verified_exact_doi_title_match,1.0,journal-article,9cc783b81c148e33aee70923950516e3a798f3a397228ba7913f4fcc6289d41d,Europe PMC; NCBI PubMed E-utilities; Crossref,PMC JATS XML via Europe PMC (transient analysis; text not stored),https://doi.org/10.1016/j.cell.2024.08.049,https://pubmed.ncbi.nlm.nih.gov/39332414/,https://pmc.ncbi.nlm.nih.gov/articles/PMC11531390/
ART-017,flagship_broad,Cell,0092-8674,2025,2025-02-07,2025,Multiple independent acquisitions of ACE2 usage in MERS-related coronaviruses.,10.1016/j.cell.2024.12.031,39922191,PMC12360793,infectious_disease,title_abstract_keyword_heuristic,original_research_article,English,published_or_ahead_of_print_indexed,oa,pmc_jats_retrieved,title_plus_pubmed_abstract_plus_pmc_jats_full_text,research-article,explicit_section,explicit_results_section,explicit_methods_section,explicit_discussion_section,10,169,11090,verified_exact_doi_title_type_language_abstract,1.0,verified_exact_doi_title_match,1.0,journal-article,01ae75234eebb4a07d0001cb18646c066e81b994400cbe72f32e1bd5c8615540,Europe PMC; NCBI PubMed E-utilities; Crossref,PMC JATS XML via Europe PMC (transient analysis; text not stored),https://doi.org/10.1016/j.cell.2024.12.031,https://pubmed.ncbi.nlm.nih.gov/39922191/,https://pmc.ncbi.nlm.nih.gov/articles/PMC12360793/
ART-018,flagship_broad,Cell,0092-8674,2025,2025-02-19,2025,Contextual computation by competitive protein dimerization networks.,10.1016/j.cell.2025.01.036,39978343,PMC11973712,cell_and_developmental_biology,title_abstract_keyword_heuristic,original_research_article,English,published_or_ahead_of_print_indexed,oa,pmc_jats_retrieved,title_plus_pubmed_abstract_plus_pmc_jats_full_text,research-article,explicit_section,explicit_results_section,explicit_methods_section,explicit_discussion_section,7,145,10064,verified_exact_doi_title_type_language_abstract,1.0,verified_exact_doi_title_match,1.0,journal-article,ce30a82f961628dc7b3c88d1f88314d3a8506294996676c63b96f557387ad6d0,Europe PMC; NCBI PubMed E-utilities; Crossref,PMC JATS XML via Europe PMC (transient analysis; text not stored),https://doi.org/10.1016/j.cell.2025.01.036,https://pubmed.ncbi.nlm.nih.gov/39978343/,https://pmc.ncbi.nlm.nih.gov/articles/PMC11973712/
ART-019,flagship_broad,Cell,0092-8674,2025,2025-06-12,2025,Perturb-Multimodal: A platform for pooled genetic screens with imaging and sequencing in intact mammalian tissue.,10.1016/j.cell.2025.05.022,40513557,PMC12324982,cell_and_developmental_biology,title_abstract_keyword_heuristic,original_research_article,English,published_or_ahead_of_print_indexed,oa,pmc_jats_retrieved,title_plus_pubmed_abstract_plus_pmc_jats_full_text,research-article,explicit_section,explicit_results_section,explicit_methods_section,explicit_discussion_section,15,149,11512,verified_exact_doi_title_type_language_abstract,1.0,verified_exact_doi_title_match,1.0,journal-article,b61e7c2d27e1823ac47fec47127a7d39895d4be1dde03e1dbead393a3c469da5,Europe PMC; NCBI PubMed E-utilities; Crossref,PMC JATS XML via Europe PMC (transient analysis; text not stored),https://doi.org/10.1016/j.cell.2025.05.022,https://pubmed.ncbi.nlm.nih.gov/40513557/,https://pmc.ncbi.nlm.nih.gov/articles/PMC12324982/
ART-020,flagship_broad,Cell,0092-8674,2025,2025-09-25,2025,Safe immunosuppression-resistant pan-cancer immunotherapeutics by velcro-like density-dependent targeting of tumor-associated carbohydrate antigens.,10.1016/j.cell.2025.09.001,41005308,PMC12767472,oncology,title_abstract_keyword_heuristic,original_research_article,English,published_or_ahead_of_print_indexed,oa,pmc_jats_retrieved,title_plus_pubmed_abstract_plus_pmc_jats_full_text,research-article,explicit_section,explicit_results_section,explicit_methods_section,explicit_discussion_section,12,154,10594,verified_exact_doi_title_type_language_abstract,1.0,verified_exact_doi_title_match,1.0,journal-article,419b58a3d25a3f6abb23bf68cd91e5da63db3f42e51cd7f4ed05bab8f8724233,Europe PMC; NCBI PubMed E-utilities; Crossref,PMC JATS XML via Europe PMC (transient analysis; text not stored),https://doi.org/10.1016/j.cell.2025.09.001,https://pubmed.ncbi.nlm.nih.gov/41005308/,https://pmc.ncbi.nlm.nih.gov/articles/PMC12767472/
ART-021,flagship_broad,Cell,0092-8674,2025,2025-12-01,2025,"Stimulant medications affect arousal and reward, not attention networks.",10.1016/j.cell.2025.11.039,41448140,PMC12834599,neuroscience,title_abstract_keyword_heuristic,original_research_article,English,published_or_ahead_of_print_indexed,oa,pmc_jats_retrieved,title_plus_pubmed_abstract_plus_pmc_jats_full_text,research-article,explicit_section,explicit_results_section,explicit_methods_section,explicit_discussion_section,9,152,8767,verified_exact_doi_title_type_language_abstract,1.0,verified_exact_doi_title_match,1.0,journal-article,0cad79754b63a5acece2d3da872a2ff5465219af091d7c9565e21f980af16c67,Europe PMC; NCBI PubMed E-utilities; Crossref,PMC JATS XML via Europe PMC (transient analysis; text not stored),https://doi.org/10.1016/j.cell.2025.11.039,https://pubmed.ncbi.nlm.nih.gov/41448140/,https://pmc.ncbi.nlm.nih.gov/articles/PMC12834599/
ART-022,flagship_broad,Cell,0092-8674,2026,2026-01-29,2026,Molecular features of human pathological tau distinguish tauopathy-associated dementias.,10.1016/j.cell.2025.12.036,41616780,PMC13075643,translational_and_clinical,title_abstract_keyword_heuristic,original_research_article,English,published_or_ahead_of_print_indexed,oa,pmc_jats_retrieved,title_plus_pubmed_abstract_plus_pmc_jats_full_text,research-article,explicit_section,explicit_results_section,explicit_methods_section,explicit_discussion_section,9,146,8641,verified_exact_doi_title_type_language_abstract,1.0,verified_exact_doi_title_match,1.0,journal-article,f295a04aa76bb264b7134a91c0a788e3a5f2a51f3822ae7e76cfdb6517235269,Europe PMC; NCBI PubMed E-utilities; Crossref,PMC JATS XML via Europe PMC (transient analysis; text not stored),https://doi.org/10.1016/j.cell.2025.12.036,https://pubmed.ncbi.nlm.nih.gov/41616780/,https://pmc.ncbi.nlm.nih.gov/articles/PMC13075643/
ART-023,flagship_broad,Cell,0092-8674,2026,2026-02-27,2026,Citrate clearance is a major function of aconitase 2 in the canonical TCA cycle.,10.1016/j.cell.2026.01.028,41763199,PMC13045649,cell_and_developmental_biology,title_abstract_keyword_heuristic,original_research_article,English,published_or_ahead_of_print_indexed,oa,pmc_jats_retrieved,title_plus_pubmed_abstract_plus_pmc_jats_full_text,research-article,explicit_section,explicit_results_section,explicit_methods_section,explicit_discussion_section,14,152,11607,verified_exact_doi_title_type_language_abstract,1.0,verified_exact_doi_title_match,1.0,journal-article,b71796346c7447362627d93b07b1d37816fc7c5312afe371e7e116b7febef67f,Europe PMC; NCBI PubMed E-utilities; Crossref,PMC JATS XML via Europe PMC (transient analysis; text not stored),https://doi.org/10.1016/j.cell.2026.01.028,https://pubmed.ncbi.nlm.nih.gov/41763199/,https://pmc.ncbi.nlm.nih.gov/articles/PMC13045649/
ART-024,flagship_broad,Cell,0092-8674,2026,2026-03-20,2026,The E3-ome gene-centric compendium reveals the human E3 ligase landscape.,10.1016/j.cell.2026.01.029,41864206,PMC13061254,cell_and_developmental_biology,title_abstract_keyword_heuristic,original_research_article,English,published_or_ahead_of_print_indexed,oa,pmc_jats_retrieved,title_plus_pubmed_abstract_plus_pmc_jats_full_text,research-article,explicit_section,explicit_results_section,explicit_methods_section,explicit_discussion_section,13,152,14327,verified_exact_doi_title_type_language_abstract,1.0,verified_exact_doi_title_match,1.0,journal-article,1890ae15131e9ebd043f90f611c38b502bf1b00242357f6e2b52c7c33d4d0518,Europe PMC; NCBI PubMed E-utilities; Crossref,PMC JATS XML via Europe PMC (transient analysis; text not stored),https://doi.org/10.1016/j.cell.2026.01.029,https://pubmed.ncbi.nlm.nih.gov/41864206/,https://pmc.ncbi.nlm.nih.gov/articles/PMC13061254/
ART-025,flagship_broad,Cell,0092-8674,2026,2026-04-27,2026,Global genetic interaction network of a human cell maps conserved principles and informs functional interpretation of gene co-essentiality profiles.,10.1016/j.cell.2026.03.044,42049019,PMC13281610,cell_and_developmental_biology,title_abstract_keyword_heuristic,original_research_article,English,published_or_ahead_of_print_indexed,oa,pmc_jats_retrieved,title_plus_pubmed_abstract_plus_pmc_jats_full_text,research-article,explicit_section,explicit_results_section,explicit_methods_section,explicit_discussion_section,19,137,25903,verified_exact_doi_title_type_language_abstract,1.0,verified_exact_doi_title_match,1.0,journal-article,cbdc7dea2efb72aef347e52b65a375267b201c4691fef227033915f9ccc05cf3,Europe PMC; NCBI PubMed E-utilities; Crossref,PMC JATS XML via Europe PMC (transient analysis; text not stored),https://doi.org/10.1016/j.cell.2026.03.044,https://pubmed.ncbi.nlm.nih.gov/42049019/,https://pmc.ncbi.nlm.nih.gov/articles/PMC13281610/
ART-026,flagship_broad,Nature,0028-0836,2021,2021-02-03,2021,IgA transcytosis and antigen recognition govern ovarian cancer immunity.,10.1038/s41586-020-03144-0,33536615,PMC7969354,cell_and_developmental_biology,title_abstract_keyword_heuristic,original_research_article,English,published_or_ahead_of_print_indexed,oa,pmc_jats_retrieved,title_plus_pubmed_abstract_plus_pmc_jats_full_text,research-article,inferred_opening_paragraphs,inferred_finding_sections,explicit_methods_section,inferred_closing_paragraphs,9,214,8304,verified_exact_doi_title_type_language_abstract,1.0,verified_exact_doi_title_match,1.0,journal-article,88d4de91f39d4d1c11bd38b31ea537824ad20b5b517e29577e86123c56909509,Europe PMC; NCBI PubMed E-utilities; Crossref,PMC JATS XML via Europe PMC (transient analysis; text not stored),https://doi.org/10.1038/s41586-020-03144-0,https://pubmed.ncbi.nlm.nih.gov/33536615/,https://pmc.ncbi.nlm.nih.gov/articles/PMC7969354/
ART-027,flagship_broad,Nature,0028-0836,2021,2021-02-03,2021,Dynamic regulation of TFH selection during the germinal centre reaction.,10.1038/s41586-021-03187-x,33536617,PMC7979475,cell_and_developmental_biology,title_abstract_keyword_heuristic,original_research_article,English,published_or_ahead_of_print_indexed,oa,pmc_jats_retrieved,title_plus_pubmed_abstract_plus_pmc_jats_full_text,research-article,inferred_opening_paragraphs,inferred_finding_sections,methods_not_identified,inferred_closing_paragraphs,10,210,4958,verified_exact_doi_title_type_language_abstract,0.993,verified_exact_doi_title_match,1.0,journal-article,7668dd6060eccc26ff4316dff534f3834e57690aed40c8ef845f9a241aa89054,Europe PMC; NCBI PubMed E-utilities; Crossref,PMC JATS XML via Europe PMC (transient analysis; text not stored),https://doi.org/10.1038/s41586-021-03187-x,https://pubmed.ncbi.nlm.nih.gov/33536617/,https://pmc.ncbi.nlm.nih.gov/articles/PMC7979475/
ART-028,flagship_broad,Nature,0028-0836,2021,2021-07-21,2021,Transcriptional programs of neoantigen-specific TIL in anti-PD-1-treated lung cancers.,10.1038/s41586-021-03752-4,34290408,PMC8338555,cell_and_developmental_biology,title_abstract_keyword_heuristic,original_research_article,English,published_or_ahead_of_print_indexed,oa,pmc_jats_retrieved,title_plus_pubmed_abstract_plus_pmc_jats_full_text,research-article,inferred_opening_paragraphs,inferred_finding_sections,explicit_methods_section,explicit_discussion_section,11,248,9524,verified_exact_doi_title_type_language_abstract,1.0,verified_exact_doi_title_match,1.0,journal-article,67b88ab40e480863e8be8dca2f9646b49206a988fd11160570fdd4091ab0b34d,Europe PMC; NCBI PubMed E-utilities; Crossref,PMC JATS XML via Europe PMC (transient analysis; text not stored),https://doi.org/10.1038/s41586-021-03752-4,https://pubmed.ncbi.nlm.nih.gov/34290408/,https://pmc.ncbi.nlm.nih.gov/articles/PMC8338555/
ART-029,flagship_broad,Nature,0028-0836,2021,2021-11-03,2021,B cell-derived GABA elicits IL-10+ macrophages to limit anti-tumour immunity.,10.1038/s41586-021-04082-1,34732892,PMC8599023,cell_and_developmental_biology,title_abstract_keyword_heuristic,original_research_article,English,published_or_ahead_of_print_indexed,oa,pmc_jats_retrieved,title_plus_pubmed_abstract_plus_pmc_jats_full_text,research-article,inferred_opening_paragraphs,inferred_finding_sections,explicit_methods_section,explicit_discussion_section,11,121,8940,verified_exact_doi_title_type_language_abstract,1.0,verified_exact_doi_title_match,1.0,journal-article,9db032f2f270710de948cd6ec55f5524feb69ffb604247383e2769c42da39d98,Europe PMC; NCBI PubMed E-utilities; Crossref,PMC JATS XML via Europe PMC (transient analysis; text not stored),https://doi.org/10.1038/s41586-021-04082-1,https://pubmed.ncbi.nlm.nih.gov/34732892/,https://pmc.ncbi.nlm.nih.gov/articles/PMC8599023/
ART-030,flagship_broad,Nature,0028-0836,2022,2022-06-29,2022,Enteric viruses replicate in salivary glands and infect through saliva.,10.1038/s41586-022-04895-8,35768512,PMC9243862,infectious_disease,title_abstract_keyword_heuristic,original_research_article,English,published_or_ahead_of_print_indexed,oa,pmc_jats_retrieved,title_plus_pubmed_abstract_plus_pmc_jats_full_text,research-article,inferred_opening_paragraphs,inferred_finding_sections,explicit_methods_section,inferred_closing_paragraphs,10,209,8834,verified_exact_doi_title_type_language_abstract,1.0,verified_exact_doi_title_match,1.0,journal-article,0be94685dc1edf23e3a114964bcecedc5c03df461e90356272c3c41c8a8ca376,Europe PMC; NCBI PubMed E-utilities; Crossref,PMC JATS XML via Europe PMC (transient analysis; text not stored),https://doi.org/10.1038/s41586-022-04895-8,https://pubmed.ncbi.nlm.nih.gov/35768512/,https://pmc.ncbi.nlm.nih.gov/articles/PMC9243862/
ART-031,flagship_broad,Nature,0028-0836,2022,2022-06-30,2022,GTSF1 accelerates target RNA cleavage by PIWI-clade Argonaute proteins.,10.1038/s41586-022-05009-0,35772669,PMC9385479,chemistry_and_catalysis,title_abstract_keyword_heuristic,original_research_article,English,published_or_ahead_of_print_indexed,oa,pmc_jats_retrieved,title_plus_pubmed_abstract_plus_pmc_jats_full_text,research-article,inferred_opening_paragraphs,inferred_finding_sections,explicit_methods_section,explicit_discussion_section,10,202,9524,verified_exact_doi_title_type_language_abstract,1.0,verified_exact_doi_title_match,1.0,journal-article,198e92867c3e06ec6750e19be3b3978c56feefaa3f5836160e863081e97c4e19,Europe PMC; NCBI PubMed E-utilities; Crossref,PMC JATS XML via Europe PMC (transient analysis; text not stored),https://doi.org/10.1038/s41586-022-05009-0,https://pubmed.ncbi.nlm.nih.gov/35772669/,https://pmc.ncbi.nlm.nih.gov/articles/PMC9385479/
ART-032,flagship_broad,Nature,0028-0836,2022,2022-08-17,2022,Evidence for intrinsic charm quarks in the proton.,10.1038/s41586-022-04998-2,35978125,PMC9385499,computation_and_ai,title_abstract_keyword_heuristic,original_research_article,English,published_or_ahead_of_print_indexed,oa,pmc_jats_retrieved,title_plus_pubmed_abstract_plus_pmc_jats_full_text,research-article,inferred_opening_paragraphs,inferred_finding_sections,explicit_methods_section,inferred_closing_paragraphs,8,234,5358,verified_exact_doi_title_type_language_abstract,1.0,verified_exact_doi_title_match,1.0,journal-article,ebd1398c9b27c1b0156b071d38002710cef6d81c1657c8c8f7124f6ef34100b8,Europe PMC; NCBI PubMed E-utilities; Crossref,PMC JATS XML via Europe PMC (transient analysis; text not stored),https://doi.org/10.1038/s41586-022-04998-2,https://pubmed.ncbi.nlm.nih.gov/35978125/,https://pmc.ncbi.nlm.nih.gov/articles/PMC9385499/
ART-033,flagship_broad,Nature,0028-0836,2022,2022-11-09,2023,Multiple pathways for SARS-CoV-2 resistance to nirmatrelvir.,10.1038/s41586-022-05514-2,36351451,PMC9849135,infectious_disease,title_abstract_keyword_heuristic,original_research_article,English,published_or_ahead_of_print_indexed,oa,pmc_jats_retrieved,title_plus_pubmed_abstract_plus_pmc_jats_full_text,research-article,inferred_opening_paragraphs,inferred_finding_sections,explicit_methods_section,explicit_discussion_section,8,254,6544,verified_exact_doi_title_type_language_abstract,1.0,verified_exact_doi_title_match,1.0,journal-article,cbffeb109cfa39e28b0a949dd233733351b2ed903951f1ec46e9e40b59460d43,Europe PMC; NCBI PubMed E-utilities; Crossref,PMC JATS XML via Europe PMC (transient analysis; text not stored),https://doi.org/10.1038/s41586-022-05514-2,https://pubmed.ncbi.nlm.nih.gov/36351451/,https://pmc.ncbi.nlm.nih.gov/articles/PMC9849135/
ART-034,flagship_broad,Nature,0028-0836,2023,2023-01-11,2023,Financial incentives for vaccination do not have negative unintended consequences.,10.1038/s41586-022-05512-4,36631607,PMC9833033,infectious_disease,title_abstract_keyword_heuristic,original_research_article,English,published_or_ahead_of_print_indexed,oa,pmc_jats_retrieved,title_plus_pubmed_abstract_plus_pmc_jats_full_text,research-article,inferred_opening_paragraphs,explicit_results_section,explicit_methods_section,explicit_discussion_section,10,183,8924,verified_exact_doi_title_type_language_abstract,1.0,verified_exact_doi_title_match,1.0,journal-article,6a3da4e0df1c2c74a7373f193fedf7042efa304e0667579a032dc109f5f48c4b,Europe PMC; NCBI PubMed E-utilities; Crossref,PMC JATS XML via Europe PMC (transient analysis; text not stored),https://doi.org/10.1038/s41586-022-05512-4,https://pubmed.ncbi.nlm.nih.gov/36631607/,https://pmc.ncbi.nlm.nih.gov/articles/PMC9833033/
ART-035,flagship_broad,Nature,0028-0836,2023,2023-01-18,2023,Modern temperatures in central-north Greenland warmest in past millennium.,10.1038/s41586-022-05517-z,36653569,PMC9849122,climate_ecology_and_evolution,title_abstract_keyword_heuristic,original_research_article,English,published_or_ahead_of_print_indexed,oa,pmc_jats_retrieved,title_plus_pubmed_abstract_plus_pmc_jats_full_text,research-article,inferred_opening_paragraphs,explicit_results_section,explicit_methods_section,inferred_closing_paragraphs,9,210,7809,verified_exact_doi_title_type_language_abstract,1.0,verified_exact_doi_title_match,1.0,journal-article,fad6c17e7faf49952d7a7b494fa0c404d17a19590e11e7a88619d7e5f6c48fc5,Europe PMC; NCBI PubMed E-utilities; Crossref,PMC JATS XML via Europe PMC (transient analysis; text not stored),https://doi.org/10.1038/s41586-022-05517-z,https://pubmed.ncbi.nlm.nih.gov/36653569/,https://pmc.ncbi.nlm.nih.gov/articles/PMC9849122/
ART-036,flagship_broad,Nature,0028-0836,2023,2023-06-28,2023,Phase separation of FSP1 promotes ferroptosis.,10.1038/s41586-023-06255-6,37380771,PMC10338336,oncology,title_abstract_keyword_heuristic,original_research_article,English,published_or_ahead_of_print_indexed,oa,pmc_jats_retrieved,title_plus_pubmed_abstract_plus_pmc_jats_full_text,research-article,inferred_opening_paragraphs,inferred_finding_sections,explicit_methods_section,explicit_discussion_section,7,267,10217,verified_exact_doi_title_type_language_abstract,1.0,verified_exact_doi_title_match,1.0,journal-article,f3bf3384c7912125e6bc2b2355f0e8f5678a27c9f1830e0ce5daff3f2fbff89f,Europe PMC; NCBI PubMed E-utilities; Crossref,PMC JATS XML via Europe PMC (transient analysis; text not stored),https://doi.org/10.1038/s41586-023-06255-6,https://pubmed.ncbi.nlm.nih.gov/37380771/,https://pmc.ncbi.nlm.nih.gov/articles/PMC10338336/
ART-037,flagship_broad,Nature,0028-0836,2023,2023-12-20,2023,Autonomous chemical research with large language models.,10.1038/s41586-023-06792-0,38123806,PMC10733136,computation_and_ai,title_abstract_keyword_heuristic,original_research_article,English,published_or_ahead_of_print_indexed,oa,pmc_jats_retrieved,title_plus_pubmed_abstract_plus_pmc_jats_full_text,research-article,inferred_opening_paragraphs,inferred_finding_sections,methods_not_identified,explicit_discussion_section,7,118,4692,verified_exact_doi_title_type_language_abstract,1.0,verified_exact_doi_title_match,1.0,journal-article,8c2f501a44a15edf3cb5f4ef0f02ba8c02a93098fcf1941e5bd48283bc95402c,Europe PMC; NCBI PubMed E-utilities; Crossref,PMC JATS XML via Europe PMC (transient analysis; text not stored),https://doi.org/10.1038/s41586-023-06792-0,https://pubmed.ncbi.nlm.nih.gov/38123806/,https://pmc.ncbi.nlm.nih.gov/articles/PMC10733136/
ART-038,flagship_broad,Nature,0028-0836,2024,2024-05-15,2024,Arresting failure propagation in buildings through collapse isolation.,10.1038/s41586-024-07268-5,38750232,PMC11096105,multidisciplinary_science,title_abstract_keyword_heuristic,original_research_article,English,published_or_ahead_of_print_indexed,oa,pmc_jats_retrieved,title_plus_pubmed_abstract_plus_pmc_jats_full_text,research-article,inferred_opening_paragraphs,inferred_finding_sections,explicit_methods_section,explicit_discussion_section,8,207,6317,verified_exact_doi_title_type_language_abstract,1.0,verified_exact_doi_title_match,1.0,journal-article,eca6f09d297a29065830a37e181f54c8b07907c5cae04d6988236745224215ad,Europe PMC; NCBI PubMed E-utilities; Crossref,PMC JATS XML via Europe PMC (transient analysis; text not stored),https://doi.org/10.1038/s41586-024-07268-5,https://pubmed.ncbi.nlm.nih.gov/38750232/,https://pmc.ncbi.nlm.nih.gov/articles/PMC11096105/
ART-039,flagship_broad,Nature,0028-0836,2024,2024-05-15,2024,GLP-1-directed NMDA receptor antagonism for obesity treatment.,10.1038/s41586-024-07419-8,38750368,PMC11136670,neuroscience,title_abstract_keyword_heuristic,original_research_article,English,published_or_ahead_of_print_indexed,oa,pmc_jats_retrieved,title_plus_pubmed_abstract_plus_pmc_jats_full_text,research-article,inferred_opening_paragraphs,inferred_finding_sections,explicit_methods_section,explicit_discussion_section,9,154,14247,verified_exact_doi_title_type_language_abstract,1.0,verified_exact_doi_title_match,1.0,journal-article,49b2c0f60249578dad8ab7264130ccf68cb4fa2de6c056c2a0962b0eb95fe6b1,Europe PMC; NCBI PubMed E-utilities; Crossref,PMC JATS XML via Europe PMC (transient analysis; text not stored),https://doi.org/10.1038/s41586-024-07419-8,https://pubmed.ncbi.nlm.nih.gov/38750368/,https://pmc.ncbi.nlm.nih.gov/articles/PMC11136670/
ART-040,flagship_broad,Nature,0028-0836,2024,2024-06-05,2024,Capturing carbon dioxide from air with charged-sorbents.,10.1038/s41586-024-07449-2,38839965,PMC11186774,materials_and_condensed_matter,title_abstract_keyword_heuristic,original_research_article,English,published_or_ahead_of_print_indexed,oa,pmc_jats_retrieved,title_plus_pubmed_abstract_plus_pmc_jats_full_text,research-article,inferred_opening_paragraphs,inferred_finding_sections,explicit_methods_section,inferred_closing_paragraphs,7,200,5380,verified_exact_doi_title_type_language_abstract,1.0,verified_exact_doi_title_match,1.0,journal-article,66a093f19d42822aebc8de503006e88f1a0244465fb2f8917336970a7de34f51,Europe PMC; NCBI PubMed E-utilities; Crossref,PMC JATS XML via Europe PMC (transient analysis; text not stored),https://doi.org/10.1038/s41586-024-07449-2,https://pubmed.ncbi.nlm.nih.gov/38839965/,https://pmc.ncbi.nlm.nih.gov/articles/PMC11186774/
ART-041,flagship_broad,Nature,0028-0836,2024,2024-10-09,2024,Temporally distinct 3D multi-omic dynamics in the developing human brain.,10.1038/s41586-024-08030-7,39385032,PMC11560841,cell_and_developmental_biology,title_abstract_keyword_heuristic,original_research_article,English,published_or_ahead_of_print_indexed,oa,pmc_jats_retrieved,title_plus_pubmed_abstract_plus_pmc_jats_full_text,research-article,inferred_opening_paragraphs,inferred_finding_sections,explicit_methods_section,explicit_discussion_section,11,163,14042,verified_exact_doi_title_type_language_abstract,1.0,verified_exact_doi_title_match,1.0,journal-article,917becfaadf89bb8b2b8a3368500e846a0292271bb9af0f6d43ede8db7750410,Europe PMC; NCBI PubMed E-utilities; Crossref,PMC JATS XML via Europe PMC (transient analysis; text not stored),https://doi.org/10.1038/s41586-024-08030-7,https://pubmed.ncbi.nlm.nih.gov/39385032/,https://pmc.ncbi.nlm.nih.gov/articles/PMC11560841/
ART-042,flagship_broad,Nature,0028-0836,2025,2025-01-22,2025,Scaling and networking a modular photonic quantum computer.,10.1038/s41586-024-08406-9,39843755,PMC11864973,materials_and_condensed_matter,title_abstract_keyword_heuristic,original_research_article,English,published_or_ahead_of_print_indexed,oa,pmc_jats_retrieved,title_plus_pubmed_abstract_plus_pmc_jats_full_text,research-article,inferred_opening_paragraphs,inferred_finding_sections,explicit_methods_section,explicit_discussion_section,8,231,10801,verified_exact_doi_title_type_language_abstract,1.0,verified_exact_doi_title_match,1.0,journal-article,527be47fe681fe04e1103256ddcb51be7216fba5c58297bd9f2a061382a1cc43,Europe PMC; NCBI PubMed E-utilities; Crossref,PMC JATS XML via Europe PMC (transient analysis; text not stored),https://doi.org/10.1038/s41586-024-08406-9,https://pubmed.ncbi.nlm.nih.gov/39843755/,https://pmc.ncbi.nlm.nih.gov/articles/PMC11864973/
ART-043,flagship_broad,Nature,0028-0836,2025,2025-03-12,2025,Unconventional magnons in collinear magnets dictated by spin space groups.,10.1038/s41586-025-08715-7,40074910,PMC11981943,materials_and_condensed_matter,title_abstract_keyword_heuristic,original_research_article,English,published_or_ahead_of_print_indexed,oa,pmc_jats_retrieved,title_plus_pubmed_abstract_plus_pmc_jats_full_text,research-article,inferred_opening_paragraphs,inferred_finding_sections,explicit_methods_section,inferred_closing_paragraphs,10,241,5046,verified_exact_doi_title_type_language_abstract,1.0,verified_exact_doi_title_match,1.0,journal-article,206670ca36c75710efe8a407ba58547b58b375361191a922295a0d1ce9cad203,Europe PMC; NCBI PubMed E-utilities; Crossref,PMC JATS XML via Europe PMC (transient analysis; text not stored),https://doi.org/10.1038/s41586-025-08715-7,https://pubmed.ncbi.nlm.nih.gov/40074910/,https://pmc.ncbi.nlm.nih.gov/articles/PMC11981943/
ART-044,flagship_broad,Nature,0028-0836,2025,2025-05-14,2025,Emergence of Calabi-Yau manifolds in high-precision black-hole scattering.,10.1038/s41586-025-08984-2,40369139,PMC12078182,cell_and_developmental_biology,title_abstract_keyword_heuristic,original_research_article,English,published_or_ahead_of_print_indexed,oa,pmc_jats_retrieved,title_plus_pubmed_abstract_plus_pmc_jats_full_text,research-article,inferred_opening_paragraphs,explicit_results_section,explicit_methods_section,inferred_closing_paragraphs,8,241,7400,verified_exact_doi_title_type_language_abstract,1.0,verified_exact_doi_title_match,1.0,journal-article,cf8da03a5587c1281781d91dd35906a57168df1d8e81ed7f4a81480ee58154f1,Europe PMC; NCBI PubMed E-utilities; Crossref,PMC JATS XML via Europe PMC (transient analysis; text not stored),https://doi.org/10.1038/s41586-025-08984-2,https://pubmed.ncbi.nlm.nih.gov/40369139/,https://pmc.ncbi.nlm.nih.gov/articles/PMC12078182/
ART-045,flagship_broad,Nature,0028-0836,2025,2025-07-30,2025,Remodelling of corticostriatal axonal boutons during motor learning.,10.1038/s41586-025-09336-w,40739352,PMC12488484,neuroscience,title_abstract_keyword_heuristic,original_research_article,English,published_or_ahead_of_print_indexed,oa,pmc_jats_retrieved,title_plus_pubmed_abstract_plus_pmc_jats_full_text,research-article,inferred_opening_paragraphs,inferred_finding_sections,explicit_methods_section,explicit_discussion_section,8,188,10344,verified_exact_doi_title_type_language_abstract,1.0,verified_exact_doi_title_match,1.0,journal-article,e282d2cdfed40e2c599c8697482f089fe29b7dd040b1b65ef3eca7535ff27251,Europe PMC; NCBI PubMed E-utilities; Crossref,PMC JATS XML via Europe PMC (transient analysis; text not stored),https://doi.org/10.1038/s41586-025-09336-w,https://pubmed.ncbi.nlm.nih.gov/40739352/,https://pmc.ncbi.nlm.nih.gov/articles/PMC12488484/
ART-046,flagship_broad,Nature,0028-0836,2025,2025-09-17,2025,Engineered prime editors with minimal genomic errors.,10.1038/s41586-025-09537-3,40963020,PMC12571883,genomics_and_gene_regulation,title_abstract_keyword_heuristic,original_research_article,English,published_or_ahead_of_print_indexed,oa,pmc_jats_retrieved,title_plus_pubmed_abstract_plus_pmc_jats_full_text,research-article,inferred_opening_paragraphs,inferred_finding_sections,explicit_methods_section,explicit_discussion_section,7,128,6623,verified_exact_doi_title_type_language_abstract,1.0,verified_exact_doi_title_match,1.0,journal-article,e15ddbf400c63ae833f0b58f1269021058bffa5f9f14b3f10237f5f75497dad5,Europe PMC; NCBI PubMed E-utilities; Crossref,PMC JATS XML via Europe PMC (transient analysis; text not stored),https://doi.org/10.1038/s41586-025-09537-3,https://pubmed.ncbi.nlm.nih.gov/40963020/,https://pmc.ncbi.nlm.nih.gov/articles/PMC12571883/
ART-047,flagship_broad,Nature,0028-0836,2026,2026-01-07,2026,Nutrient requirements of organ-specific metastasis in breast cancer.,10.1038/s41586-025-09898-9,41501456,PMC12851942,oncology,title_abstract_keyword_heuristic,original_research_article,English,published_or_ahead_of_print_indexed,oa,pmc_jats_retrieved,title_plus_pubmed_abstract_plus_pmc_jats_full_text,research-article,inferred_opening_paragraphs,inferred_finding_sections,explicit_methods_section,explicit_discussion_section,8,194,10933,verified_exact_doi_title_type_language_abstract,1.0,verified_exact_doi_title_match,1.0,journal-article,b50264d2e4366b24eb29f6d03eb3ff9594fa9887acb9a80a6cff89ee0647da92,Europe PMC; NCBI PubMed E-utilities; Crossref,PMC JATS XML via Europe PMC (transient analysis; text not stored),https://doi.org/10.1038/s41586-025-09898-9,https://pubmed.ncbi.nlm.nih.gov/41501456/,https://pmc.ncbi.nlm.nih.gov/articles/PMC12851942/
ART-048,flagship_broad,Nature,0028-0836,2026,2026-02-25,2026,"Human hippocampal neurogenesis in adulthood, ageing and Alzheimer's disease.",10.1038/s41586-026-10169-4,41741649,PMC13048220,neuroscience,title_abstract_keyword_heuristic,original_research_article,English,published_or_ahead_of_print_indexed,oa,pmc_jats_retrieved,title_plus_pubmed_abstract_plus_pmc_jats_full_text,research-article,inferred_opening_paragraphs,inferred_finding_sections,explicit_methods_section,explicit_discussion_section,9,236,9983,verified_exact_doi_title_type_language_abstract,1.0,verified_exact_doi_title_match,1.0,journal-article,465f59b296e4c0d88e4cdd306b340c839ea792aa9c3e35185fee78e4e8ab0f28,Europe PMC; NCBI PubMed E-utilities; Crossref,PMC JATS XML via Europe PMC (transient analysis; text not stored),https://doi.org/10.1038/s41586-026-10169-4,https://pubmed.ncbi.nlm.nih.gov/41741649/,https://pmc.ncbi.nlm.nih.gov/articles/PMC13048220/
ART-049,flagship_broad,Nature,0028-0836,2026,2026-03-18,2026,Adventitious carbon breaks symmetry in oxide contact electrification.,10.1038/s41586-025-10088-w,41851325,PMC12999465,materials_and_condensed_matter,title_abstract_keyword_heuristic,original_research_article,English,published_or_ahead_of_print_indexed,oa,pmc_jats_retrieved,title_plus_pubmed_abstract_plus_pmc_jats_full_text,research-article,inferred_opening_paragraphs,inferred_finding_sections,explicit_methods_section,inferred_closing_paragraphs,8,198,5206,verified_exact_doi_title_type_language_abstract,1.0,verified_exact_doi_title_match,1.0,journal-article,522a82ea8c0402d2a8e32a0a7cabe02ce01453ca56f5e58fdd26ec5397b1d9a2,Europe PMC; NCBI PubMed E-utilities; Crossref,PMC JATS XML via Europe PMC (transient analysis; text not stored),https://doi.org/10.1038/s41586-025-10088-w,https://pubmed.ncbi.nlm.nih.gov/41851325/,https://pmc.ncbi.nlm.nih.gov/articles/PMC12999465/
ART-050,flagship_broad,Nature,0028-0836,2026,2026-06-17,2026,Rock weathering can counteract river CO2 emissions induced by permafrost thaw.,10.1038/s41586-026-10664-8,42310459,PMC13322975,chemistry_and_catalysis,title_abstract_keyword_heuristic,original_research_article,English,published_or_ahead_of_print_indexed,oa,pmc_jats_retrieved,title_plus_pubmed_abstract_plus_pmc_jats_full_text,research-article,inferred_opening_paragraphs,inferred_finding_sections,explicit_methods_section,inferred_closing_paragraphs,12,217,10200,verified_exact_doi_title_type_language_abstract,0.9935,verified_exact_doi_title_match,1.0,journal-article,d077f815d7114c945bcc5285a06b66b488858ef417ef7472fda5bd63f0b32a94,Europe PMC; NCBI PubMed E-utilities; Crossref,PMC JATS XML via Europe PMC (transient analysis; text not stored),https://doi.org/10.1038/s41586-026-10664-8,https://pubmed.ncbi.nlm.nih.gov/42310459/,https://pmc.ncbi.nlm.nih.gov/articles/PMC13322975/
ART-051,flagship_broad,Science,0036-8075,2021,2021-01-08,2021,Establishment and lineage dynamics of the SARS-CoV-2 epidemic in the UK.,10.1126/science.abf2946,33419936,PMC7877493,infectious_disease,title_abstract_keyword_heuristic,original_research_article,English,published_or_ahead_of_print_indexed,oa,pmc_jats_retrieved,title_plus_pubmed_abstract_plus_pmc_jats_full_text,research-article,explicit_section,inferred_finding_sections,methods_not_identified,conclusion_section_used,12,137,2972,verified_exact_doi_title_type_language_abstract,1.0,verified_exact_doi_title_match,1.0,journal-article,3ec90fd8a01124728b94d6280d8de4b91885386d18a5a62a2212c6e732f04e4d,Europe PMC; NCBI PubMed E-utilities; Crossref,PMC JATS XML via Europe PMC (transient analysis; text not stored),https://doi.org/10.1126/science.abf2946,https://pubmed.ncbi.nlm.nih.gov/33419936/,https://pmc.ncbi.nlm.nih.gov/articles/PMC7877493/
ART-052,flagship_broad,Science,0036-8075,2021,2021-06-08,2021,Senolytics reduce coronavirus-related mortality in old mice.,10.1126/science.abe4832,34103349,PMC8607935,infectious_disease,title_abstract_keyword_heuristic,original_research_article,English,published_or_ahead_of_print_indexed,oa,pmc_jats_retrieved,title_plus_pubmed_abstract_plus_pmc_jats_full_text,research-article,inferred_opening_paragraphs,inferred_finding_sections,explicit_methods_section,explicit_discussion_section,7,157,7797,verified_exact_doi_title_type_language_abstract,1.0,verified_exact_doi_title_match,1.0,journal-article,3d5e88d45cc7d5b767865ddb5865b748360e2d441787518ee2906ac8e2dca85f,Europe PMC; NCBI PubMed E-utilities; Crossref,PMC JATS XML via Europe PMC (transient analysis; text not stored),https://doi.org/10.1126/science.abe4832,https://pubmed.ncbi.nlm.nih.gov/34103349/,https://pmc.ncbi.nlm.nih.gov/articles/PMC8607935/
ART-053,flagship_broad,Science,0036-8075,2021,2021-06-22,2021,Chimeric spike mRNA vaccines protect against Sarbecovirus challenge in mice.,10.1126/science.abi4506,34214046,PMC8899822,infectious_disease,title_abstract_keyword_heuristic,original_research_article,English,published_or_ahead_of_print_indexed,not_flagged_oa,pmc_jats_retrieved,title_plus_pubmed_abstract_plus_pmc_jats_full_text,research-article,inferred_opening_paragraphs,explicit_results_section,methods_not_identified,explicit_discussion_section,10,145,2958,verified_exact_doi_title_type_language_abstract,1.0,verified_exact_doi_title_match,1.0,journal-article,eb8fb44578912e48a50dc55b3f665aab34ff73b25e27f06e48ac5b293c6ac15d,Europe PMC; NCBI PubMed E-utilities; Crossref,PMC JATS XML via Europe PMC (transient analysis; text not stored),https://doi.org/10.1126/science.abi4506,https://pubmed.ncbi.nlm.nih.gov/34214046/,https://pmc.ncbi.nlm.nih.gov/articles/PMC8899822/
ART-054,flagship_broad,Science,0036-8075,2021,2021-09-17,2021,Immune correlates of protection by mRNA-1273 vaccine against SARS-CoV-2 in nonhuman primates.,10.1126/science.abj0299,34529476,PMC8449013,infectious_disease,title_abstract_keyword_heuristic,original_research_article,English,published_or_ahead_of_print_indexed,oa,pmc_jats_retrieved,title_plus_pubmed_abstract_plus_pmc_jats_full_text,research-article,inferred_opening_paragraphs,explicit_results_section,explicit_methods_section,explicit_discussion_section,14,141,6783,verified_exact_doi_title_type_language_abstract,1.0,verified_exact_doi_title_match,1.0,journal-article,57073b9832d7f3953d5e260632530262592e43554a8a020892584079d21b6d32,Europe PMC; NCBI PubMed E-utilities; Crossref,PMC JATS XML via Europe PMC (transient analysis; text not stored),https://doi.org/10.1126/science.abj0299,https://pubmed.ncbi.nlm.nih.gov/34529476/,https://pmc.ncbi.nlm.nih.gov/articles/PMC8449013/
ART-055,flagship_broad,Science,0036-8075,2022,2022-01-14,2022,Impact of community masking on COVID-19: A cluster-randomized trial in Bangladesh.,10.1126/science.abi9069,34855513,PMC9036942,infectious_disease,title_abstract_keyword_heuristic,original_research_article,English,published_or_ahead_of_print_indexed,oa,pmc_jats_retrieved,title_plus_pubmed_abstract_plus_pmc_jats_full_text,research-article,inferred_opening_paragraphs,explicit_results_section,explicit_methods_section,explicit_discussion_section,12,128,9348,verified_exact_doi_title_type_language_abstract,1.0,verified_exact_doi_title_match,1.0,journal-article,8440725bee493c6dac7843e6445cd4eb3262bde9f0eca980638d2d4c11511d89,Europe PMC; NCBI PubMed E-utilities; Crossref,PMC JATS XML via Europe PMC (transient analysis; text not stored),https://doi.org/10.1126/science.abi9069,https://pubmed.ncbi.nlm.nih.gov/34855513/,https://pmc.ncbi.nlm.nih.gov/articles/PMC9036942/
ART-056,flagship_broad,Science,0036-8075,2022,2022-01-25,2022,Structural basis of SARS-CoV-2 Omicron immune evasion and receptor engagement.,10.1126/science.abn8652,35076256,PMC9427005,infectious_disease,title_abstract_keyword_heuristic,original_research_article,English,published_or_ahead_of_print_indexed,not_flagged_oa,pmc_jats_retrieved,title_plus_pubmed_abstract_plus_pmc_jats_full_text,research-article,inferred_opening_paragraphs,inferred_finding_sections,methods_not_identified,inferred_closing_paragraphs,11,124,2697,verified_exact_doi_title_type_language_abstract,1.0,verified_exact_doi_title_match,1.0,journal-article,9ccc09bceb1f853f2b30a3b112194f1e530e1b52148ce9c6b2e13596606e42d1,Europe PMC; NCBI PubMed E-utilities; Crossref,PMC JATS XML via Europe PMC (transient analysis; text not stored),https://doi.org/10.1126/science.abn8652,https://pubmed.ncbi.nlm.nih.gov/35076256/,https://pmc.ncbi.nlm.nih.gov/articles/PMC9427005/
ART-057,flagship_broad,Science,0036-8075,2022,2022-02-08,2022,Rapid increase in Omicron infections in England during December 2021: REACT-1 study.,10.1126/science.abn8347,35133177,PMC8939772,infectious_disease,title_abstract_keyword_heuristic,original_research_article,English,published_or_ahead_of_print_indexed,oa,pmc_jats_retrieved,title_plus_pubmed_abstract_plus_pmc_jats_full_text,research-article,inferred_opening_paragraphs,inferred_finding_sections,methods_not_identified,inferred_closing_paragraphs,13,144,2401,verified_exact_doi_title_type_language_abstract,1.0,verified_exact_doi_title_match,1.0,journal-article,d377e6e349a84ab92673afbdcfdf2aeee51db4487c48d6ab2a18b348849e7dc5,Europe PMC; NCBI PubMed E-utilities; Crossref,PMC JATS XML via Europe PMC (transient analysis; text not stored),https://doi.org/10.1126/science.abn8347,https://pubmed.ncbi.nlm.nih.gov/35133177/,https://pmc.ncbi.nlm.nih.gov/articles/PMC8939772/
ART-058,flagship_broad,Science,0036-8075,2022,2022-02-24,2022,Minimizing treatment-induced emergence of antibiotic resistance in bacterial infections.,10.1126/science.abg9868,35201862,PMC7612469,infectious_disease,title_abstract_keyword_heuristic,original_research_article,English,published_or_ahead_of_print_indexed,oa,pmc_jats_retrieved,title_plus_pubmed_abstract_plus_pmc_jats_full_text,research-article,inferred_opening_paragraphs,inferred_finding_sections,methods_not_identified,inferred_closing_paragraphs,9,143,2560,verified_exact_doi_title_type_language_abstract,1.0,verified_exact_doi_title_match,1.0,journal-article,38ce17b9c450810dc8a65af276022434f183b8a4f17cd2adf298b22fb73c04c7,Europe PMC; NCBI PubMed E-utilities; Crossref,PMC JATS XML via Europe PMC (transient analysis; text not stored),https://doi.org/10.1126/science.abg9868,https://pubmed.ncbi.nlm.nih.gov/35201862/,https://pmc.ncbi.nlm.nih.gov/articles/PMC7612469/
ART-059,flagship_broad,Science,0036-8075,2023,2023-03-30,2023,Cytosolic antibody receptor TRIM21 is required for effective tau immunotherapy in mouse models.,10.1126/science.abn1366,36996217,PMC7614512,neuroscience,title_abstract_keyword_heuristic,original_research_article,English,published_or_ahead_of_print_indexed,oa,pmc_jats_retrieved,title_plus_pubmed_abstract_plus_pmc_jats_full_text,research-article,inferred_opening_paragraphs,inferred_finding_sections,methods_not_identified,explicit_discussion_section,14,124,2548,verified_exact_doi_title_type_language_abstract,1.0,verified_exact_doi_title_match,1.0,journal-article,cc58c60a805d2eb9bb9fface69df27c8d75bedb49021de26cc7dab92318b6b43,Europe PMC; NCBI PubMed E-utilities; Crossref,PMC JATS XML via Europe PMC (transient analysis; text not stored),https://doi.org/10.1126/science.abn1366,https://pubmed.ncbi.nlm.nih.gov/36996217/,https://pmc.ncbi.nlm.nih.gov/articles/PMC7614512/
ART-060,flagship_broad,Science,0036-8075,2023,2023-04-20,2023,Syncytial nerve net in a ctenophore adds insights on the evolution of nervous systems.,10.1126/science.ade5645,37079688,PMC7617566,neuroscience,title_abstract_keyword_heuristic,original_research_article,English,published_or_ahead_of_print_indexed,oa,pmc_jats_retrieved,title_plus_pubmed_abstract_plus_pmc_jats_full_text,research-article,inferred_opening_paragraphs,inferred_finding_sections,methods_not_identified,explicit_discussion_section,14,118,2662,verified_exact_doi_title_type_language_abstract,1.0,verified_exact_doi_title_match,1.0,journal-article,c1022a0c6b094e522a8da5d3da3a7804867561c27689c47d2102de01bccd66e1,Europe PMC; NCBI PubMed E-utilities; Crossref,PMC JATS XML via Europe PMC (transient analysis; text not stored),https://doi.org/10.1126/science.ade5645,https://pubmed.ncbi.nlm.nih.gov/37079688/,https://pmc.ncbi.nlm.nih.gov/articles/PMC7617566/
ART-061,flagship_broad,Science,0036-8075,2023,2023-08-04,2023,The genetic legacy of African Americans from Catoctin Furnace.,10.1126/science.ade4995,37535739,PMC10958645,multidisciplinary_science,title_abstract_keyword_heuristic,original_research_article,English,published_or_ahead_of_print_indexed,oa,pmc_jats_retrieved,title_plus_pubmed_abstract_plus_pmc_jats_full_text,research-article,inferred_opening_paragraphs,inferred_finding_sections,explicit_methods_section,explicit_discussion_section,9,126,6140,verified_exact_doi_title_type_language_abstract,1.0,verified_exact_doi_title_match,1.0,journal-article,fe0747a9aab5ba1e2f8297bd3c61a78a1fbc4b5e326fa20c41b93c11444f6c1f,Europe PMC; NCBI PubMed E-utilities; Crossref,PMC JATS XML via Europe PMC (transient analysis; text not stored),https://doi.org/10.1126/science.ade4995,https://pubmed.ncbi.nlm.nih.gov/37535739/,https://pmc.ncbi.nlm.nih.gov/articles/PMC10958645/
ART-062,flagship_broad,Science,0036-8075,2023,2023-11-03,2023,Sex-biased gene expression across mammalian organ development and evolution.,10.1126/science.adf1046,37917687,PMC7615307,cell_and_developmental_biology,title_abstract_keyword_heuristic,original_research_article,English,published_or_ahead_of_print_indexed,oa,pmc_jats_retrieved,title_plus_pubmed_abstract_plus_pmc_jats_full_text,research-article,inferred_opening_paragraphs,inferred_finding_sections,explicit_methods_section,explicit_discussion_section,9,126,6555,verified_exact_doi_title_type_language_abstract,1.0,verified_exact_doi_title_match,1.0,journal-article,399ef3072ca9d34ff56739f4fa5a4f50f228ca7c2c5ffdbc96f5ff3edb6b49dc,Europe PMC; NCBI PubMed E-utilities; Crossref,PMC JATS XML via Europe PMC (transient analysis; text not stored),https://doi.org/10.1126/science.adf1046,https://pubmed.ncbi.nlm.nih.gov/37917687/,https://pmc.ncbi.nlm.nih.gov/articles/PMC7615307/
ART-063,flagship_broad,Science,0036-8075,2024,2024-03-14,2024,Sister chromatid cohesion establishment during DNA replication termination.,10.1126/science.adf0224,38484038,PMC7615807,computation_and_ai,title_abstract_keyword_heuristic,original_research_article,English,published_or_ahead_of_print_indexed,oa,pmc_jats_retrieved,title_plus_pubmed_abstract_plus_pmc_jats_full_text,research-article,inferred_opening_paragraphs,explicit_results_section,methods_not_identified,explicit_discussion_section,8,128,3134,verified_exact_doi_title_type_language_abstract,1.0,verified_exact_doi_title_match,1.0,journal-article,50032abc100aa62779d52f0436be93ff65e804bf087c7f83ee7c6b141e65acdb,Europe PMC; NCBI PubMed E-utilities; Crossref,PMC JATS XML via Europe PMC (transient analysis; text not stored),https://doi.org/10.1126/science.adf0224,https://pubmed.ncbi.nlm.nih.gov/38484038/,https://pmc.ncbi.nlm.nih.gov/articles/PMC7615807/
ART-064,flagship_broad,Science,0036-8075,2024,2024-04-25,2024,Vitamin D regulates microbiome-dependent cancer immunity.,10.1126/science.adh7954,38662827,PMC7615937,immunology_and_inflammation,title_abstract_keyword_heuristic,original_research_article,English,published_or_ahead_of_print_indexed,oa,pmc_jats_retrieved,title_plus_pubmed_abstract_plus_pmc_jats_full_text,research-article,inferred_opening_paragraphs,inferred_finding_sections,methods_not_identified,explicit_discussion_section,6,130,4967,verified_exact_doi_title_type_language_abstract,1.0,verified_exact_doi_title_match,1.0,journal-article,06097ebdbb599ae739817efb0bf2a3cc7f081a41683aecbd2360b34930b64edb,Europe PMC; NCBI PubMed E-utilities; Crossref,PMC JATS XML via Europe PMC (transient analysis; text not stored),https://doi.org/10.1126/science.adh7954,https://pubmed.ncbi.nlm.nih.gov/38662827/,https://pmc.ncbi.nlm.nih.gov/articles/PMC7615937/
ART-065,flagship_broad,Science,0036-8075,2024,2024-06-28,2024,Mef2d potentiates type-2 immune responses and allergic lung inflammation.,10.1126/science.adl0370,38935708,PMC7616247,immunology_and_inflammation,title_abstract_keyword_heuristic,original_research_article,English,published_or_ahead_of_print_indexed,oa,pmc_jats_retrieved,title_plus_pubmed_abstract_plus_pmc_jats_full_text,research-article,inferred_opening_paragraphs,explicit_results_section,explicit_methods_section,explicit_discussion_section,12,142,11415,verified_exact_doi_title_type_language_abstract,1.0,verified_exact_doi_title_match,1.0,journal-article,d58ab4879a52685b2ab97d40530e560b51cca9cc3eb6dfcc8c7967617ff972f6,Europe PMC; NCBI PubMed E-utilities; Crossref,PMC JATS XML via Europe PMC (transient analysis; text not stored),https://doi.org/10.1126/science.adl0370,https://pubmed.ncbi.nlm.nih.gov/38935708/,https://pmc.ncbi.nlm.nih.gov/articles/PMC7616247/
ART-066,flagship_broad,Science,0036-8075,2024,2024-07-18,2024,Structure-guided discovery of ancestral CRISPR-Cas13 ribonucleases.,10.1126/science.adq0553,39024377,PMC12165695,infectious_disease,title_abstract_keyword_heuristic,original_research_article,English,published_or_ahead_of_print_indexed,oa,pmc_jats_retrieved,title_plus_pubmed_abstract_plus_pmc_jats_full_text,research-article,inferred_opening_paragraphs,inferred_finding_sections,methods_not_identified,inferred_closing_paragraphs,7,140,3011,verified_exact_doi_title_type_language_abstract,1.0,verified_exact_doi_title_match,1.0,journal-article,524debf6d5f43c8754630cab46a958b2d54cd2864eb68cd7685baec01a117bc3,Europe PMC; NCBI PubMed E-utilities; Crossref,PMC JATS XML via Europe PMC (transient analysis; text not stored),https://doi.org/10.1126/science.adq0553,https://pubmed.ncbi.nlm.nih.gov/39024377/,https://pmc.ncbi.nlm.nih.gov/articles/PMC12165695/
ART-067,flagship_broad,Science,0036-8075,2025,2025-03-28,2025,Hedonic eating is controlled by dopamine neurons that oppose GLP-1R satiety.,10.1126/science.adt0773,40146831,PMC12009138,neuroscience,title_abstract_keyword_heuristic,original_research_article,English,published_or_ahead_of_print_indexed,oa,pmc_jats_retrieved,title_plus_pubmed_abstract_plus_pmc_jats_full_text,research-article,inferred_opening_paragraphs,explicit_results_section,explicit_methods_section,explicit_discussion_section,13,126,12142,verified_exact_doi_title_type_language_abstract,1.0,verified_exact_doi_title_match,1.0,journal-article,5e3856c98769a13df8a0d9ac6e284a0c68d85a92d40c36d7068a4a30460376a1,Europe PMC; NCBI PubMed E-utilities; Crossref,PMC JATS XML via Europe PMC (transient analysis; text not stored),https://doi.org/10.1126/science.adt0773,https://pubmed.ncbi.nlm.nih.gov/40146831/,https://pmc.ncbi.nlm.nih.gov/articles/PMC12009138/
ART-068,flagship_broad,Science,0036-8075,2025,2025-04-03,2025,Tissue-like multicellular development triggered by mechanical compression in archaea.,10.1126/science.adu0047,40179183,PMC7617734,cell_and_developmental_biology,title_abstract_keyword_heuristic,original_research_article,English,published_or_ahead_of_print_indexed,oa,pmc_jats_retrieved,title_plus_pubmed_abstract_plus_pmc_jats_full_text,research-article,inferred_opening_paragraphs,inferred_finding_sections,methods_not_identified,inferred_closing_paragraphs,9,123,4017,verified_exact_doi_title_type_language_abstract,1.0,verified_exact_doi_title_match,1.0,journal-article,a86acce3f274a292b576b80b42db14f0f8dc5cc95368e0f7a813edac8ca0e65a,Europe PMC; NCBI PubMed E-utilities; Crossref,PMC JATS XML via Europe PMC (transient analysis; text not stored),https://doi.org/10.1126/science.adu0047,https://pubmed.ncbi.nlm.nih.gov/40179183/,https://pmc.ncbi.nlm.nih.gov/articles/PMC7617734/
ART-069,flagship_broad,Science,0036-8075,2025,2025-05-01,2025,Dimensionality reduction simplifies synaptic partner matching in an olfactory circuit.,10.1126/science.ads7633,40310920,PMC12614222,neuroscience,title_abstract_keyword_heuristic,original_research_article,English,published_or_ahead_of_print_indexed,oa,pmc_jats_retrieved,title_plus_pubmed_abstract_plus_pmc_jats_full_text,research-article,inferred_opening_paragraphs,inferred_finding_sections,methods_not_identified,explicit_discussion_section,10,122,3216,verified_exact_doi_title_type_language_abstract,1.0,verified_exact_doi_title_match,1.0,journal-article,9fecdc60181c2b037d1326520142389dfc38fbc8448838715ba95965a852c6f3,Europe PMC; NCBI PubMed E-utilities; Crossref,PMC JATS XML via Europe PMC (transient analysis; text not stored),https://doi.org/10.1126/science.ads7633,https://pubmed.ncbi.nlm.nih.gov/40310920/,https://pmc.ncbi.nlm.nih.gov/articles/PMC12614222/
ART-070,flagship_broad,Science,0036-8075,2025,2025-05-22,2025,Ancient Borrelia genomes document the evolutionary history of louse-borne relapsing fever.,10.1126/science.adr2147,40403067,PMC7617810,genomics_and_gene_regulation,title_abstract_keyword_heuristic,original_research_article,English,published_or_ahead_of_print_indexed,oa,pmc_jats_retrieved,title_plus_pubmed_abstract_plus_pmc_jats_full_text,research-article,explicit_section,explicit_results_section,explicit_methods_section,explicit_discussion_section,11,123,6332,verified_exact_doi_title_type_language_abstract,1.0,verified_exact_doi_title_match,1.0,journal-article,2dad6a7acca11005d18fa33fba4104b858b199c07101ee6f8945c1c0a32a4428,Europe PMC; NCBI PubMed E-utilities; Crossref,PMC JATS XML via Europe PMC (transient analysis; text not stored),https://doi.org/10.1126/science.adr2147,https://pubmed.ncbi.nlm.nih.gov/40403067/,https://pmc.ncbi.nlm.nih.gov/articles/PMC7617810/
ART-071,flagship_broad,Science,0036-8075,2025,2025-08-14,2025,"Platelets sequester extracellular DNA, capturing tumor-derived and free fetal DNA.",10.1126/science.adp3971,40811534,PMC7618233,cell_and_developmental_biology,title_abstract_keyword_heuristic,original_research_article,English,published_or_ahead_of_print_indexed,oa,pmc_jats_retrieved,title_plus_pubmed_abstract_plus_pmc_jats_full_text,research-article,inferred_opening_paragraphs,explicit_results_section,explicit_methods_section,explicit_discussion_section,10,123,12811,verified_exact_doi_title_type_language_abstract,1.0,verified_exact_doi_title_match,1.0,journal-article,11e578d738f3ab084d4cbd95c0edd98d9383ed0683a4f8242c405cb4e624d2d8,Europe PMC; NCBI PubMed E-utilities; Crossref,PMC JATS XML via Europe PMC (transient analysis; text not stored),https://doi.org/10.1126/science.adp3971,https://pubmed.ncbi.nlm.nih.gov/40811534/,https://pmc.ncbi.nlm.nih.gov/articles/PMC7618233/
ART-072,flagship_broad,Science,0036-8075,2026,2026-02-12,2026,A small polymerase ribozyme that can synthesize itself and its complementary strand.,10.1126/science.adt2760,41678588,PMC7618777,materials_and_condensed_matter,title_abstract_keyword_heuristic,original_research_article,English,published_or_ahead_of_print_indexed,oa,pmc_jats_retrieved,title_plus_pubmed_abstract_plus_pmc_jats_full_text,research-article,inferred_opening_paragraphs,inferred_finding_sections,methods_not_identified,explicit_discussion_section,12,128,4303,verified_exact_doi_title_type_language_abstract,1.0,verified_exact_doi_title_match,1.0,journal-article,f16d99b022da4cb41880d2c7acb9588ced9a7e9e2471c4900ed8b7e1b14edcd7,Europe PMC; NCBI PubMed E-utilities; Crossref,PMC JATS XML via Europe PMC (transient analysis; text not stored),https://doi.org/10.1126/science.adt2760,https://pubmed.ncbi.nlm.nih.gov/41678588/,https://pmc.ncbi.nlm.nih.gov/articles/PMC7618777/
ART-073,flagship_broad,Science,0036-8075,2026,2026-04-09,2026,Hyaluronic acid and tissue mechanics orchestrate mammalian digit tip regeneration.,10.1126/science.ady3136,41955369,PMC7619039,cell_and_developmental_biology,title_abstract_keyword_heuristic,original_research_article,English,published_or_ahead_of_print_indexed,oa,pmc_jats_retrieved,title_plus_pubmed_abstract_plus_pmc_jats_full_text,research-article,inferred_opening_paragraphs,inferred_finding_sections,methods_not_identified,explicit_discussion_section,10,127,4433,verified_exact_doi_title_type_language_abstract,1.0,verified_exact_doi_title_match,1.0,journal-article,5484d77fcddb07f85097872ed67850d5efe1e864d90e693f64adc42d1d3523a7,Europe PMC; NCBI PubMed E-utilities; Crossref,PMC JATS XML via Europe PMC (transient analysis; text not stored),https://doi.org/10.1126/science.ady3136,https://pubmed.ncbi.nlm.nih.gov/41955369/,https://pmc.ncbi.nlm.nih.gov/articles/PMC7619039/
ART-074,flagship_broad,Science,0036-8075,2026,2026-05-14,2026,Rewiring STAT signaling from the cell surface with Trikine immunotherapeutics.,10.1126/science.adx9954,41712697,PMC12963926,cell_and_developmental_biology,title_abstract_keyword_heuristic,original_research_article,English,published_or_ahead_of_print_indexed,oa,pmc_jats_retrieved,title_plus_pubmed_abstract_plus_pmc_jats_full_text,research-article,inferred_opening_paragraphs,inferred_finding_sections,explicit_methods_section,explicit_discussion_section,10,149,14544,verified_exact_doi_title_type_language_abstract,1.0,verified_exact_doi_title_match,1.0,journal-article,d5f48ab49e925747d047846097ff1614471340f8212ffc7d624d722f441d2fc1,Europe PMC; NCBI PubMed E-utilities; Crossref,PMC JATS XML via Europe PMC (transient analysis; text not stored),https://doi.org/10.1126/science.adx9954,https://pubmed.ncbi.nlm.nih.gov/41712697/,https://pmc.ncbi.nlm.nih.gov/articles/PMC12963926/
ART-075,flagship_broad,Science,0036-8075,2026,2026-05-21,2026,Microglia Rank signaling regulates GnRH neuronal function and the hypothalamic-pituitary-gonadal axis.,10.1126/science.aeb6999,41818388,PMC7619046,neuroscience,title_abstract_keyword_heuristic,original_research_article,English,published_or_ahead_of_print_indexed,oa,pmc_jats_retrieved,title_plus_pubmed_abstract_plus_pmc_jats_full_text,research-article,inferred_opening_paragraphs,inferred_finding_sections,explicit_methods_section,explicit_discussion_section,11,122,11275,verified_exact_doi_title_type_language_abstract,1.0,verified_exact_doi_title_match,1.0,journal-article,e728ff827f38a8a20c469528f1a35f7f133e9d10730c83fe2421aefee8faefdb,Europe PMC; NCBI PubMed E-utilities; Crossref,PMC JATS XML via Europe PMC (transient analysis; text not stored),https://doi.org/10.1126/science.aeb6999,https://pubmed.ncbi.nlm.nih.gov/41818388/,https://pmc.ncbi.nlm.nih.gov/articles/PMC7619046/
ART-076,field_selective,Nature Materials,1476-1122,2021,2021-02-08,2021,Ultrafast control of magnetic interactions via light-driven phonons.,10.1038/s41563-021-00922-7,33558717,PMC7610706,materials_and_condensed_matter,title_abstract_keyword_heuristic,original_research_article,English,published_or_ahead_of_print_indexed,oa,pmc_jats_retrieved,title_plus_pubmed_abstract_plus_pmc_jats_full_text,research-article,inferred_opening_paragraphs,inferred_finding_sections,explicit_methods_section,inferred_closing_paragraphs,8,142,3280,verified_exact_doi_title_type_language_abstract,1.0,verified_exact_doi_title_match,1.0,journal-article,e0fed5ca41401a5acc00ea77665d521b805689ae58868ae1bac3a1955c212c0b,Europe PMC; NCBI PubMed E-utilities; Crossref,PMC JATS XML via Europe PMC (transient analysis; text not stored),https://doi.org/10.1038/s41563-021-00922-7,https://pubmed.ncbi.nlm.nih.gov/33558717/,https://pmc.ncbi.nlm.nih.gov/articles/PMC7610706/
ART-077,field_selective,Nature Materials,1476-1122,2021,2021-02-18,2021,Coupled liquid crystalline oscillators in Huygens' synchrony.,10.1038/s41563-021-00931-6,33603183,PMC7612044,materials_and_condensed_matter,title_abstract_keyword_heuristic,original_research_article,English,published_or_ahead_of_print_indexed,oa,pmc_jats_retrieved,title_plus_pubmed_abstract_plus_pmc_jats_full_text,research-article,inferred_opening_paragraphs,inferred_finding_sections,explicit_methods_section,inferred_closing_paragraphs,7,147,3593,verified_exact_doi_title_type_language_abstract,1.0,verified_exact_doi_title_match,1.0,journal-article,517220e9daa2f4c690c12d32de6b17bfae27085f6714bbe8d5544044a9e0755e,Europe PMC; NCBI PubMed E-utilities; Crossref,PMC JATS XML via Europe PMC (transient analysis; text not stored),https://doi.org/10.1038/s41563-021-00931-6,https://pubmed.ncbi.nlm.nih.gov/33603183/,https://pmc.ncbi.nlm.nih.gov/articles/PMC7612044/
ART-078,field_selective,Nature Materials,1476-1122,2021,2021-07-15,2021,Microenvironment-triggered multimodal precision diagnostics.,10.1038/s41563-021-01042-y,34267368,PMC12341765,oncology,title_abstract_keyword_heuristic,original_research_article,English,published_or_ahead_of_print_indexed,oa,pmc_jats_retrieved,title_plus_pubmed_abstract_plus_pmc_jats_full_text,research-article,inferred_opening_paragraphs,inferred_finding_sections,explicit_methods_section,explicit_discussion_section,4,158,6819,verified_exact_doi_title_type_language_abstract,1.0,verified_exact_doi_title_match,1.0,journal-article,fcd94864ed3557ebc3741205cbf450971bdd985c2f99588a19391d22ea7217b9,Europe PMC; NCBI PubMed E-utilities; Crossref,PMC JATS XML via Europe PMC (transient analysis; text not stored),https://doi.org/10.1038/s41563-021-01042-y,https://pubmed.ncbi.nlm.nih.gov/34267368/,https://pmc.ncbi.nlm.nih.gov/articles/PMC12341765/
ART-079,field_selective,Nature Materials,1476-1122,2021,2021-09-13,2022,A microenvironment-inspired synthetic three-dimensional model for pancreatic ductal adenocarcinoma organoids.,10.1038/s41563-021-01085-1,34518665,PMC7612137,cell_and_developmental_biology,title_abstract_keyword_heuristic,original_research_article,English,published_or_ahead_of_print_indexed,oa,pmc_jats_retrieved,title_plus_pubmed_abstract_plus_pmc_jats_full_text,research-article,explicit_section,explicit_results_section,explicit_methods_section,explicit_discussion_section,10,148,12673,verified_exact_doi_title_type_language_abstract,1.0,verified_exact_doi_title_match,1.0,journal-article,27ee11b4115fbe4a2e00de27e30564fc563349e0159f9fdc29a9221c762e2447,Europe PMC; NCBI PubMed E-utilities; Crossref,PMC JATS XML via Europe PMC (transient analysis; text not stored),https://doi.org/10.1038/s41563-021-01085-1,https://pubmed.ncbi.nlm.nih.gov/34518665/,https://pmc.ncbi.nlm.nih.gov/articles/PMC7612137/
ART-080,field_selective,Nature Materials,1476-1122,2022,2022-02-28,2022,"Superconductivity in (Ba,K)SbO3.",10.1038/s41563-022-01203-7,35228661,PMC9156407,chemistry_and_catalysis,title_abstract_keyword_heuristic,original_research_article,English,published_or_ahead_of_print_indexed,oa,pmc_jats_retrieved,title_plus_pubmed_abstract_plus_pmc_jats_full_text,research-article,inferred_opening_paragraphs,inferred_finding_sections,explicit_methods_section,inferred_closing_paragraphs,6,167,4154,verified_exact_doi_title_type_language_abstract,0.9836,verified_exact_doi_title_match,1.0,journal-article,b0057eb065e9ca1d22d4ff78f59687358f6bc74766973b323174acd00e8a2018,Europe PMC; NCBI PubMed E-utilities; Crossref,PMC JATS XML via Europe PMC (transient analysis; text not stored),https://doi.org/10.1038/s41563-022-01203-7,https://pubmed.ncbi.nlm.nih.gov/35228661/,https://pmc.ncbi.nlm.nih.gov/articles/PMC9156407/
ART-081,field_selective,Nature Materials,1476-1122,2022,2022-05-23,2022,STING agonist delivery by tumour-penetrating PEG-lipid nanodiscs primes robust anticancer immunity.,10.1038/s41563-022-01251-z,35606429,PMC9156412,oncology,title_abstract_keyword_heuristic,original_research_article,English,published_or_ahead_of_print_indexed,oa,pmc_jats_retrieved,title_plus_pubmed_abstract_plus_pmc_jats_full_text,research-article,inferred_opening_paragraphs,explicit_results_section,explicit_methods_section,explicit_discussion_section,11,145,7776,verified_exact_doi_title_type_language_abstract,1.0,verified_exact_doi_title_match,1.0,journal-article,712fb2cab3fe76263fa95015dd14c5f83baaffa327ad682e448f71d9096eba05,Europe PMC; NCBI PubMed E-utilities; Crossref,PMC JATS XML via Europe PMC (transient analysis; text not stored),https://doi.org/10.1038/s41563-022-01251-z,https://pubmed.ncbi.nlm.nih.gov/35606429/,https://pmc.ncbi.nlm.nih.gov/articles/PMC9156412/
ART-082,field_selective,Nature Materials,1476-1122,2022,2022-05-26,2022,3D printed protein-based robotic structures actuated by molecular motor assemblies.,10.1038/s41563-022-01258-6,35618822,PMC9156402,computation_and_ai,title_abstract_keyword_heuristic,original_research_article,English,published_or_ahead_of_print_indexed,oa,pmc_jats_retrieved,title_plus_pubmed_abstract_plus_pmc_jats_full_text,research-article,inferred_opening_paragraphs,inferred_finding_sections,explicit_methods_section,conclusion_section_used,11,151,6003,verified_exact_doi_title_type_language_abstract,1.0,verified_exact_doi_title_match,1.0,journal-article,caeae1a84446303d6d09cea8ca0dc308fba466ab0ec427f5ed65db28f78cd2f5,Europe PMC; NCBI PubMed E-utilities; Crossref,PMC JATS XML via Europe PMC (transient analysis; text not stored),https://doi.org/10.1038/s41563-022-01258-6,https://pubmed.ncbi.nlm.nih.gov/35618822/,https://pmc.ncbi.nlm.nih.gov/articles/PMC9156402/
ART-083,field_selective,Nature Materials,1476-1122,2022,2022-12-30,2023,Polarity and chirality control of an active fluid by passive nematic defects.,10.1038/s41563-022-01432-w,36585435,PMC9894751,materials_and_condensed_matter,title_abstract_keyword_heuristic,original_research_article,English,published_or_ahead_of_print_indexed,oa,pmc_jats_retrieved,title_plus_pubmed_abstract_plus_pmc_jats_full_text,research-article,inferred_opening_paragraphs,inferred_finding_sections,explicit_methods_section,inferred_closing_paragraphs,12,147,5929,verified_exact_doi_title_type_language_abstract,1.0,verified_exact_doi_title_match,1.0,journal-article,81d9b5f046c4179d40e37c720912a5d7144954d790e53506e4cfcc6378601441,Europe PMC; NCBI PubMed E-utilities; Crossref,PMC JATS XML via Europe PMC (transient analysis; text not stored),https://doi.org/10.1038/s41563-022-01432-w,https://pubmed.ncbi.nlm.nih.gov/36585435/,https://pmc.ncbi.nlm.nih.gov/articles/PMC9894751/
ART-084,field_selective,Nature Materials,1476-1122,2023,2023-05-11,2023,Picophotonic localization metrology beyond thermal fluctuations.,10.1038/s41563-023-01543-y,37169973,PMC10691967,imaging_and_diagnostics,title_abstract_keyword_heuristic,original_research_article,English,published_or_ahead_of_print_indexed,oa,pmc_jats_retrieved,title_plus_pubmed_abstract_plus_pmc_jats_full_text,research-article,inferred_opening_paragraphs,inferred_finding_sections,methods_not_identified,inferred_closing_paragraphs,6,145,2540,verified_exact_doi_title_type_language_abstract,1.0,verified_exact_doi_title_match,1.0,journal-article,68b9fd005d5dbc9fcd9b2072be2cd09da1f0d5834e64c8ca7ff7d6b890fdd284,Europe PMC; NCBI PubMed E-utilities; Crossref,PMC JATS XML via Europe PMC (transient analysis; text not stored),https://doi.org/10.1038/s41563-023-01543-y,https://pubmed.ncbi.nlm.nih.gov/37169973/,https://pmc.ncbi.nlm.nih.gov/articles/PMC10691967/
ART-085,field_selective,Nature Materials,1476-1122,2023,2023-07-06,2023,Hole-limited electrochemical doping in conjugated polymers.,10.1038/s41563-023-01601-5,37414944,PMC10465356,chemistry_and_catalysis,title_abstract_keyword_heuristic,original_research_article,English,published_or_ahead_of_print_indexed,oa,pmc_jats_retrieved,title_plus_pubmed_abstract_plus_pmc_jats_full_text,research-article,inferred_opening_paragraphs,inferred_finding_sections,explicit_methods_section,explicit_discussion_section,6,152,6205,verified_exact_doi_title_type_language_abstract,1.0,verified_exact_doi_title_match,1.0,journal-article,e295d467a4a90c191f3a260119e5e8d1cd45af6a01954a605b021f90811c7ac1,Europe PMC; NCBI PubMed E-utilities; Crossref,PMC JATS XML via Europe PMC (transient analysis; text not stored),https://doi.org/10.1038/s41563-023-01601-5,https://pubmed.ncbi.nlm.nih.gov/37414944/,https://pmc.ncbi.nlm.nih.gov/articles/PMC10465356/
ART-086,field_selective,Nature Materials,1476-1122,2023,2023-07-13,2023,Spin-exchange carrier multiplication in manganese-doped colloidal quantum dots.,10.1038/s41563-023-01598-x,37443379,PMC10390332,materials_and_condensed_matter,title_abstract_keyword_heuristic,original_research_article,English,published_or_ahead_of_print_indexed,oa,pmc_jats_retrieved,title_plus_pubmed_abstract_plus_pmc_jats_full_text,research-article,inferred_opening_paragraphs,inferred_finding_sections,explicit_methods_section,explicit_discussion_section,8,186,6162,verified_exact_doi_title_type_language_abstract,1.0,verified_exact_doi_title_match,1.0,journal-article,dc5443cfaab689ddcf379c2b39495d617a8e95ba21fd121bf27530b12d5ddf4c,Europe PMC; NCBI PubMed E-utilities; Crossref,PMC JATS XML via Europe PMC (transient analysis; text not stored),https://doi.org/10.1038/s41563-023-01598-x,https://pubmed.ncbi.nlm.nih.gov/37443379/,https://pmc.ncbi.nlm.nih.gov/articles/PMC10390332/
ART-087,field_selective,Nature Materials,1476-1122,2023,2023-09-14,2023,The laminin-keratin link shields the nucleus from mechanical deformation and signalling.,10.1038/s41563-023-01657-3,37709930,PMC10627833,cell_and_developmental_biology,title_abstract_keyword_heuristic,original_research_article,English,published_or_ahead_of_print_indexed,oa,pmc_jats_retrieved,title_plus_pubmed_abstract_plus_pmc_jats_full_text,research-article,inferred_opening_paragraphs,inferred_finding_sections,explicit_methods_section,explicit_discussion_section,11,150,9441,verified_exact_doi_title_type_language_abstract,1.0,verified_exact_doi_title_match,1.0,journal-article,12c1b073baa6642b03b6eb165d661201778a85226c80671b08d1cbc75229f88c,Europe PMC; NCBI PubMed E-utilities; Crossref,PMC JATS XML via Europe PMC (transient analysis; text not stored),https://doi.org/10.1038/s41563-023-01657-3,https://pubmed.ncbi.nlm.nih.gov/37709930/,https://pmc.ncbi.nlm.nih.gov/articles/PMC10627833/
ART-088,field_selective,Nature Materials,1476-1122,2024,2024-02-02,2024,Unlocking Li superionic conductivity in face-centred cubic oxides via face-sharing configurations.,10.1038/s41563-024-01800-8,38308087,PMC10990923,chemistry_and_catalysis,title_abstract_keyword_heuristic,original_research_article,English,published_or_ahead_of_print_indexed,oa,pmc_jats_retrieved,title_plus_pubmed_abstract_plus_pmc_jats_full_text,research-article,inferred_opening_paragraphs,inferred_finding_sections,explicit_methods_section,inferred_closing_paragraphs,11,135,6786,verified_exact_doi_title_type_language_abstract,1.0,verified_exact_doi_title_match,1.0,journal-article,82f45777a52cfd93779ae3b2839889c707ddbed3cf76acdd9dbe0c9c14fe21f6,Europe PMC; NCBI PubMed E-utilities; Crossref,PMC JATS XML via Europe PMC (transient analysis; text not stored),https://doi.org/10.1038/s41563-024-01800-8,https://pubmed.ncbi.nlm.nih.gov/38308087/,https://pmc.ncbi.nlm.nih.gov/articles/PMC10990923/
ART-089,field_selective,Nature Materials,1476-1122,2024,2024-03-04,2024,Discovery of orbital ordering in Bi2Sr2CaCu2O8+x.,10.1038/s41563-024-01817-z,38438620,PMC10990940,cell_and_developmental_biology,title_abstract_keyword_heuristic,original_research_article,English,published_or_ahead_of_print_indexed,oa,pmc_jats_retrieved,title_plus_pubmed_abstract_plus_pmc_jats_full_text,research-article,inferred_opening_paragraphs,inferred_finding_sections,explicit_methods_section,inferred_closing_paragraphs,14,165,9356,verified_exact_doi_title_type_language_abstract,0.932,verified_exact_doi_title_match,1.0,journal-article,ba6c6b80aa72d8ac4b05d154ead7764795385859e60dbda52f572e0b64c91deb,Europe PMC; NCBI PubMed E-utilities; Crossref,PMC JATS XML via Europe PMC (transient analysis; text not stored),https://doi.org/10.1038/s41563-024-01817-z,https://pubmed.ncbi.nlm.nih.gov/38438620/,https://pmc.ncbi.nlm.nih.gov/articles/PMC10990940/
ART-090,field_selective,Nature Materials,1476-1122,2024,2024-04-11,2024,Harnessing instability for work hardening in multi-principal element alloys.,10.1038/s41563-024-01871-7,38605195,PMC11150159,materials_and_condensed_matter,title_abstract_keyword_heuristic,original_research_article,English,published_or_ahead_of_print_indexed,oa,pmc_jats_retrieved,title_plus_pubmed_abstract_plus_pmc_jats_full_text,research-article,inferred_opening_paragraphs,inferred_finding_sections,explicit_methods_section,explicit_discussion_section,9,204,9234,verified_exact_doi_title_type_language_abstract,1.0,verified_exact_doi_title_match,1.0,journal-article,dab7d424719aa0616250b9204e41b68a28d19732516c187353e75b0ea0757ecf,Europe PMC; NCBI PubMed E-utilities; Crossref,PMC JATS XML via Europe PMC (transient analysis; text not stored),https://doi.org/10.1038/s41563-024-01871-7,https://pubmed.ncbi.nlm.nih.gov/38605195/,https://pmc.ncbi.nlm.nih.gov/articles/PMC11150159/
ART-091,field_selective,Nature Materials,1476-1122,2024,2024-10-01,2025,A family of dual-anion-based sodium superionic conductors for all-solid-state sodium-ion batteries.,10.1038/s41563-024-02011-x,39354087,PMC11685097,chemistry_and_catalysis,title_abstract_keyword_heuristic,original_research_article,English,published_or_ahead_of_print_indexed,oa,pmc_jats_retrieved,title_plus_pubmed_abstract_plus_pmc_jats_full_text,research-article,inferred_opening_paragraphs,inferred_finding_sections,explicit_methods_section,inferred_closing_paragraphs,11,177,6087,verified_exact_doi_title_type_language_abstract,1.0,verified_exact_doi_title_match,1.0,journal-article,520fef8b78a42318e16fc420821b6a7569aaf184ceb6acc5208c508e6d1aba05,Europe PMC; NCBI PubMed E-utilities; Crossref,PMC JATS XML via Europe PMC (transient analysis; text not stored),https://doi.org/10.1038/s41563-024-02011-x,https://pubmed.ncbi.nlm.nih.gov/39354087/,https://pmc.ncbi.nlm.nih.gov/articles/PMC11685097/
ART-092,field_selective,Nature Materials,1476-1122,2025,2025-01-03,2025,A magneto-thermoelectric with a high figure of merit in topological insulator Bi88Sb12.,10.1038/s41563-024-02059-9,39753855,PMC11698688,materials_and_condensed_matter,title_abstract_keyword_heuristic,original_research_article,English,published_or_ahead_of_print_indexed,oa,pmc_jats_retrieved,title_plus_pubmed_abstract_plus_pmc_jats_full_text,research-article,inferred_opening_paragraphs,inferred_finding_sections,explicit_methods_section,inferred_closing_paragraphs,15,140,5124,verified_exact_doi_title_type_language_abstract,0.9829,verified_exact_doi_title_match,1.0,journal-article,6d4d3e776947d6fc53b41807a81323d118ffc2a7289cc0d04fc851dd8ffc4123,Europe PMC; NCBI PubMed E-utilities; Crossref,PMC JATS XML via Europe PMC (transient analysis; text not stored),https://doi.org/10.1038/s41563-024-02059-9,https://pubmed.ncbi.nlm.nih.gov/39753855/,https://pmc.ncbi.nlm.nih.gov/articles/PMC11698688/
ART-093,field_selective,Nature Materials,1476-1122,2025,2025-03-07,2025,Stiff and self-healing hydrogels by polymer entanglements in co-planar nanoconfinement.,10.1038/s41563-025-02146-5,40055539,PMC11961364,materials_and_condensed_matter,title_abstract_keyword_heuristic,original_research_article,English,published_or_ahead_of_print_indexed,oa,pmc_jats_retrieved,title_plus_pubmed_abstract_plus_pmc_jats_full_text,research-article,inferred_opening_paragraphs,inferred_finding_sections,explicit_methods_section,conclusion_section_used,10,154,7155,verified_exact_doi_title_type_language_abstract,1.0,verified_exact_doi_title_match,1.0,journal-article,002c17d9f37e40f128970a2eff19af8401d785e898450b54f3a17090f87a9023,Europe PMC; NCBI PubMed E-utilities; Crossref,PMC JATS XML via Europe PMC (transient analysis; text not stored),https://doi.org/10.1038/s41563-025-02146-5,https://pubmed.ncbi.nlm.nih.gov/40055539/,https://pmc.ncbi.nlm.nih.gov/articles/PMC11961364/
ART-094,field_selective,Nature Materials,1476-1122,2025,2025-03-14,2025,Force transmission is a master regulator of mechanical cell competition.,10.1038/s41563-025-02150-9,40087537,PMC12133594,cell_and_developmental_biology,title_abstract_keyword_heuristic,original_research_article,English,published_or_ahead_of_print_indexed,oa,pmc_jats_retrieved,title_plus_pubmed_abstract_plus_pmc_jats_full_text,research-article,inferred_opening_paragraphs,inferred_finding_sections,explicit_methods_section,inferred_closing_paragraphs,10,165,11044,verified_exact_doi_title_type_language_abstract,1.0,verified_exact_doi_title_match,1.0,journal-article,9da958e007128ca947b6c76ce1a73fb575b08dfc833685d48a0c6d5a8a4457e9,Europe PMC; NCBI PubMed E-utilities; Crossref,PMC JATS XML via Europe PMC (transient analysis; text not stored),https://doi.org/10.1038/s41563-025-02150-9,https://pubmed.ncbi.nlm.nih.gov/40087537/,https://pmc.ncbi.nlm.nih.gov/articles/PMC12133594/
ART-095,field_selective,Nature Materials,1476-1122,2025,2025-06-12,2025,Hybrid hydrogel-extracellular matrix scaffolds identify biochemical and mechanical signatures of cardiac ageing.,10.1038/s41563-025-02234-6,40506498,PMC12404999,cell_and_developmental_biology,title_abstract_keyword_heuristic,original_research_article,English,published_or_ahead_of_print_indexed,oa,pmc_jats_retrieved,title_plus_pubmed_abstract_plus_pmc_jats_full_text,research-article,inferred_opening_paragraphs,inferred_finding_sections,explicit_methods_section,inferred_closing_paragraphs,12,184,11037,verified_exact_doi_title_type_language_abstract,1.0,verified_exact_doi_title_match,1.0,journal-article,beb267181b442c2483559e42eb1897127fd5235a4d898a41deb18b1c4eb2f570,Europe PMC; NCBI PubMed E-utilities; Crossref,PMC JATS XML via Europe PMC (transient analysis; text not stored),https://doi.org/10.1038/s41563-025-02234-6,https://pubmed.ncbi.nlm.nih.gov/40506498/,https://pmc.ncbi.nlm.nih.gov/articles/PMC12404999/
ART-096,field_selective,Nature Materials,1476-1122,2025,2025-10-10,2026,Multiple freezing-melting pathways of high-density ice through ice XXI phase at room temperature.,10.1038/s41563-025-02364-x,41073658,PMC12867761,oncology,title_abstract_keyword_heuristic,original_research_article,English,published_or_ahead_of_print_indexed,oa,pmc_jats_retrieved,title_plus_pubmed_abstract_plus_pmc_jats_full_text,research-article,inferred_opening_paragraphs,explicit_results_section,explicit_methods_section,explicit_discussion_section,13,153,4717,verified_exact_doi_title_type_language_abstract,1.0,verified_exact_doi_title_match,1.0,journal-article,de9f113c9f5b8a3e5e99ba049d996101c2522dc9083e91483372da7fbe607858,Europe PMC; NCBI PubMed E-utilities; Crossref,PMC JATS XML via Europe PMC (transient analysis; text not stored),https://doi.org/10.1038/s41563-025-02364-x,https://pubmed.ncbi.nlm.nih.gov/41073658/,https://pmc.ncbi.nlm.nih.gov/articles/PMC12867761/
ART-097,field_selective,Nature Materials,1476-1122,2026,2026-02-20,2026,Restoring the tumour mechanophenotype of vocal fold cancer reverts its malignant properties.,10.1038/s41563-025-02473-7,41721007,PMC13143829,oncology,title_abstract_keyword_heuristic,original_research_article,English,published_or_ahead_of_print_indexed,oa,pmc_jats_retrieved,title_plus_pubmed_abstract_plus_pmc_jats_full_text,research-article,inferred_opening_paragraphs,inferred_finding_sections,explicit_methods_section,inferred_closing_paragraphs,12,187,15037,verified_exact_doi_title_type_language_abstract,1.0,verified_exact_doi_title_match,1.0,journal-article,066583cd006f6617cc91973b81049086e9f33f9d7582844acbf2d2b92cc97e6b,Europe PMC; NCBI PubMed E-utilities; Crossref,PMC JATS XML via Europe PMC (transient analysis; text not stored),https://doi.org/10.1038/s41563-025-02473-7,https://pubmed.ncbi.nlm.nih.gov/41721007/,https://pmc.ncbi.nlm.nih.gov/articles/PMC13143829/
ART-098,field_selective,Nature Materials,1476-1122,2026,2026-02-27,2026,Molecular factors controlling charge pair generation in organic photovoltaic materials.,10.1038/s41563-026-02509-6,41760948,PMC13323082,materials_and_condensed_matter,title_abstract_keyword_heuristic,original_research_article,English,published_or_ahead_of_print_indexed,oa,pmc_jats_retrieved,title_plus_pubmed_abstract_plus_pmc_jats_full_text,research-article,inferred_opening_paragraphs,inferred_finding_sections,explicit_methods_section,explicit_discussion_section,10,158,8620,verified_exact_doi_title_type_language_abstract,1.0,verified_exact_doi_title_match,1.0,journal-article,99f00dbbf44ba15f981aa6c853590328803ec9963ded2f6af2cc9ca4ed3a3acb,Europe PMC; NCBI PubMed E-utilities; Crossref,PMC JATS XML via Europe PMC (transient analysis; text not stored),https://doi.org/10.1038/s41563-026-02509-6,https://pubmed.ncbi.nlm.nih.gov/41760948/,https://pmc.ncbi.nlm.nih.gov/articles/PMC13323082/
ART-099,field_selective,Nature Materials,1476-1122,2026,2026-03-19,2026,Optically detected nuclear magnetic resonance of coherent spins in a molecular complex.,10.1038/s41563-026-02539-0,41857428,PMC13323051,materials_and_condensed_matter,title_abstract_keyword_heuristic,original_research_article,English,published_or_ahead_of_print_indexed,oa,pmc_jats_retrieved,title_plus_pubmed_abstract_plus_pmc_jats_full_text,research-article,inferred_opening_paragraphs,inferred_finding_sections,methods_not_identified,inferred_closing_paragraphs,12,156,3645,verified_exact_doi_title_type_language_abstract,1.0,verified_exact_doi_title_match,1.0,journal-article,a1bd94e6f84e86e6a498bf733783a53de8e3c594e2b21001df544c3f6bd29707,Europe PMC; NCBI PubMed E-utilities; Crossref,PMC JATS XML via Europe PMC (transient analysis; text not stored),https://doi.org/10.1038/s41563-026-02539-0,https://pubmed.ncbi.nlm.nih.gov/41857428/,https://pmc.ncbi.nlm.nih.gov/articles/PMC13323051/
ART-100,field_selective,Nature Materials,1476-1122,2026,2026-03-23,2026,Mechanisms of active wetting and fluidification in epithelial cell collectives.,10.1038/s41563-026-02553-2,41872301,PMC13323089,cell_and_developmental_biology,title_abstract_keyword_heuristic,original_research_article,English,published_or_ahead_of_print_indexed,oa,pmc_jats_retrieved,title_plus_pubmed_abstract_plus_pmc_jats_full_text,research-article,inferred_opening_paragraphs,inferred_finding_sections,explicit_methods_section,inferred_closing_paragraphs,10,182,16584,verified_exact_doi_title_type_language_abstract,1.0,verified_exact_doi_title_match,1.0,journal-article,a709356c77de6673d1c6fd6d9305f8a539794944cdaf66ddc9a40c22631c76e6,Europe PMC; NCBI PubMed E-utilities; Crossref,PMC JATS XML via Europe PMC (transient analysis; text not stored),https://doi.org/10.1038/s41563-026-02553-2,https://pubmed.ncbi.nlm.nih.gov/41872301/,https://pmc.ncbi.nlm.nih.gov/articles/PMC13323089/
ART-101,field_selective,Nature Biomedical Engineering,2157-846X,2021,2021-03-15,2021,Transcranial ultrafast ultrasound localization microscopy of brain vasculature in patients.,10.1038/s41551-021-00697-x,33723412,PMC7610356,neuroscience,title_abstract_keyword_heuristic,original_research_article,English,published_or_ahead_of_print_indexed,oa,pmc_jats_retrieved,title_plus_pubmed_abstract_plus_pmc_jats_full_text,research-article,inferred_opening_paragraphs,explicit_results_section,explicit_methods_section,explicit_discussion_section,10,148,7475,verified_exact_doi_title_type_language_abstract,1.0,verified_exact_doi_title_match,1.0,journal-article,bd7ed45dfe48151d2fb9a8c76f56222e31280b031c65d77593dcca0e2d08f7e2,Europe PMC; NCBI PubMed E-utilities; Crossref,PMC JATS XML via Europe PMC (transient analysis; text not stored),https://doi.org/10.1038/s41551-021-00697-x,https://pubmed.ncbi.nlm.nih.gov/33723412/,https://pmc.ncbi.nlm.nih.gov/articles/PMC7610356/
ART-102,field_selective,Nature Biomedical Engineering,2157-846X,2021,2021-05-03,2022,Compression and amplification algorithms in hearing aids impair the selectivity of neural responses to speech.,10.1038/s41551-021-00707-y,33941898,PMC7612903,neuroscience,title_abstract_keyword_heuristic,original_research_article,English,published_or_ahead_of_print_indexed,oa,pmc_jats_retrieved,title_plus_pubmed_abstract_plus_pmc_jats_full_text,research-article,inferred_opening_paragraphs,explicit_results_section,explicit_methods_section,explicit_discussion_section,15,117,8543,verified_exact_doi_title_type_language_abstract,1.0,verified_exact_doi_title_match,1.0,journal-article,6d92996b009a90af568b850ff61e1c805518cac5c8a5d9fc599d1cbd14b3abb6,Europe PMC; NCBI PubMed E-utilities; Crossref,PMC JATS XML via Europe PMC (transient analysis; text not stored),https://doi.org/10.1038/s41551-021-00707-y,https://pubmed.ncbi.nlm.nih.gov/33941898/,https://pmc.ncbi.nlm.nih.gov/articles/PMC7612903/
ART-103,field_selective,Nature Biomedical Engineering,2157-846X,2021,2021-05-24,2021,Shear-stress sensing by PIEZO1 regulates tendon stiffness in rodents and influences jumping performance in humans.,10.1038/s41551-021-00716-x,34031557,PMC7612848,cell_and_developmental_biology,title_abstract_keyword_heuristic,original_research_article,English,published_or_ahead_of_print_indexed,oa,pmc_jats_retrieved,title_plus_pubmed_abstract_plus_pmc_jats_full_text,research-article,inferred_opening_paragraphs,explicit_results_section,explicit_methods_section,explicit_discussion_section,16,175,9009,verified_exact_doi_title_type_language_abstract,1.0,verified_exact_doi_title_match,1.0,journal-article,de8561888126dc3fc59eec42debbe498e94be944259bbfd0b1cb606b6eb9accf,Europe PMC; NCBI PubMed E-utilities; Crossref,PMC JATS XML via Europe PMC (transient analysis; text not stored),https://doi.org/10.1038/s41551-021-00716-x,https://pubmed.ncbi.nlm.nih.gov/34031557/,https://pmc.ncbi.nlm.nih.gov/articles/PMC7612848/
ART-104,field_selective,Nature Biomedical Engineering,2157-846X,2021,2021-12-06,2021,Cancer-cell stiffening via cholesterol depletion enhances adoptive T-cell immunotherapy.,10.1038/s41551-021-00826-6,34873307,PMC7612108,cell_and_developmental_biology,title_abstract_keyword_heuristic,original_research_article,English,published_or_ahead_of_print_indexed,oa,pmc_jats_retrieved,title_plus_pubmed_abstract_plus_pmc_jats_full_text,research-article,inferred_opening_paragraphs,explicit_results_section,explicit_methods_section,explicit_discussion_section,9,152,11962,verified_exact_doi_title_type_language_abstract,1.0,verified_exact_doi_title_match,1.0,journal-article,c9f0c07b55fd87b88945f0ebf0c3610466aff458f809e96eda9dd2475ba38dcb,Europe PMC; NCBI PubMed E-utilities; Crossref,PMC JATS XML via Europe PMC (transient analysis; text not stored),https://doi.org/10.1038/s41551-021-00826-6,https://pubmed.ncbi.nlm.nih.gov/34873307/,https://pmc.ncbi.nlm.nih.gov/articles/PMC7612108/
ART-105,field_selective,Nature Biomedical Engineering,2157-846X,2022,2022-03-07,2022,Field validation of the performance of paper-based tests for the detection of the Zika and chikungunya viruses in serum samples.,10.1038/s41551-022-00850-0,35256758,PMC8940623,infectious_disease,title_abstract_keyword_heuristic,original_research_article,English,published_or_ahead_of_print_indexed,oa,pmc_jats_retrieved,title_plus_pubmed_abstract_plus_pmc_jats_full_text,research-article,inferred_opening_paragraphs,explicit_results_section,explicit_methods_section,explicit_discussion_section,20,166,8405,verified_exact_doi_title_type_language_abstract,1.0,verified_exact_doi_title_match,1.0,journal-article,5b587afec5c9bd0838ab43be64e1222c292f582504908615a6880e01f315a53f,Europe PMC; NCBI PubMed E-utilities; Crossref,PMC JATS XML via Europe PMC (transient analysis; text not stored),https://doi.org/10.1038/s41551-022-00850-0,https://pubmed.ncbi.nlm.nih.gov/35256758/,https://pmc.ncbi.nlm.nih.gov/articles/PMC8940623/
ART-106,field_selective,Nature Biomedical Engineering,2157-846X,2022,2022-03-21,2022,Screening for modulators of the cellular composition of gut epithelia via organoid models of intestinal stem cell differentiation.,10.1038/s41551-022-00863-9,35314801,PMC9046079,cell_and_developmental_biology,title_abstract_keyword_heuristic,original_research_article,English,published_or_ahead_of_print_indexed,oa,pmc_jats_retrieved,title_plus_pubmed_abstract_plus_pmc_jats_full_text,research-article,inferred_opening_paragraphs,explicit_results_section,explicit_methods_section,explicit_discussion_section,18,171,15366,verified_exact_doi_title_type_language_abstract,1.0,verified_exact_doi_title_match,1.0,journal-article,e095019cca6088c411fed042119cf85385adbac952e47d36cf672c6102028c81,Europe PMC; NCBI PubMed E-utilities; Crossref,PMC JATS XML via Europe PMC (transient analysis; text not stored),https://doi.org/10.1038/s41551-022-00863-9,https://pubmed.ncbi.nlm.nih.gov/35314801/,https://pmc.ncbi.nlm.nih.gov/articles/PMC9046079/
ART-107,field_selective,Nature Biomedical Engineering,2157-846X,2022,2022-06-23,2022,Nutritional deficiency in an intestine-on-a-chip recapitulates injury hallmarks associated with environmental enteric dysfunction.,10.1038/s41551-022-00899-x,35739419,PMC9652151,translational_and_clinical,title_abstract_keyword_heuristic,original_research_article,English,published_or_ahead_of_print_indexed,oa,pmc_jats_retrieved,title_plus_pubmed_abstract_plus_pmc_jats_full_text,research-article,inferred_opening_paragraphs,explicit_results_section,explicit_methods_section,explicit_discussion_section,13,169,7367,verified_exact_doi_title_type_language_abstract,1.0,verified_exact_doi_title_match,1.0,journal-article,0e3b30fd47150837f3c98e4afc28d334bcbdde59f12b088a7c3b43b04ed7af0d,Europe PMC; NCBI PubMed E-utilities; Crossref,PMC JATS XML via Europe PMC (transient analysis; text not stored),https://doi.org/10.1038/s41551-022-00899-x,https://pubmed.ncbi.nlm.nih.gov/35739419/,https://pmc.ncbi.nlm.nih.gov/articles/PMC9652151/
ART-108,field_selective,Nature Biomedical Engineering,2157-846X,2022,2022-10-20,2023,Closed-loop optogenetic control of the dynamics of neural activity in non-human primates.,10.1038/s41551-022-00945-8,36266536,PMC7614485,neuroscience,title_abstract_keyword_heuristic,original_research_article,English,published_or_ahead_of_print_indexed,oa,pmc_jats_retrieved,title_plus_pubmed_abstract_plus_pmc_jats_full_text,research-article,inferred_opening_paragraphs,explicit_results_section,explicit_methods_section,explicit_discussion_section,12,168,8880,verified_exact_doi_title_type_language_abstract,1.0,verified_exact_doi_title_match,1.0,journal-article,9d0bd43397e9a65412ef04d9084546fe7e5abf8ca22846aea56a351bc17d857d,Europe PMC; NCBI PubMed E-utilities; Crossref,PMC JATS XML via Europe PMC (transient analysis; text not stored),https://doi.org/10.1038/s41551-022-00945-8,https://pubmed.ncbi.nlm.nih.gov/36266536/,https://pmc.ncbi.nlm.nih.gov/articles/PMC7614485/
ART-109,field_selective,Nature Biomedical Engineering,2157-846X,2023,2023-04-03,2023,High-throughput spatiotemporal monitoring of single-cell secretions via plasmonic microwell arrays.,10.1038/s41551-023-01017-1,37012313,PMC10365996,cell_and_developmental_biology,title_abstract_keyword_heuristic,original_research_article,English,published_or_ahead_of_print_indexed,oa,pmc_jats_retrieved,title_plus_pubmed_abstract_plus_pmc_jats_full_text,research-article,inferred_opening_paragraphs,explicit_results_section,explicit_methods_section,explicit_discussion_section,10,159,11781,verified_exact_doi_title_type_language_abstract,1.0,verified_exact_doi_title_match,1.0,journal-article,eb95bd2344b895ec092d5178768140e187acdbd58066721cdf42dbd9c3c72fa3,Europe PMC; NCBI PubMed E-utilities; Crossref,PMC JATS XML via Europe PMC (transient analysis; text not stored),https://doi.org/10.1038/s41551-023-01017-1,https://pubmed.ncbi.nlm.nih.gov/37012313/,https://pmc.ncbi.nlm.nih.gov/articles/PMC10365996/
ART-110,field_selective,Nature Biomedical Engineering,2157-846X,2023,2023-06-22,2023,Rapid and stain-free quantification of viral plaque via lens-free holography and deep learning.,10.1038/s41551-023-01057-7,37349390,PMC10427422,infectious_disease,title_abstract_keyword_heuristic,original_research_article,English,published_or_ahead_of_print_indexed,oa,pmc_jats_retrieved,title_plus_pubmed_abstract_plus_pmc_jats_full_text,research-article,inferred_opening_paragraphs,explicit_results_section,explicit_methods_section,explicit_discussion_section,13,179,8551,verified_exact_doi_title_type_language_abstract,1.0,verified_exact_doi_title_match,1.0,journal-article,27c60f7b781e1425bc0ae12a51dae4a467f49d82e78423db0b74f1eede06c47f,Europe PMC; NCBI PubMed E-utilities; Crossref,PMC JATS XML via Europe PMC (transient analysis; text not stored),https://doi.org/10.1038/s41551-023-01057-7,https://pubmed.ncbi.nlm.nih.gov/37349390/,https://pmc.ncbi.nlm.nih.gov/articles/PMC10427422/
ART-111,field_selective,Nature Biomedical Engineering,2157-846X,2023,2023-09-25,2023,Allometrically scaling tissue forces drive pathological foreign-body responses to implants via Rac2-activated myeloid cells.,10.1038/s41551-023-01091-5,37749310,PMC10651488,cell_and_developmental_biology,title_abstract_keyword_heuristic,original_research_article,English,published_or_ahead_of_print_indexed,oa,pmc_jats_retrieved,title_plus_pubmed_abstract_plus_pmc_jats_full_text,research-article,inferred_opening_paragraphs,inferred_finding_sections,explicit_methods_section,explicit_discussion_section,16,164,10101,verified_exact_doi_title_type_language_abstract,1.0,verified_exact_doi_title_match,1.0,journal-article,3d8df91afeafeec819b59b6c475379582ec97b277c995da3dd810aca6ccccef5,Europe PMC; NCBI PubMed E-utilities; Crossref,PMC JATS XML via Europe PMC (transient analysis; text not stored),https://doi.org/10.1038/s41551-023-01091-5,https://pubmed.ncbi.nlm.nih.gov/37749310/,https://pmc.ncbi.nlm.nih.gov/articles/PMC10651488/
ART-112,field_selective,Nature Biomedical Engineering,2157-846X,2023,2023-12-11,2024,Dynamical flexible inference of nonlinear latent factors and structures in neural population activity.,10.1038/s41551-023-01106-1,38082181,PMC11735406,neuroscience,title_abstract_keyword_heuristic,original_research_article,English,published_or_ahead_of_print_indexed,oa,pmc_jats_retrieved,title_plus_pubmed_abstract_plus_pmc_jats_full_text,research-article,inferred_opening_paragraphs,explicit_results_section,explicit_methods_section,explicit_discussion_section,13,174,16787,verified_exact_doi_title_type_language_abstract,1.0,verified_exact_doi_title_match,1.0,journal-article,645c69dfa4735c0ae3fe4045dcc324172aa3aafb7e41abe1d3ec619a04e47887,Europe PMC; NCBI PubMed E-utilities; Crossref,PMC JATS XML via Europe PMC (transient analysis; text not stored),https://doi.org/10.1038/s41551-023-01106-1,https://pubmed.ncbi.nlm.nih.gov/38082181/,https://pmc.ncbi.nlm.nih.gov/articles/PMC11735406/
ART-113,field_selective,Nature Biomedical Engineering,2157-846X,2024,2024-06-17,2024,Enhancement of erythropoietic output by Cas9-mediated insertion of a natural variant in haematopoietic stem and progenitor cells.,10.1038/s41551-024-01222-6,38886504,PMC11668683,cell_and_developmental_biology,title_abstract_keyword_heuristic,original_research_article,English,published_or_ahead_of_print_indexed,oa,pmc_jats_retrieved,title_plus_pubmed_abstract_plus_pmc_jats_full_text,research-article,inferred_opening_paragraphs,explicit_results_section,explicit_methods_section,explicit_discussion_section,19,158,7468,verified_exact_doi_title_type_language_abstract,1.0,verified_exact_doi_title_match,1.0,journal-article,52c1cc520f7711ea7db738577a43ec3d3ff129db4b601b78b5a0811463e074e8,Europe PMC; NCBI PubMed E-utilities; Crossref,PMC JATS XML via Europe PMC (transient analysis; text not stored),https://doi.org/10.1038/s41551-024-01222-6,https://pubmed.ncbi.nlm.nih.gov/38886504/,https://pmc.ncbi.nlm.nih.gov/articles/PMC11668683/
ART-114,field_selective,Nature Biomedical Engineering,2157-846X,2024,2024-07-18,2024,Profiling protein-protein interactions to predict the efficacy of B-cell-lymphoma-2-homology-3 mimetics for acute myeloid leukaemia.,10.1038/s41551-024-01241-3,39025942,PMC11584402,translational_and_clinical,title_abstract_keyword_heuristic,original_research_article,English,published_or_ahead_of_print_indexed,oa,pmc_jats_retrieved,title_plus_pubmed_abstract_plus_pmc_jats_full_text,research-article,inferred_opening_paragraphs,explicit_results_section,explicit_methods_section,explicit_discussion_section,17,185,12589,verified_exact_doi_title_type_language_abstract,1.0,verified_exact_doi_title_match,1.0,journal-article,60abff8d42291abd22369e44961127f7ec5f2b55add35d11c4e9c01ef59d8bc3,Europe PMC; NCBI PubMed E-utilities; Crossref,PMC JATS XML via Europe PMC (transient analysis; text not stored),https://doi.org/10.1038/s41551-024-01241-3,https://pubmed.ncbi.nlm.nih.gov/39025942/,https://pmc.ncbi.nlm.nih.gov/articles/PMC11584402/
ART-115,field_selective,Nature Biomedical Engineering,2157-846X,2024,2024-09-25,2024,Engineered allogeneic T cells decoupling T-cell-receptor and CD3 signalling enhance the antitumour activity of bispecific antibodies.,10.1038/s41551-024-01255-x,39322719,PMC11668682,cell_and_developmental_biology,title_abstract_keyword_heuristic,original_research_article,English,published_or_ahead_of_print_indexed,oa,pmc_jats_retrieved,title_plus_pubmed_abstract_plus_pmc_jats_full_text,research-article,inferred_opening_paragraphs,explicit_results_section,explicit_methods_section,explicit_discussion_section,17,162,10870,verified_exact_doi_title_type_language_abstract,1.0,verified_exact_doi_title_match,1.0,journal-article,aeacdd00de8c124e3f5b5f3efdde6153fa4bb7edd155ba93dcd46640e02907f7,Europe PMC; NCBI PubMed E-utilities; Crossref,PMC JATS XML via Europe PMC (transient analysis; text not stored),https://doi.org/10.1038/s41551-024-01255-x,https://pubmed.ncbi.nlm.nih.gov/39322719/,https://pmc.ncbi.nlm.nih.gov/articles/PMC11668682/
ART-116,field_selective,Nature Biomedical Engineering,2157-846X,2024,2024-11-08,2025,A stealthy neural recorder for the study of behaviour in primates.,10.1038/s41551-024-01280-w,39516303,PMC12176640,neuroscience,title_abstract_keyword_heuristic,original_research_article,English,published_or_ahead_of_print_indexed,oa,pmc_jats_retrieved,title_plus_pubmed_abstract_plus_pmc_jats_full_text,research-article,inferred_opening_paragraphs,explicit_results_section,explicit_methods_section,explicit_discussion_section,11,157,9321,verified_exact_doi_title_type_language_abstract,1.0,verified_exact_doi_title_match,1.0,journal-article,15feaed64605de5eb2fc6479bfa45714829df872355fc25b7253ecb77d197223,Europe PMC; NCBI PubMed E-utilities; Crossref,PMC JATS XML via Europe PMC (transient analysis; text not stored),https://doi.org/10.1038/s41551-024-01280-w,https://pubmed.ncbi.nlm.nih.gov/39516303/,https://pmc.ncbi.nlm.nih.gov/articles/PMC12176640/
ART-117,field_selective,Nature Biomedical Engineering,2157-846X,2025,2025-06-06,2025,A deep learning system for detecting silent brain infarction and predicting stroke risk.,10.1038/s41551-025-01413-9,40481238,PMC12623247,neuroscience,title_abstract_keyword_heuristic,original_research_article,English,published_or_ahead_of_print_indexed,oa,pmc_jats_retrieved,title_plus_pubmed_abstract_plus_pmc_jats_full_text,research-article,inferred_opening_paragraphs,explicit_results_section,explicit_methods_section,explicit_discussion_section,13,179,8473,verified_exact_doi_title_type_language_abstract,1.0,verified_exact_doi_title_match,1.0,journal-article,6b6bc443014ca7ad272f78dad5d7bb0ee3229fd04b86d03e6b8cbad41dfcb316,Europe PMC; NCBI PubMed E-utilities; Crossref,PMC JATS XML via Europe PMC (transient analysis; text not stored),https://doi.org/10.1038/s41551-025-01413-9,https://pubmed.ncbi.nlm.nih.gov/40481238/,https://pmc.ncbi.nlm.nih.gov/articles/PMC12623247/
ART-118,field_selective,Nature Biomedical Engineering,2157-846X,2025,2025-07-02,2025,A fuzzy sequencer for rapid DNA fragment counting and genotyping.,10.1038/s41551-025-01430-8,40603748,PMC12705452,chemistry_and_catalysis,title_abstract_keyword_heuristic,original_research_article,English,published_or_ahead_of_print_indexed,oa,pmc_jats_retrieved,title_plus_pubmed_abstract_plus_pmc_jats_full_text,research-article,inferred_opening_paragraphs,explicit_results_section,explicit_methods_section,explicit_discussion_section,10,136,9678,verified_exact_doi_title_type_language_abstract,1.0,verified_exact_doi_title_match,1.0,journal-article,6b6a857bf54f4945e274227949a759bce193c151f3e057057ba34b8ee662aeb7,Europe PMC; NCBI PubMed E-utilities; Crossref,PMC JATS XML via Europe PMC (transient analysis; text not stored),https://doi.org/10.1038/s41551-025-01430-8,https://pubmed.ncbi.nlm.nih.gov/40603748/,https://pmc.ncbi.nlm.nih.gov/articles/PMC12705452/
ART-119,field_selective,Nature Biomedical Engineering,2157-846X,2025,2025-07-14,2026,Label-free protein-structure-sensitive live-cell microscopy for patient-specific assessment of myeloma therapy.,10.1038/s41551-025-01443-3,40659832,PMC12823395,translational_and_clinical,title_abstract_keyword_heuristic,original_research_article,English,published_or_ahead_of_print_indexed,oa,pmc_jats_retrieved,title_plus_pubmed_abstract_plus_pmc_jats_full_text,research-article,inferred_opening_paragraphs,inferred_finding_sections,explicit_methods_section,inferred_closing_paragraphs,10,177,9018,verified_exact_doi_title_type_language_abstract,1.0,verified_exact_doi_title_match,1.0,journal-article,48bd699d06a12203327c0fdfac0079395564797a547e7f34974bf35688149b46,Europe PMC; NCBI PubMed E-utilities; Crossref,PMC JATS XML via Europe PMC (transient analysis; text not stored),https://doi.org/10.1038/s41551-025-01443-3,https://pubmed.ncbi.nlm.nih.gov/40659832/,https://pmc.ncbi.nlm.nih.gov/articles/PMC12823395/
ART-120,field_selective,Nature Biomedical Engineering,2157-846X,2025,2025-09-23,2026,A collaborative large language model for drug analysis.,10.1038/s41551-025-01471-z,40987953,PMC13190338,computation_and_ai,title_abstract_keyword_heuristic,original_research_article,English,published_or_ahead_of_print_indexed,oa,pmc_jats_retrieved,title_plus_pubmed_abstract_plus_pmc_jats_full_text,research-article,inferred_opening_paragraphs,explicit_results_section,explicit_methods_section,explicit_discussion_section,8,164,8694,verified_exact_doi_title_type_language_abstract,1.0,verified_exact_doi_title_match,1.0,journal-article,7b1ea385aeea6571246e2b4ff6bd09d6c65a116381dcf4eb4e0ee2c506945398,Europe PMC; NCBI PubMed E-utilities; Crossref,PMC JATS XML via Europe PMC (transient analysis; text not stored),https://doi.org/10.1038/s41551-025-01471-z,https://pubmed.ncbi.nlm.nih.gov/40987953/,https://pmc.ncbi.nlm.nih.gov/articles/PMC13190338/
ART-121,field_selective,Nature Biomedical Engineering,2157-846X,2025,2025-10-01,2026,Benchmarking foundation models as feature extractors for weakly supervised computational pathology.,10.1038/s41551-025-01516-3,41034516,PMC13279263,computation_and_ai,title_abstract_keyword_heuristic,original_research_article,English,published_or_ahead_of_print_indexed,oa,pmc_jats_retrieved,title_plus_pubmed_abstract_plus_pmc_jats_full_text,research-article,inferred_opening_paragraphs,explicit_results_section,explicit_methods_section,explicit_discussion_section,11,178,6654,verified_exact_doi_title_type_language_abstract,1.0,verified_exact_doi_title_match,1.0,journal-article,36fc5f20f1e4918d29a0899058c3fdab8480ba1de0ba220ee9f6bbc880b1612a,Europe PMC; NCBI PubMed E-utilities; Crossref,PMC JATS XML via Europe PMC (transient analysis; text not stored),https://doi.org/10.1038/s41551-025-01516-3,https://pubmed.ncbi.nlm.nih.gov/41034516/,https://pmc.ncbi.nlm.nih.gov/articles/PMC13279263/
ART-122,field_selective,Nature Biomedical Engineering,2157-846X,2026,2026-01-21,2026,Lung tumouroids as a testing platform for precision CAR T cell therapy.,10.1038/s41551-025-01594-3,41565786,PMC13099645,translational_and_clinical,title_abstract_keyword_heuristic,original_research_article,English,published_or_ahead_of_print_indexed,oa,pmc_jats_retrieved,title_plus_pubmed_abstract_plus_pmc_jats_full_text,research-article,inferred_opening_paragraphs,explicit_results_section,explicit_methods_section,explicit_discussion_section,12,152,10454,verified_exact_doi_title_type_language_abstract,1.0,verified_exact_doi_title_match,1.0,journal-article,3e46d0a137f940743d8952ff85dcc7c91c83096c2462d201c652e0ee58d21fcb,Europe PMC; NCBI PubMed E-utilities; Crossref,PMC JATS XML via Europe PMC (transient analysis; text not stored),https://doi.org/10.1038/s41551-025-01594-3,https://pubmed.ncbi.nlm.nih.gov/41565786/,https://pmc.ncbi.nlm.nih.gov/articles/PMC13099645/
ART-123,field_selective,Nature Biomedical Engineering,2157-846X,2026,2026-02-11,2026,Ablation of prostaglandin E2 signalling through dual receptor knockout in CAR T cells enhances therapeutic efficacy in solid tumours.,10.1038/s41551-025-01610-6,41673138,PMC13099425,oncology,title_abstract_keyword_heuristic,original_research_article,English,published_or_ahead_of_print_indexed,oa,pmc_jats_retrieved,title_plus_pubmed_abstract_plus_pmc_jats_full_text,research-article,inferred_opening_paragraphs,explicit_results_section,explicit_methods_section,explicit_discussion_section,20,176,8517,verified_exact_doi_title_type_language_abstract,0.9962,verified_exact_doi_title_match,1.0,journal-article,21e977bd5709fcb9eccc0d759593a26741bfb2a3fa242d46cb95b4f2e89ede86,Europe PMC; NCBI PubMed E-utilities; Crossref,PMC JATS XML via Europe PMC (transient analysis; text not stored),https://doi.org/10.1038/s41551-025-01610-6,https://pubmed.ncbi.nlm.nih.gov/41673138/,https://pmc.ncbi.nlm.nih.gov/articles/PMC13099425/
ART-124,field_selective,Nature Biomedical Engineering,2157-846X,2026,2026-02-18,2026,Shape-conformal porous frameworks for full coverage of neural organoids and high-resolution electrophysiology.,10.1038/s41551-026-01620-y,41708937,PMC13169977,neuroscience,title_abstract_keyword_heuristic,original_research_article,English,published_or_ahead_of_print_indexed,oa,pmc_jats_retrieved,title_plus_pubmed_abstract_plus_pmc_jats_full_text,research-article,inferred_opening_paragraphs,explicit_results_section,explicit_methods_section,conclusion_section_used,12,147,7377,verified_exact_doi_title_type_language_abstract,1.0,verified_exact_doi_title_match,1.0,journal-article,c95d7cdb0920b44e0d2fee58cba91be967e8acda1e7917f786927083ec22f04c,Europe PMC; NCBI PubMed E-utilities; Crossref,PMC JATS XML via Europe PMC (transient analysis; text not stored),https://doi.org/10.1038/s41551-026-01620-y,https://pubmed.ncbi.nlm.nih.gov/41708937/,https://pmc.ncbi.nlm.nih.gov/articles/PMC13169977/
ART-125,field_selective,Nature Biomedical Engineering,2157-846X,2026,2026-04-14,2026,In vivo base editing rescues liver pathophysiology and peroxisome dysfunction in a mouse model of Zellweger spectrum disorder.,10.1038/s41551-026-01651-5,41981313,PMC13262281,cardiometabolic,title_abstract_keyword_heuristic,original_research_article,English,published_or_ahead_of_print_indexed,oa,pmc_jats_retrieved,title_plus_pubmed_abstract_plus_pmc_jats_full_text,research-article,inferred_opening_paragraphs,explicit_results_section,explicit_methods_section,explicit_discussion_section,18,311,11611,verified_exact_doi_title_type_language_abstract,1.0,verified_exact_doi_title_match,1.0,journal-article,c5169a2fe173c051068eb136522c1e485a38f9af7cb398ad5956b9e46fa05ae5,Europe PMC; NCBI PubMed E-utilities; Crossref,PMC JATS XML via Europe PMC (transient analysis; text not stored),https://doi.org/10.1038/s41551-026-01651-5,https://pubmed.ncbi.nlm.nih.gov/41981313/,https://pmc.ncbi.nlm.nih.gov/articles/PMC13262281/
ART-126,field_selective,Advanced Materials,0935-9648,2021,2021-06-08,2021,Convergence of Machine Vision and Melt Electrowriting.,10.1002/adma.202100519,34101929,PMC11468355,imaging_and_diagnostics,title_abstract_keyword_heuristic,original_research_article,English,published_or_ahead_of_print_indexed,oa,pmc_jats_retrieved,title_plus_pubmed_abstract_plus_pmc_jats_full_text,research-article,explicit_section,explicit_results_section,explicit_methods_section,explicit_discussion_section,7,194,2930,verified_exact_doi_title_type_language_abstract,1.0,verified_exact_doi_title_match,1.0,journal-article,be83521e9998d00ba3eb9a8fa9513985a6054d11010289c1d582ea4627f9171c,Europe PMC; NCBI PubMed E-utilities; Crossref,PMC JATS XML via Europe PMC (transient analysis; text not stored),https://doi.org/10.1002/adma.202100519,https://pubmed.ncbi.nlm.nih.gov/34101929/,https://pmc.ncbi.nlm.nih.gov/articles/PMC11468355/
ART-127,field_selective,Advanced Materials,0935-9648,2021,2021-07-27,2021,Photoresponsive and Polarization-Sensitive Structural Colors from Cellulose/Liquid Crystal Nanophotonic Structures.,10.1002/adma.202101519,34313346,PMC11468386,materials_and_condensed_matter,title_abstract_keyword_heuristic,original_research_article,English,published_or_ahead_of_print_indexed,oa,pmc_jats_retrieved,title_plus_pubmed_abstract_plus_pmc_jats_full_text,research-article,explicit_section,explicit_results_section,methods_not_identified,explicit_discussion_section,11,164,3416,verified_exact_doi_title_type_language_abstract,1.0,verified_exact_doi_title_match,1.0,journal-article,df7869578e072f5ba8ef3d4d7ea262c2366127cd46495a6e4a47ed36bb22564b,Europe PMC; NCBI PubMed E-utilities; Crossref,PMC JATS XML via Europe PMC (transient analysis; text not stored),https://doi.org/10.1002/adma.202101519,https://pubmed.ncbi.nlm.nih.gov/34313346/,https://pmc.ncbi.nlm.nih.gov/articles/PMC11468386/
ART-128,field_selective,Advanced Materials,0935-9648,2021,2021-08-13,2021,Room-Temperature Halide Perovskite Field-Effect Transistors by Ion Transport Mitigation.,10.1002/adma.202100486,34387400,PMC11468016,cell_and_developmental_biology,title_abstract_keyword_heuristic,original_research_article,English,published_or_ahead_of_print_indexed,oa,pmc_jats_retrieved,title_plus_pubmed_abstract_plus_pmc_jats_full_text,research-article,explicit_section,explicit_results_section,explicit_methods_section,explicit_discussion_section,9,165,4242,verified_exact_doi_title_type_language_abstract,1.0,verified_exact_doi_title_match,1.0,journal-article,88bae7ea92f397d270aad9bb8d32eba05e8c5008cf97f86677676a4cccc05900,Europe PMC; NCBI PubMed E-utilities; Crossref,PMC JATS XML via Europe PMC (transient analysis; text not stored),https://doi.org/10.1002/adma.202100486,https://pubmed.ncbi.nlm.nih.gov/34387400/,https://pmc.ncbi.nlm.nih.gov/articles/PMC11468016/
ART-129,field_selective,Advanced Materials,0935-9648,2021,2021-10-05,2021,Optimized Photoclick (Bio)Resins for Fast Volumetric Bioprinting.,10.1002/adma.202102900,34611928,PMC11468798,cell_and_developmental_biology,title_abstract_keyword_heuristic,original_research_article,English,published_or_ahead_of_print_indexed,oa,pmc_jats_retrieved,title_plus_pubmed_abstract_plus_pmc_jats_full_text,research-article,explicit_section,explicit_results_section,explicit_methods_section,explicit_discussion_section,8,199,5172,verified_exact_doi_title_type_language_abstract,1.0,verified_exact_doi_title_match,1.0,journal-article,389e13840f481390df4b4347c64c353d72dd7b0511460b4e5a277a18322960aa,Europe PMC; NCBI PubMed E-utilities; Crossref,PMC JATS XML via Europe PMC (transient analysis; text not stored),https://doi.org/10.1002/adma.202102900,https://pubmed.ncbi.nlm.nih.gov/34611928/,https://pmc.ncbi.nlm.nih.gov/articles/PMC11468798/
ART-130,field_selective,Advanced Materials,0935-9648,2022,2022-02-10,2022,Microbowls with Controlled Concavity for Accurate Microscale Mass Spectrometry.,10.1002/adma.202108194,35045587,PMC9028217,cell_and_developmental_biology,title_abstract_keyword_heuristic,original_research_article,English,published_or_ahead_of_print_indexed,oa,pmc_jats_retrieved,title_plus_pubmed_abstract_plus_pmc_jats_full_text,research-article,explicit_section,explicit_results_section,methods_not_identified,explicit_discussion_section,9,62,2962,verified_exact_doi_title_type_language_abstract,1.0,verified_exact_doi_title_match,1.0,journal-article,0e3922e8d6eca67baa7209aeab33e0ada79a1782d5d9d09c615adb7decbeb6f3,Europe PMC; NCBI PubMed E-utilities; Crossref,PMC JATS XML via Europe PMC (transient analysis; text not stored),https://doi.org/10.1002/adma.202108194,https://pubmed.ncbi.nlm.nih.gov/35045587/,https://pmc.ncbi.nlm.nih.gov/articles/PMC9028217/
ART-131,field_selective,Advanced Materials,0935-9648,2022,2022-03-31,2022,Biobased Elastomer Nanofibers Guide Light-Controlled Human-iPSC-Derived Skeletal Myofibers.,10.1002/adma.202110441,35231133,PMC9131876,cell_and_developmental_biology,title_abstract_keyword_heuristic,original_research_article,English,published_or_ahead_of_print_indexed,oa,pmc_jats_retrieved,title_plus_pubmed_abstract_plus_pmc_jats_full_text,research-article,explicit_section,explicit_results_section,explicit_methods_section,explicit_discussion_section,8,203,9514,verified_exact_doi_title_type_language_abstract,1.0,verified_exact_doi_title_match,1.0,journal-article,42f2fa007f3e86f99f94e17ef285c216b172756eac0cd23761c5ebdc7d600199,Europe PMC; NCBI PubMed E-utilities; Crossref,PMC JATS XML via Europe PMC (transient analysis; text not stored),https://doi.org/10.1002/adma.202110441,https://pubmed.ncbi.nlm.nih.gov/35231133/,https://pmc.ncbi.nlm.nih.gov/articles/PMC9131876/
ART-132,field_selective,Advanced Materials,0935-9648,2022,2022-07-11,2022,Ultrahigh Carrier Mobilities in Ferroelectric Domain Wall Corbino Cones at Room Temperature.,10.1002/adma.202204298,35733393,PMC11475267,materials_and_condensed_matter,title_abstract_keyword_heuristic,original_research_article,English,published_or_ahead_of_print_indexed,oa,pmc_jats_retrieved,title_plus_pubmed_abstract_plus_pmc_jats_full_text,research-article,explicit_section,inferred_finding_sections,explicit_methods_section,inferred_closing_paragraphs,12,203,5587,verified_exact_doi_title_type_language_abstract,1.0,verified_exact_doi_title_match,1.0,journal-article,83bfcf83741a4f149f85e3fce90c04685eaa38bf0e3cfc8fdb8632a2e094ab3f,Europe PMC; NCBI PubMed E-utilities; Crossref,PMC JATS XML via Europe PMC (transient analysis; text not stored),https://doi.org/10.1002/adma.202204298,https://pubmed.ncbi.nlm.nih.gov/35733393/,https://pmc.ncbi.nlm.nih.gov/articles/PMC11475267/
ART-133,field_selective,Advanced Materials,0935-9648,2022,2022-09-27,2022,"Puffball-Inspired Microrobotic Systems with Robust Payload, Strong Protection, and Targeted Locomotion for On-Demand Drug Delivery.",10.1002/adma.202204791,36066311,PMC11475404,cardiometabolic,title_abstract_keyword_heuristic,original_research_article,English,published_or_ahead_of_print_indexed,oa,pmc_jats_retrieved,title_plus_pubmed_abstract_plus_pmc_jats_full_text,research-article,explicit_section,explicit_results_section,explicit_methods_section,explicit_discussion_section,15,197,8178,verified_exact_doi_title_type_language_abstract,1.0,verified_exact_doi_title_match,1.0,journal-article,ac50f66c720fdb47848e9fcfbc8281c86250cd36f9f5c6538d28531173bff865,Europe PMC; NCBI PubMed E-utilities; Crossref,PMC JATS XML via Europe PMC (transient analysis; text not stored),https://doi.org/10.1002/adma.202204791,https://pubmed.ncbi.nlm.nih.gov/36066311/,https://pmc.ncbi.nlm.nih.gov/articles/PMC11475404/
ART-134,field_selective,Advanced Materials,0935-9648,2023,2023-04-02,2024,"Modular Synthesis of Semiconducting Graft Copolymers to Achieve ""Clickable"" Fluorescent Nanoparticles with Long Circulation and Specific Cancer Targeting.",10.1002/adma.202300413,36905683,PMC7616993,oncology,title_abstract_keyword_heuristic,original_research_article,English,published_or_ahead_of_print_indexed,oa,pmc_jats_retrieved,title_plus_pubmed_abstract_plus_pmc_jats_full_text,research-article,explicit_section,explicit_results_section,explicit_methods_section,explicit_discussion_section,18,175,7617,verified_exact_doi_title_type_language_abstract,1.0,verified_exact_doi_title_match,1.0,journal-article,2a58f3dc53ebe9008f07d7861b4888ed136b62d4c87fa973c5fb6148285c1de8,Europe PMC; NCBI PubMed E-utilities; Crossref,PMC JATS XML via Europe PMC (transient analysis; text not stored),https://doi.org/10.1002/adma.202300413,https://pubmed.ncbi.nlm.nih.gov/36905683/,https://pmc.ncbi.nlm.nih.gov/articles/PMC7616993/
ART-135,field_selective,Advanced Materials,0935-9648,2023,2023-09-08,2023,Microfibrous Scaffolds Guide Stem Cell Lumenogenesis and Brain Organoid Engineering.,10.1002/adma.202300305,37572376,PMC7617127,cell_and_developmental_biology,title_abstract_keyword_heuristic,original_research_article,English,published_or_ahead_of_print_indexed,oa,pmc_jats_retrieved,title_plus_pubmed_abstract_plus_pmc_jats_full_text,research-article,explicit_section,explicit_results_section,explicit_methods_section,explicit_discussion_section,10,190,7691,verified_exact_doi_title_type_language_abstract,1.0,verified_exact_doi_title_match,1.0,journal-article,8460bbb2219ecc193d4f1924b5b2f2e82767f8c8ba84c74d73da2ec4c845b688,Europe PMC; NCBI PubMed E-utilities; Crossref,PMC JATS XML via Europe PMC (transient analysis; text not stored),https://doi.org/10.1002/adma.202300305,https://pubmed.ncbi.nlm.nih.gov/37572376/,https://pmc.ncbi.nlm.nih.gov/articles/PMC7617127/
ART-136,field_selective,Advanced Materials,0935-9648,2023,2023-09-25,2024,AI-Driven Discovery of Amorphous Fluorinated Polymer Electret with Improved Charge Stability for Energy Harvesting.,10.1002/adma.202303827,37452693,PMC11681308,materials_and_condensed_matter,title_abstract_keyword_heuristic,original_research_article,English,published_or_ahead_of_print_indexed,oa,pmc_jats_retrieved,title_plus_pubmed_abstract_plus_pmc_jats_full_text,research-article,explicit_section,explicit_results_section,explicit_methods_section,conclusion_section_used,14,154,6122,verified_exact_doi_title_type_language_abstract,1.0,verified_exact_doi_title_match,1.0,journal-article,1d62dafe0f261f0f2b486da5515bf59e32bd5c8f5d30b5ed0549698edba9168a,Europe PMC; NCBI PubMed E-utilities; Crossref,PMC JATS XML via Europe PMC (transient analysis; text not stored),https://doi.org/10.1002/adma.202303827,https://pubmed.ncbi.nlm.nih.gov/37452693/,https://pmc.ncbi.nlm.nih.gov/articles/PMC11681308/
ART-137,field_selective,Advanced Materials,0935-9648,2023,2023-11-27,2024,All-Inorganic Polyoxometalates Act as Superchaotropic Membrane Carriers.,10.1002/adma.202309219,37943506,PMC11475408,cell_and_developmental_biology,title_abstract_keyword_heuristic,original_research_article,English,published_or_ahead_of_print_indexed,oa,pmc_jats_retrieved,title_plus_pubmed_abstract_plus_pmc_jats_full_text,research-article,explicit_section,explicit_results_section,explicit_methods_section,explicit_discussion_section,7,103,4997,verified_exact_doi_title_type_language_abstract,1.0,verified_exact_doi_title_match,1.0,journal-article,f6cc4d26f5aaa9b02a11127454d04d4f276c1a6347cae19bfa3eac9e86637bbc,Europe PMC; NCBI PubMed E-utilities; Crossref,PMC JATS XML via Europe PMC (transient analysis; text not stored),https://doi.org/10.1002/adma.202309219,https://pubmed.ncbi.nlm.nih.gov/37943506/,https://pmc.ncbi.nlm.nih.gov/articles/PMC11475408/
ART-138,field_selective,Advanced Materials,0935-9648,2024,2024-09-10,2025,Digitonin-Loaded Nanoscale Metal-Organic Framework for Mitochondria-Targeted Radiotherapy-Radiodynamic Therapy and Disulfidptosis.,10.1002/adma.202405494,39252688,PMC11891090,oncology,title_abstract_keyword_heuristic,original_research_article,English,published_or_ahead_of_print_indexed,oa,pmc_jats_retrieved,title_plus_pubmed_abstract_plus_pmc_jats_full_text,research-article,explicit_section,explicit_results_section,methods_not_identified,explicit_discussion_section,10,180,5668,verified_exact_doi_title_type_language_abstract,1.0,verified_exact_doi_title_match,1.0,journal-article,e170f57c2b5dda06202f7ff926281561089270c51399cb404f9ebd648ffa0d3f,Europe PMC; NCBI PubMed E-utilities; Crossref,PMC JATS XML via Europe PMC (transient analysis; text not stored),https://doi.org/10.1002/adma.202405494,https://pubmed.ncbi.nlm.nih.gov/39252688/,https://pmc.ncbi.nlm.nih.gov/articles/PMC11891090/
ART-139,field_selective,Advanced Materials,0935-9648,2024,2024-10-17,2024,Supramolecular Polymer Additives as Repairable Reinforcements for Dynamic Covalent Networks.,10.1002/adma.202410723,39417726,PMC11619224,materials_and_condensed_matter,title_abstract_keyword_heuristic,original_research_article,English,published_or_ahead_of_print_indexed,oa,pmc_jats_retrieved,title_plus_pubmed_abstract_plus_pmc_jats_full_text,research-article,explicit_section,explicit_results_section,methods_not_identified,explicit_discussion_section,10,180,3168,verified_exact_doi_title_type_language_abstract,1.0,verified_exact_doi_title_match,1.0,journal-article,ce599deef3658031e313d76e1b4985c9f1522830a468b37b8337b077fe094a1c,Europe PMC; NCBI PubMed E-utilities; Crossref,PMC JATS XML via Europe PMC (transient analysis; text not stored),https://doi.org/10.1002/adma.202410723,https://pubmed.ncbi.nlm.nih.gov/39417726/,https://pmc.ncbi.nlm.nih.gov/articles/PMC11619224/
ART-140,field_selective,Advanced Materials,0935-9648,2024,2024-10-20,2025,Motion-Adaptive Tessellated Skin Patches With Switchable Adhesion for Wearable Electronics.,10.1002/adma.202412271,39428834,PMC11775872,imaging_and_diagnostics,title_abstract_keyword_heuristic,original_research_article,English,published_or_ahead_of_print_indexed,oa,pmc_jats_retrieved,title_plus_pubmed_abstract_plus_pmc_jats_full_text,research-article,explicit_section,explicit_results_section,explicit_methods_section,explicit_discussion_section,10,155,5564,verified_exact_doi_title_type_language_abstract,1.0,verified_exact_doi_title_match,1.0,journal-article,e5b70d412d1021140694ed386fa3f7e5497fbd8384236f7b4ccac17c461452de,Europe PMC; NCBI PubMed E-utilities; Crossref,PMC JATS XML via Europe PMC (transient analysis; text not stored),https://doi.org/10.1002/adma.202412271,https://pubmed.ncbi.nlm.nih.gov/39428834/,https://pmc.ncbi.nlm.nih.gov/articles/PMC11775872/
ART-141,field_selective,Advanced Materials,0935-9648,2024,2024-11-20,2025,"Multilevel Optical Storage, Dynamic Light Modulation, and Polarization Control in Filamented Memristor System.",10.1002/adma.202411186,39564711,PMC11756036,chemistry_and_catalysis,title_abstract_keyword_heuristic,original_research_article,English,published_or_ahead_of_print_indexed,oa,pmc_jats_retrieved,title_plus_pubmed_abstract_plus_pmc_jats_full_text,research-article,explicit_section,explicit_results_section,explicit_methods_section,explicit_discussion_section,13,198,7426,verified_exact_doi_title_type_language_abstract,1.0,verified_exact_doi_title_match,1.0,journal-article,5642724ad1c78391a536bd7e112a2dbbcd56db2d1efb7316a5efbd74e1884c02,Europe PMC; NCBI PubMed E-utilities; Crossref,PMC JATS XML via Europe PMC (transient analysis; text not stored),https://doi.org/10.1002/adma.202411186,https://pubmed.ncbi.nlm.nih.gov/39564711/,https://pmc.ncbi.nlm.nih.gov/articles/PMC11756036/
ART-142,field_selective,Advanced Materials,0935-9648,2025,2025-05-15,2025,Ultrafast Light-Driven Electronic and Structural Changes in LaFeO3 Perovskites Probed by Femtosecond X-Ray Absorption Spectroscopy.,10.1002/adma.202502932,40370187,PMC12288815,imaging_and_diagnostics,title_abstract_keyword_heuristic,original_research_article,English,published_or_ahead_of_print_indexed,oa,pmc_jats_retrieved,title_plus_pubmed_abstract_plus_pmc_jats_full_text,research-article,explicit_section,explicit_results_section,explicit_methods_section,explicit_discussion_section,16,165,5045,verified_exact_doi_title_type_language_abstract,0.9962,verified_exact_doi_title_match,0.9962,journal-article,71503268436589ae0394537990c16a81b3fd0396a07da276456ab58449af9d94,Europe PMC; NCBI PubMed E-utilities; Crossref,PMC JATS XML via Europe PMC (transient analysis; text not stored),https://doi.org/10.1002/adma.202502932,https://pubmed.ncbi.nlm.nih.gov/40370187/,https://pmc.ncbi.nlm.nih.gov/articles/PMC12288815/
ART-143,field_selective,Advanced Materials,0935-9648,2025,2025-06-04,2025,Cracked Metal-Phenolic Networks with Durable Confinement Capillarity for Enhanced Solar Desalination.,10.1002/adma.202503896,40465316,PMC12369692,materials_and_condensed_matter,title_abstract_keyword_heuristic,original_research_article,English,published_or_ahead_of_print_indexed,oa,pmc_jats_retrieved,title_plus_pubmed_abstract_plus_pmc_jats_full_text,research-article,explicit_section,explicit_results_section,methods_not_identified,explicit_discussion_section,11,196,3798,verified_exact_doi_title_type_language_abstract,1.0,verified_exact_doi_title_match,1.0,journal-article,adf3fbf483935da01bedfa7f8bebdb6cc20abb105bf570dcd06e47bd92a4a155,Europe PMC; NCBI PubMed E-utilities; Crossref,PMC JATS XML via Europe PMC (transient analysis; text not stored),https://doi.org/10.1002/adma.202503896,https://pubmed.ncbi.nlm.nih.gov/40465316/,https://pmc.ncbi.nlm.nih.gov/articles/PMC12369692/
ART-144,field_selective,Advanced Materials,0935-9648,2025,2025-09-11,2026,Rapid Glass-Substrate Digital Light 3D Printing Enables Anatomically Accurate Stroke Patient-Specific Carotid Artery-on-Chips for Personalized Thrombosis Investigation.,10.1002/adma.202508890,40932114,PMC12822522,translational_and_clinical,title_abstract_keyword_heuristic,original_research_article,English,published_or_ahead_of_print_indexed,oa,pmc_jats_retrieved,title_plus_pubmed_abstract_plus_pmc_jats_full_text,research-article,explicit_section,explicit_results_section,explicit_methods_section,explicit_discussion_section,18,193,7585,verified_exact_doi_title_type_language_abstract,1.0,verified_exact_doi_title_match,1.0,journal-article,9797b7e9300aab8961407a93052205b4c18dcae2bad7cf443aca8a555495ec1b,Europe PMC; NCBI PubMed E-utilities; Crossref,PMC JATS XML via Europe PMC (transient analysis; text not stored),https://doi.org/10.1002/adma.202508890,https://pubmed.ncbi.nlm.nih.gov/40932114/,https://pmc.ncbi.nlm.nih.gov/articles/PMC12822522/
ART-145,field_selective,Advanced Materials,0935-9648,2025,2025-09-26,2026,Mechanochemical Nitrous Oxide Decomposition.,10.1002/adma.202511666,41001992,PMC12783976,chemistry_and_catalysis,title_abstract_keyword_heuristic,original_research_article,English,published_or_ahead_of_print_indexed,oa,pmc_jats_retrieved,title_plus_pubmed_abstract_plus_pmc_jats_full_text,research-article,explicit_section,explicit_results_section,methods_not_identified,explicit_discussion_section,4,126,5363,verified_exact_doi_title_type_language_abstract,1.0,verified_exact_doi_title_match,1.0,journal-article,c7c8cfc523a74da87c86e27c439b35ad71059fb2af43dd19587c8af7717a2a8a,Europe PMC; NCBI PubMed E-utilities; Crossref,PMC JATS XML via Europe PMC (transient analysis; text not stored),https://doi.org/10.1002/adma.202511666,https://pubmed.ncbi.nlm.nih.gov/41001992/,https://pmc.ncbi.nlm.nih.gov/articles/PMC12783976/
ART-146,field_selective,Advanced Materials,0935-9648,2025,2025-12-28,2026,Hybrid Liquid Metal Cathode Enables High-Performance Intrinsically Stretchable OLEDs.,10.1002/adma.202518254,41457698,PMC13137763,biomaterials_and_tissue_engineering,title_abstract_keyword_heuristic,original_research_article,English,published_or_ahead_of_print_indexed,oa,pmc_jats_retrieved,title_plus_pubmed_abstract_plus_pmc_jats_full_text,research-article,explicit_section,inferred_finding_sections,explicit_methods_section,explicit_discussion_section,9,178,5115,verified_exact_doi_title_type_language_abstract,1.0,verified_exact_doi_title_match,1.0,journal-article,e9bd81ad45119d09da580d5c6c46e1b948c539e29e86de165bf008100cfd56a3,Europe PMC; NCBI PubMed E-utilities; Crossref,PMC JATS XML via Europe PMC (transient analysis; text not stored),https://doi.org/10.1002/adma.202518254,https://pubmed.ncbi.nlm.nih.gov/41457698/,https://pmc.ncbi.nlm.nih.gov/articles/PMC13137763/
ART-147,field_selective,Advanced Materials,0935-9648,2026,2026-02-03,2026,Rewriting Polymer Fate via Chemomechanical Coupling.,10.1002/adma.202518567,41631356,PMC13113212,materials_and_condensed_matter,title_abstract_keyword_heuristic,original_research_article,English,published_or_ahead_of_print_indexed,oa,pmc_jats_retrieved,title_plus_pubmed_abstract_plus_pmc_jats_full_text,research-article,explicit_section,explicit_results_section,explicit_methods_section,explicit_discussion_section,6,119,7789,verified_exact_doi_title_type_language_abstract,1.0,verified_exact_doi_title_match,1.0,journal-article,acef015844e83099c56fd649d34d75806894bc098ba1abf27cb8f37f63b8868b,Europe PMC; NCBI PubMed E-utilities; Crossref,PMC JATS XML via Europe PMC (transient analysis; text not stored),https://doi.org/10.1002/adma.202518567,https://pubmed.ncbi.nlm.nih.gov/41631356/,https://pmc.ncbi.nlm.nih.gov/articles/PMC13113212/
ART-148,field_selective,Advanced Materials,0935-9648,2026,2026-02-08,2026,Stiff to Soft: A Protein-Based Buffer Layer for Improving the Long-Term Performance of Microneedle Sensors.,10.1002/adma.202520745,41656825,PMC12983446,imaging_and_diagnostics,title_abstract_keyword_heuristic,original_research_article,English,published_or_ahead_of_print_indexed,oa,pmc_jats_retrieved,title_plus_pubmed_abstract_plus_pmc_jats_full_text,research-article,explicit_section,explicit_results_section,explicit_methods_section,explicit_discussion_section,15,146,6572,verified_exact_doi_title_type_language_abstract,1.0,verified_exact_doi_title_match,1.0,journal-article,75b41661573a7c5872cbd297d2f0087c86dc2ac70106531af23561badef11612,Europe PMC; NCBI PubMed E-utilities; Crossref,PMC JATS XML via Europe PMC (transient analysis; text not stored),https://doi.org/10.1002/adma.202520745,https://pubmed.ncbi.nlm.nih.gov/41656825/,https://pmc.ncbi.nlm.nih.gov/articles/PMC12983446/
ART-149,field_selective,Advanced Materials,0935-9648,2026,2026-03-30,2026,Photo-Rewritable Ambipolar Organic Electrochemical Synapses with Bidirectional Optical Plasticity for Adaptive Vision in Aqueous Environments.,10.1002/adma.202516989,41910376,PMC13113211,neuroscience,title_abstract_keyword_heuristic,original_research_article,English,published_or_ahead_of_print_indexed,oa,pmc_jats_retrieved,title_plus_pubmed_abstract_plus_pmc_jats_full_text,research-article,explicit_section,explicit_results_section,explicit_methods_section,explicit_discussion_section,15,187,7100,verified_exact_doi_title_type_language_abstract,1.0,verified_exact_doi_title_match,1.0,journal-article,b2c81becaa7c83fd1b1a7bd30609e0e1457b58118ddd2db42df52e817be3141a,Europe PMC; NCBI PubMed E-utilities; Crossref,PMC JATS XML via Europe PMC (transient analysis; text not stored),https://doi.org/10.1002/adma.202516989,https://pubmed.ncbi.nlm.nih.gov/41910376/,https://pmc.ncbi.nlm.nih.gov/articles/PMC13113211/
ART-150,field_selective,Advanced Materials,0935-9648,2026,2026-04-04,2026,Superior Impact-Resistant Composite Hydrogels Through an Ionic Coupling Strategy.,10.1002/adma.73010,41934179,PMC13155279,biomaterials_and_tissue_engineering,title_abstract_keyword_heuristic,original_research_article,English,published_or_ahead_of_print_indexed,oa,pmc_jats_retrieved,title_plus_pubmed_abstract_plus_pmc_jats_full_text,research-article,explicit_section,explicit_results_section,explicit_methods_section,conclusion_section_used,9,203,4905,verified_exact_doi_title_type_language_abstract,1.0,verified_exact_doi_title_match,1.0,journal-article,fa04891e8c407d53ff04898ed8918894fdc3ddad2468550e701e27806eafe3b8,Europe PMC; NCBI PubMed E-utilities; Crossref,PMC JATS XML via Europe PMC (transient analysis; text not stored),https://doi.org/10.1002/adma.73010,https://pubmed.ncbi.nlm.nih.gov/41934179/,https://pmc.ncbi.nlm.nih.gov/articles/PMC13155279/
ART-151,field_selective,Biomaterials,0142-9612,2021,2021-04-09,2021,Effect of tissue microenvironment on fibrous capsule formation to biomaterial-coated implants.,10.1016/j.biomaterials.2021.120806,33905960,PMC8135119,cell_and_developmental_biology,title_abstract_keyword_heuristic,original_research_article,English,published_or_ahead_of_print_indexed,oa,pmc_jats_retrieved,title_plus_pubmed_abstract_plus_pmc_jats_full_text,research-article,explicit_section,explicit_results_section,explicit_methods_section,explicit_discussion_section,11,196,8102,verified_exact_doi_title_type_language_abstract,1.0,verified_exact_doi_title_match,1.0,journal-article,21924461282cde8aed62f176713346f8ce9450cc3952041ee374127df350b2a8,Europe PMC; NCBI PubMed E-utilities; Crossref,PMC JATS XML via Europe PMC (transient analysis; text not stored),https://doi.org/10.1016/j.biomaterials.2021.120806,https://pubmed.ncbi.nlm.nih.gov/33905960/,https://pmc.ncbi.nlm.nih.gov/articles/PMC8135119/
ART-152,field_selective,Biomaterials,0142-9612,2021,2021-07-03,2021,AIEgen-loaded nanofibrous membrane as photodynamic/photothermal antimicrobial surface for sunlight-triggered bioprotection.,10.1016/j.biomaterials.2021.121007,34237505,PMC8253668,infectious_disease,title_abstract_keyword_heuristic,original_research_article,English,published_or_ahead_of_print_indexed,oa,pmc_jats_retrieved,title_plus_pubmed_abstract_plus_pmc_jats_full_text,research-article,explicit_section,explicit_results_section,explicit_methods_section,explicit_discussion_section,11,184,6485,verified_exact_doi_title_type_language_abstract,1.0,verified_exact_doi_title_match,1.0,journal-article,cf2694de1e3875f5ab0b69d36218b0a5b7ee1e153e8a9ceb29b82ab2c032f60e,Europe PMC; NCBI PubMed E-utilities; Crossref,PMC JATS XML via Europe PMC (transient analysis; text not stored),https://doi.org/10.1016/j.biomaterials.2021.121007,https://pubmed.ncbi.nlm.nih.gov/34237505/,https://pmc.ncbi.nlm.nih.gov/articles/PMC8253668/
ART-153,field_selective,Biomaterials,0142-9612,2021,2021-09-30,2021,Generation of potent cellular and humoral immunity against SARS-CoV-2 antigens via conjugation to a polymeric glyco-adjuvant.,10.1016/j.biomaterials.2021.121159,34634664,PMC8482845,infectious_disease,title_abstract_keyword_heuristic,original_research_article,English,published_or_ahead_of_print_indexed,oa,pmc_jats_retrieved,title_plus_pubmed_abstract_plus_pmc_jats_full_text,research-article,explicit_section,explicit_results_section,explicit_methods_section,explicit_discussion_section,17,270,10976,verified_exact_doi_title_type_language_abstract,1.0,verified_exact_doi_title_match,1.0,journal-article,53707563073a95a0fc8634a8402c8844e5b0ddcab7a3fdc18d1a886567205ec4,Europe PMC; NCBI PubMed E-utilities; Crossref,PMC JATS XML via Europe PMC (transient analysis; text not stored),https://doi.org/10.1016/j.biomaterials.2021.121159,https://pubmed.ncbi.nlm.nih.gov/34634664/,https://pmc.ncbi.nlm.nih.gov/articles/PMC8482845/
ART-154,field_selective,Biomaterials,0142-9612,2021,2021-12-30,2022,Ink-jet 3D printing as a strategy for developing bespoke non-eluting biofilm resistant medical devices.,10.1016/j.biomaterials.2021.121350,35033903,PMC7613459,infectious_disease,title_abstract_keyword_heuristic,original_research_article,English,published_or_ahead_of_print_indexed,oa,pmc_jats_retrieved,title_plus_pubmed_abstract_plus_pmc_jats_full_text,research-article,explicit_section,explicit_results_section,explicit_methods_section,conclusion_section_used,15,203,5210,verified_exact_doi_title_type_language_abstract,1.0,verified_exact_doi_title_match,1.0,journal-article,aa8d80845f03289a5556d52faef38bbc5d8d2157db07c1b08d56714f8e5cf520,Europe PMC; NCBI PubMed E-utilities; Crossref,PMC JATS XML via Europe PMC (transient analysis; text not stored),https://doi.org/10.1016/j.biomaterials.2021.121350,https://pubmed.ncbi.nlm.nih.gov/35033903/,https://pmc.ncbi.nlm.nih.gov/articles/PMC7613459/
ART-155,field_selective,Biomaterials,0142-9612,2022,2022-02-01,2022,Point-of-care treatment of geometrically complex midfacial critical-sized bone defects with 3D-Printed scaffolds and autologous stromal vascular fraction.,10.1016/j.biomaterials.2022.121392,35134701,PMC12619679,biomaterials_and_tissue_engineering,title_abstract_keyword_heuristic,original_research_article,English,published_or_ahead_of_print_indexed,oa,pmc_jats_retrieved,title_plus_pubmed_abstract_plus_pmc_jats_full_text,research-article,explicit_section,inferred_finding_sections,explicit_methods_section,conclusion_section_used,18,231,7472,verified_exact_doi_title_type_language_abstract,1.0,verified_exact_doi_title_match,1.0,journal-article,d431f4ca33e6cd06560aedb1d60036797177890d46e9f324a3d0f073aee09d23,Europe PMC; NCBI PubMed E-utilities; Crossref,PMC JATS XML via Europe PMC (transient analysis; text not stored),https://doi.org/10.1016/j.biomaterials.2022.121392,https://pubmed.ncbi.nlm.nih.gov/35134701/,https://pmc.ncbi.nlm.nih.gov/articles/PMC12619679/
ART-156,field_selective,Biomaterials,0142-9612,2022,2022-04-11,2022,Protease inhibitor Camostat Mesyalte blocks wild type SARS-CoV-2 and D614G viral entry in human engineered miniature lungs.,10.1016/j.biomaterials.2022.121509,35533440,PMC8999341,infectious_disease,title_abstract_keyword_heuristic,original_research_article,English,published_or_ahead_of_print_indexed,oa,pmc_jats_retrieved,title_plus_pubmed_abstract_plus_pmc_jats_full_text,research-article,explicit_section,explicit_results_section,explicit_methods_section,explicit_discussion_section,20,283,5479,verified_exact_doi_title_type_language_abstract,1.0,verified_exact_doi_title_match,1.0,journal-article,a5ea529b8daabb051dfbeb79f002de1f20ea44d6b3cb145c81ae9b2548e3794d,Europe PMC; NCBI PubMed E-utilities; Crossref,PMC JATS XML via Europe PMC (transient analysis; text not stored),https://doi.org/10.1016/j.biomaterials.2022.121509,https://pubmed.ncbi.nlm.nih.gov/35533440/,https://pmc.ncbi.nlm.nih.gov/articles/PMC8999341/
ART-157,field_selective,Biomaterials,0142-9612,2022,2022-05-07,2022,An imidazole modified lipid confers enhanced mRNA-LNP stability and strong immunization properties in mice and non-human primates.,10.1016/j.biomaterials.2022.121570,35576809,PMC9078044,drug_and_gene_delivery,title_abstract_keyword_heuristic,original_research_article,English,published_or_ahead_of_print_indexed,oa,pmc_jats_retrieved,title_plus_pubmed_abstract_plus_pmc_jats_full_text,research-article,explicit_section,explicit_results_section,explicit_methods_section,explicit_discussion_section,17,209,7692,verified_exact_doi_title_type_language_abstract,1.0,verified_exact_doi_title_match,1.0,journal-article,cc8b13a80c85e5c616c5bbf8941bbe30e4d5f8c659e054fa792b5dfc1bd0db43,Europe PMC; NCBI PubMed E-utilities; Crossref,PMC JATS XML via Europe PMC (transient analysis; text not stored),https://doi.org/10.1016/j.biomaterials.2022.121570,https://pubmed.ncbi.nlm.nih.gov/35576809/,https://pmc.ncbi.nlm.nih.gov/articles/PMC9078044/
ART-158,field_selective,Biomaterials,0142-9612,2022,2022-07-04,2022,Fibrous aggregates: Amplifying aggregation-induced emission to boost health protection.,10.1016/j.biomaterials.2022.121666,35835002,PMC9250848,chemistry_and_catalysis,title_abstract_keyword_heuristic,original_research_article,English,published_or_ahead_of_print_indexed,oa,pmc_jats_retrieved,title_plus_pubmed_abstract_plus_pmc_jats_full_text,research-article,explicit_section,inferred_finding_sections,methods_not_identified,conclusion_section_used,9,161,7228,verified_exact_doi_title_type_language_abstract,1.0,verified_exact_doi_title_match,1.0,journal-article,ecac7f322a8b8cf6f97525d4bd99e3e0cc8fde2c2e720b974c4956b059ccd086,Europe PMC; NCBI PubMed E-utilities; Crossref,PMC JATS XML via Europe PMC (transient analysis; text not stored),https://doi.org/10.1016/j.biomaterials.2022.121666,https://pubmed.ncbi.nlm.nih.gov/35835002/,https://pmc.ncbi.nlm.nih.gov/articles/PMC9250848/
ART-159,field_selective,Biomaterials,0142-9612,2023,2023-02-28,2023,Remote Co-loading of amphipathic acid drugs in neutrophil nanovesicles infilled with cholesterol mitigates lung bacterial infection and inflammation.,10.1016/j.biomaterials.2023.122071,36878092,PMC9973434,infectious_disease,title_abstract_keyword_heuristic,original_research_article,English,published_or_ahead_of_print_indexed,oa,pmc_jats_retrieved,title_plus_pubmed_abstract_plus_pmc_jats_full_text,research-article,explicit_section,explicit_results_section,explicit_methods_section,explicit_discussion_section,18,163,5639,verified_exact_doi_title_type_language_abstract,1.0,verified_exact_doi_title_match,1.0,journal-article,b3020c39e7935346c69f9de3503a7bd62393d37e0811bacb5691dc99e34c89f0,Europe PMC; NCBI PubMed E-utilities; Crossref,PMC JATS XML via Europe PMC (transient analysis; text not stored),https://doi.org/10.1016/j.biomaterials.2023.122071,https://pubmed.ncbi.nlm.nih.gov/36878092/,https://pmc.ncbi.nlm.nih.gov/articles/PMC9973434/
ART-160,field_selective,Biomaterials,0142-9612,2023,2023-06-21,2023,Lung viral infection modelling in a bioengineered whole-organ.,10.1016/j.biomaterials.2023.122203,37515903,PMC10281738,infectious_disease,title_abstract_keyword_heuristic,original_research_article,English,published_or_ahead_of_print_indexed,oa,pmc_jats_retrieved,title_plus_pubmed_abstract_plus_pmc_jats_full_text,research-article,explicit_section,explicit_results_section,explicit_methods_section,explicit_discussion_section,8,203,9562,verified_exact_doi_title_type_language_abstract,1.0,verified_exact_doi_title_match,1.0,journal-article,578e32e86907d561fead7eb35fa001954a56da058ab285b8650c9edf000f178c,Europe PMC; NCBI PubMed E-utilities; Crossref,PMC JATS XML via Europe PMC (transient analysis; text not stored),https://doi.org/10.1016/j.biomaterials.2023.122203,https://pubmed.ncbi.nlm.nih.gov/37515903/,https://pmc.ncbi.nlm.nih.gov/articles/PMC10281738/
ART-161,field_selective,Biomaterials,0142-9612,2023,2023-11-01,2023,The effect of a Mn(III)tetrakis(4-benzoic acid)porphyrin (MnTBAP) coating on the chronic recording performance of planar silicon intracortical microelectrode arrays.,10.1016/j.biomaterials.2023.122351,37931456,PMC10842897,biomaterials_and_tissue_engineering,title_abstract_keyword_heuristic,original_research_article,English,published_or_ahead_of_print_indexed,oa,pmc_jats_retrieved,title_plus_pubmed_abstract_plus_pmc_jats_full_text,research-article,explicit_section,explicit_results_section,explicit_methods_section,explicit_discussion_section,24,210,10285,verified_exact_doi_title_type_language_abstract,1.0,verified_exact_doi_title_match,1.0,journal-article,7d62c64df4317b289a19cda63781b6a3f2716d0f1aea19f27f5d8d4f67e63783,Europe PMC; NCBI PubMed E-utilities; Crossref,PMC JATS XML via Europe PMC (transient analysis; text not stored),https://doi.org/10.1016/j.biomaterials.2023.122351,https://pubmed.ncbi.nlm.nih.gov/37931456/,https://pmc.ncbi.nlm.nih.gov/articles/PMC10842897/
ART-162,field_selective,Biomaterials,0142-9612,2023,2023-12-27,2024,Atherosclerotic three-layer nanomatrix vascular sheets for high-throughput therapeutic evaluation.,10.1016/j.biomaterials.2023.122450,38169190,PMC10843643,cell_and_developmental_biology,title_abstract_keyword_heuristic,original_research_article,English,published_or_ahead_of_print_indexed,oa,pmc_jats_retrieved,title_plus_pubmed_abstract_plus_pmc_jats_full_text,research-article,explicit_section,explicit_results_section,explicit_methods_section,explicit_discussion_section,9,151,9417,verified_exact_doi_title_type_language_abstract,1.0,verified_exact_doi_title_match,1.0,journal-article,2e6bbdae4a3aa66fafd8f81b841f084e1d737e1e5905ff4505d02b13cf064bf8,Europe PMC; NCBI PubMed E-utilities; Crossref,PMC JATS XML via Europe PMC (transient analysis; text not stored),https://doi.org/10.1016/j.biomaterials.2023.122450,https://pubmed.ncbi.nlm.nih.gov/38169190/,https://pmc.ncbi.nlm.nih.gov/articles/PMC10843643/
ART-163,field_selective,Biomaterials,0142-9612,2024,2024-03-21,2024,Mammary tissue-derived extracellular matrix hydrogels reveal the role of irradiation in driving a pro-tumor and immunosuppressive microenvironment.,10.1016/j.biomaterials.2024.122531,38531198,PMC11065579,cell_and_developmental_biology,title_abstract_keyword_heuristic,original_research_article,English,published_or_ahead_of_print_indexed,oa,pmc_jats_retrieved,title_plus_pubmed_abstract_plus_pmc_jats_full_text,research-article,explicit_section,explicit_results_section,explicit_methods_section,explicit_discussion_section,17,200,7716,verified_exact_doi_title_type_language_abstract,1.0,verified_exact_doi_title_match,1.0,journal-article,f3fee4a79ac41add04c4406cff3e17802f6d54be4282df61c08592325fc7f218,Europe PMC; NCBI PubMed E-utilities; Crossref,PMC JATS XML via Europe PMC (transient analysis; text not stored),https://doi.org/10.1016/j.biomaterials.2024.122531,https://pubmed.ncbi.nlm.nih.gov/38531198/,https://pmc.ncbi.nlm.nih.gov/articles/PMC11065579/
ART-164,field_selective,Biomaterials,0142-9612,2024,2024-03-22,2024,Biomaterial-mediated intracellular control of macrophages for cell therapy in pro-inflammatory and pro-fibrotic conditions.,10.1016/j.biomaterials.2024.122545,38547831,PMC11264195,cell_and_developmental_biology,title_abstract_keyword_heuristic,original_research_article,English,published_or_ahead_of_print_indexed,oa,pmc_jats_retrieved,title_plus_pubmed_abstract_plus_pmc_jats_full_text,research-article,explicit_section,explicit_results_section,explicit_methods_section,explicit_discussion_section,13,161,8288,verified_exact_doi_title_type_language_abstract,1.0,verified_exact_doi_title_match,1.0,journal-article,a3d195f49138a0192dfd1e7284a38b5f7222b2c3a157c208f318969424b6d0b3,Europe PMC; NCBI PubMed E-utilities; Crossref,PMC JATS XML via Europe PMC (transient analysis; text not stored),https://doi.org/10.1016/j.biomaterials.2024.122545,https://pubmed.ncbi.nlm.nih.gov/38547831/,https://pmc.ncbi.nlm.nih.gov/articles/PMC11264195/
ART-165,field_selective,Biomaterials,0142-9612,2024,2024-04-01,2024,Engineered extracellular vesicle-based gene therapy for the treatment of discogenic back pain.,10.1016/j.biomaterials.2024.122562,38583365,PMC11164054,cell_and_developmental_biology,title_abstract_keyword_heuristic,original_research_article,English,published_or_ahead_of_print_indexed,oa,pmc_jats_retrieved,title_plus_pubmed_abstract_plus_pmc_jats_full_text,research-article,explicit_section,explicit_results_section,explicit_methods_section,explicit_discussion_section,12,177,8584,verified_exact_doi_title_type_language_abstract,1.0,verified_exact_doi_title_match,1.0,journal-article,5c986439732320245169cba9a4654142210fa3e61f1155b85051ae9e4c293e9b,Europe PMC; NCBI PubMed E-utilities; Crossref,PMC JATS XML via Europe PMC (transient analysis; text not stored),https://doi.org/10.1016/j.biomaterials.2024.122562,https://pubmed.ncbi.nlm.nih.gov/38583365/,https://pmc.ncbi.nlm.nih.gov/articles/PMC11164054/
ART-166,field_selective,Biomaterials,0142-9612,2024,2024-09-04,2025,Shear-thinning hydrogel for allograft cell transplantation and externally controlled transgene expression.,10.1016/j.biomaterials.2024.122812,39288619,PMC12090332,biomaterials_and_tissue_engineering,title_abstract_keyword_heuristic,original_research_article,English,published_or_ahead_of_print_indexed,oa,pmc_jats_retrieved,title_plus_pubmed_abstract_plus_pmc_jats_full_text,research-article,explicit_section,explicit_results_section,explicit_methods_section,explicit_discussion_section,11,292,10917,verified_exact_doi_title_type_language_abstract,1.0,verified_exact_doi_title_match,1.0,journal-article,d74f30088d9b4571cf1a973ca0ff013ec935caedf889d2ee1931a84312b9d274,Europe PMC; NCBI PubMed E-utilities; Crossref,PMC JATS XML via Europe PMC (transient analysis; text not stored),https://doi.org/10.1016/j.biomaterials.2024.122812,https://pubmed.ncbi.nlm.nih.gov/39288619/,https://pmc.ncbi.nlm.nih.gov/articles/PMC12090332/
ART-167,field_selective,Biomaterials,0142-9612,2025,2025-06-05,2026,Multi-omic spatially resolved analysis of the neuroinflammatory response to intracortical microelectrode arrays.,10.1016/j.biomaterials.2025.123477,40499227,PMC13218542,neuroscience,title_abstract_keyword_heuristic,original_research_article,English,published_or_ahead_of_print_indexed,oa,pmc_jats_retrieved,title_plus_pubmed_abstract_plus_pmc_jats_full_text,research-article,explicit_section,explicit_results_section,explicit_methods_section,explicit_discussion_section,12,238,11720,verified_exact_doi_title_type_language_abstract,1.0,verified_exact_doi_title_match,1.0,journal-article,3f958b15a7c09cd7182c53c6ae777247e41fbac371b006eb20555eb3ad1008ea,Europe PMC; NCBI PubMed E-utilities; Crossref,PMC JATS XML via Europe PMC (transient analysis; text not stored),https://doi.org/10.1016/j.biomaterials.2025.123477,https://pubmed.ncbi.nlm.nih.gov/40499227/,https://pmc.ncbi.nlm.nih.gov/articles/PMC13218542/
ART-168,field_selective,Biomaterials,0142-9612,2025,2025-09-24,2026,Intracortical microstimulation induces rapid microglia process convergence.,10.1016/j.biomaterials.2025.123732,41016350,PMC13284600,neuroscience,title_abstract_keyword_heuristic,original_research_article,English,published_or_ahead_of_print_indexed,oa,pmc_jats_retrieved,title_plus_pubmed_abstract_plus_pmc_jats_full_text,research-article,explicit_section,explicit_results_section,explicit_methods_section,explicit_discussion_section,7,203,5446,verified_exact_doi_title_type_language_abstract,1.0,verified_exact_doi_title_match,1.0,journal-article,47dccf4e60119166754a023733598818e2881718189a17c0b4637fef7ecab607,Europe PMC; NCBI PubMed E-utilities; Crossref,PMC JATS XML via Europe PMC (transient analysis; text not stored),https://doi.org/10.1016/j.biomaterials.2025.123732,https://pubmed.ncbi.nlm.nih.gov/41016350/,https://pmc.ncbi.nlm.nih.gov/articles/PMC13284600/
ART-169,field_selective,Biomaterials,0142-9612,2025,2025-10-03,2026,Sp1 mechanotransduction regulates breast cancer cell invasion in engineered viscoelastic extracellular matrices.,10.1016/j.biomaterials.2025.123755,41106320,PMC13120755,cell_and_developmental_biology,title_abstract_keyword_heuristic,original_research_article,English,published_or_ahead_of_print_indexed,oa,pmc_jats_retrieved,title_plus_pubmed_abstract_plus_pmc_jats_full_text,research-article,explicit_section,explicit_results_section,explicit_methods_section,explicit_discussion_section,13,264,8222,verified_exact_doi_title_type_language_abstract,1.0,verified_exact_doi_title_match,1.0,journal-article,fbcd74a0e36d4b851446e061516d52379e2e1a97817ccfda84ce302d61c86d96,Europe PMC; NCBI PubMed E-utilities; Crossref,PMC JATS XML via Europe PMC (transient analysis; text not stored),https://doi.org/10.1016/j.biomaterials.2025.123755,https://pubmed.ncbi.nlm.nih.gov/41106320/,https://pmc.ncbi.nlm.nih.gov/articles/PMC13120755/
ART-170,field_selective,Biomaterials,0142-9612,2025,2025-11-25,2026,Macrophage cell therapy enabled by interleukin-4 mRNA-loaded lipid nanoparticles to sustain a pro-reparative phenotype in inflammatory injuries.,10.1016/j.biomaterials.2025.123869,41317703,PMC13112448,drug_and_gene_delivery,title_abstract_keyword_heuristic,original_research_article,English,published_or_ahead_of_print_indexed,oa,pmc_jats_retrieved,title_plus_pubmed_abstract_plus_pmc_jats_full_text,research-article,explicit_section,explicit_results_section,explicit_methods_section,explicit_discussion_section,18,146,6889,verified_exact_doi_title_type_language_abstract,1.0,verified_exact_doi_title_match,1.0,journal-article,f564bc8e493b4d2c1295cd438e345843e338e212c54af6caba2b0a2aaf6d00f1,Europe PMC; NCBI PubMed E-utilities; Crossref,PMC JATS XML via Europe PMC (transient analysis; text not stored),https://doi.org/10.1016/j.biomaterials.2025.123869,https://pubmed.ncbi.nlm.nih.gov/41317703/,https://pmc.ncbi.nlm.nih.gov/articles/PMC13112448/
ART-171,field_selective,Biomaterials,0142-9612,2025,2025-12-18,2026,A comparative study assessing neural recording quality and inflammatory tissue response between stiff and flexible microelectrode arrays.,10.1016/j.biomaterials.2025.123929,41447788,PMC12994769,neuroscience,title_abstract_keyword_heuristic,original_research_article,English,published_or_ahead_of_print_indexed,oa,pmc_jats_retrieved,title_plus_pubmed_abstract_plus_pmc_jats_full_text,research-article,explicit_section,explicit_results_section,explicit_methods_section,explicit_discussion_section,17,247,8691,verified_exact_doi_title_type_language_abstract,1.0,verified_exact_doi_title_match,1.0,journal-article,190b0335c13dab440f88bc8ffc5ae6467b11947033fc642f0ac6f06744fc0ab9,Europe PMC; NCBI PubMed E-utilities; Crossref,PMC JATS XML via Europe PMC (transient analysis; text not stored),https://doi.org/10.1016/j.biomaterials.2025.123929,https://pubmed.ncbi.nlm.nih.gov/41447788/,https://pmc.ncbi.nlm.nih.gov/articles/PMC12994769/
ART-172,field_selective,Biomaterials,0142-9612,2026,2026-01-19,2026,FAK modulates immune response and fibroblast activation in biomaterial-induced fibrosis.,10.1016/j.biomaterials.2026.124010,41576481,PMC13312233,immunology_and_inflammation,title_abstract_keyword_heuristic,original_research_article,English,published_or_ahead_of_print_indexed,oa,pmc_jats_retrieved,title_plus_pubmed_abstract_plus_pmc_jats_full_text,research-article,explicit_section,explicit_results_section,explicit_methods_section,explicit_discussion_section,10,185,5648,verified_exact_doi_title_type_language_abstract,1.0,verified_exact_doi_title_match,1.0,journal-article,8b55e8e9abab78980c2a2a04ad94445fbef271960ed11df7616359f46df9af83,Europe PMC; NCBI PubMed E-utilities; Crossref,PMC JATS XML via Europe PMC (transient analysis; text not stored),https://doi.org/10.1016/j.biomaterials.2026.124010,https://pubmed.ncbi.nlm.nih.gov/41576481/,https://pmc.ncbi.nlm.nih.gov/articles/PMC13312233/
ART-173,field_selective,Biomaterials,0142-9612,2026,2026-01-29,2026,A self-assembled protein nanocage as a universal influenza vaccine induces enhanced broadly cross-reactive immunity.,10.1016/j.biomaterials.2026.124025,41650589,PMC13042213,immunology_and_inflammation,title_abstract_keyword_heuristic,original_research_article,English,published_or_ahead_of_print_indexed,oa,pmc_jats_retrieved,title_plus_pubmed_abstract_plus_pmc_jats_full_text,research-article,explicit_section,explicit_results_section,methods_not_identified,conclusion_section_used,14,167,7511,verified_exact_doi_title_type_language_abstract,1.0,verified_exact_doi_title_match,1.0,journal-article,0ea1efe0c3f196f31a39d75d517558bbc9632cffdeda3590253c5c5097a88fc3,Europe PMC; NCBI PubMed E-utilities; Crossref,PMC JATS XML via Europe PMC (transient analysis; text not stored),https://doi.org/10.1016/j.biomaterials.2026.124025,https://pubmed.ncbi.nlm.nih.gov/41650589/,https://pmc.ncbi.nlm.nih.gov/articles/PMC13042213/
ART-174,field_selective,Biomaterials,0142-9612,2026,2026-03-09,2026,Extracellular vesicles-mediated delivery of SpCas9 RNPs for therapeutic gene editing in Spinocerebellar Ataxia Type 3.,10.1016/j.biomaterials.2026.124119,41830765,PMC13288182,cardiometabolic,title_abstract_keyword_heuristic,original_research_article,English,published_or_ahead_of_print_indexed,oa,pmc_jats_retrieved,title_plus_pubmed_abstract_plus_pmc_jats_full_text,research-article,explicit_section,explicit_results_section,explicit_methods_section,explicit_discussion_section,16,176,8733,verified_exact_doi_title_type_language_abstract,1.0,verified_exact_doi_title_match,1.0,journal-article,f7cd47febd507f938f1b25b312c630c4d963beda2494d6662f6aaf8fcced2e18,Europe PMC; NCBI PubMed E-utilities; Crossref,PMC JATS XML via Europe PMC (transient analysis; text not stored),https://doi.org/10.1016/j.biomaterials.2026.124119,https://pubmed.ncbi.nlm.nih.gov/41830765/,https://pmc.ncbi.nlm.nih.gov/articles/PMC13288182/
ART-175,field_selective,Biomaterials,0142-9612,2026,2026-03-14,2026,Nanoparticle-mediated dual delivery of MHC class I and II antigens enhances T cell immunity and anti-tumor potency.,10.1016/j.biomaterials.2026.124128,41946315,PMC13249364,immunology_and_inflammation,title_abstract_keyword_heuristic,original_research_article,English,published_or_ahead_of_print_indexed,oa,pmc_jats_retrieved,title_plus_pubmed_abstract_plus_pmc_jats_full_text,research-article,explicit_section,explicit_results_section,explicit_methods_section,explicit_discussion_section,17,254,9733,verified_exact_doi_title_type_language_abstract,1.0,verified_exact_doi_title_match,1.0,journal-article,5917264068dcd63c69a10d8e538bef66c16af4a178e562fc8fd20448eb9c2d08,Europe PMC; NCBI PubMed E-utilities; Crossref,PMC JATS XML via Europe PMC (transient analysis; text not stored),https://doi.org/10.1016/j.biomaterials.2026.124128,https://pubmed.ncbi.nlm.nih.gov/41946315/,https://pmc.ncbi.nlm.nih.gov/articles/PMC13249364/
ART-176,field_selective,Science Translational Medicine,1946-6234,2021,2021-02-22,2021,"Lessons from applied large-scale pooling of 133,816 SARS-CoV-2 RT-PCR tests.",10.1126/scitranslmed.abf2823,33619081,PMC8099176,infectious_disease,title_abstract_keyword_heuristic,original_research_article,English,published_or_ahead_of_print_indexed,oa,pmc_jats_retrieved,title_plus_pubmed_abstract_plus_pmc_jats_full_text,research-article,explicit_section,explicit_results_section,explicit_methods_section,explicit_discussion_section,11,164,4959,verified_exact_doi_title_type_language_abstract,1.0,verified_exact_doi_title_match,1.0,journal-article,a30a6c35457bc7b0aa798de2c6e64726a1abf956e8146e9749cd12107669a81a,Europe PMC; NCBI PubMed E-utilities; Crossref,PMC JATS XML via Europe PMC (transient analysis; text not stored),https://doi.org/10.1126/scitranslmed.abf2823,https://pubmed.ncbi.nlm.nih.gov/33619081/,https://pmc.ncbi.nlm.nih.gov/articles/PMC8099176/
ART-177,field_selective,Science Translational Medicine,1946-6234,2021,2021-04-05,2021,"The neutralizing antibody, LY-CoV555, protects against SARS-CoV-2 infection in nonhuman primates.",10.1126/scitranslmed.abf1906,33820835,PMC8284311,infectious_disease,title_abstract_keyword_heuristic,original_research_article,English,published_or_ahead_of_print_indexed,oa,pmc_jats_retrieved,title_plus_pubmed_abstract_plus_pmc_jats_full_text,research-article,explicit_section,explicit_results_section,explicit_methods_section,explicit_discussion_section,13,198,10115,verified_exact_doi_title_type_language_abstract,1.0,verified_exact_doi_title_match,1.0,journal-article,490d5ba5524107350c90efb51102362b5437ebcff843c8c64626263129c11a6d,Europe PMC; NCBI PubMed E-utilities; Crossref,PMC JATS XML via Europe PMC (transient analysis; text not stored),https://doi.org/10.1126/scitranslmed.abf1906,https://pubmed.ncbi.nlm.nih.gov/33820835/,https://pmc.ncbi.nlm.nih.gov/articles/PMC8284311/
ART-178,field_selective,Science Translational Medicine,1946-6234,2021,2021-07-27,2021,Protective antibodies elicited by SARS-CoV-2 spike protein vaccination are boosted in the lung after challenge in nonhuman primates.,10.1126/scitranslmed.abi4547,34315825,PMC9266840,infectious_disease,title_abstract_keyword_heuristic,original_research_article,English,published_or_ahead_of_print_indexed,oa,pmc_jats_retrieved,title_plus_pubmed_abstract_plus_pmc_jats_full_text,research-article,explicit_section,explicit_results_section,explicit_methods_section,explicit_discussion_section,19,240,9411,verified_exact_doi_title_type_language_abstract,1.0,verified_exact_doi_title_match,1.0,journal-article,244b887399b5a539c62fdceefefd8fc779fcf407086716b32227a47bb8fac6d4,Europe PMC; NCBI PubMed E-utilities; Crossref,PMC JATS XML via Europe PMC (transient analysis; text not stored),https://doi.org/10.1126/scitranslmed.abi4547,https://pubmed.ncbi.nlm.nih.gov/34315825/,https://pmc.ncbi.nlm.nih.gov/articles/PMC9266840/
ART-179,field_selective,Science Translational Medicine,1946-6234,2021,2021-11-03,2021,Immunity elicited by natural infection or Ad26.COV2.S vaccination protects hamsters against SARS-CoV-2 variants of concern.,10.1126/scitranslmed.abj3789,34705477,PMC8818312,infectious_disease,title_abstract_keyword_heuristic,original_research_article,English,published_or_ahead_of_print_indexed,oa,pmc_jats_retrieved,title_plus_pubmed_abstract_plus_pmc_jats_full_text,research-article,explicit_section,explicit_results_section,explicit_methods_section,explicit_discussion_section,20,234,4230,verified_exact_doi_title_type_language_abstract,1.0,verified_exact_doi_title_match,1.0,journal-article,35f456e714cb140f38c10d59c3d47d74646d567e18cb35a0195ac9d64d43978e,Europe PMC; NCBI PubMed E-utilities; Crossref,PMC JATS XML via Europe PMC (transient analysis; text not stored),https://doi.org/10.1126/scitranslmed.abj3789,https://pubmed.ncbi.nlm.nih.gov/34705477/,https://pmc.ncbi.nlm.nih.gov/articles/PMC8818312/
ART-180,field_selective,Science Translational Medicine,1946-6234,2022,2022-03-16,2022,Infection or a third dose of mRNA vaccine elicits neutralizing antibody responses against SARS-CoV-2 in kidney transplant recipients.,10.1126/scitranslmed.abl6141,35103481,PMC8939774,infectious_disease,title_abstract_keyword_heuristic,original_research_article,English,published_or_ahead_of_print_indexed,oa,pmc_jats_retrieved,title_plus_pubmed_abstract_plus_pmc_jats_full_text,research-article,explicit_section,explicit_results_section,explicit_methods_section,explicit_discussion_section,19,223,6213,verified_exact_doi_title_type_language_abstract,1.0,verified_exact_doi_title_match,1.0,journal-article,da7d312c44bef348aff7a8a2431f520bb3ef9689538660f9a8198bf0d931e0b2,Europe PMC; NCBI PubMed E-utilities; Crossref,PMC JATS XML via Europe PMC (transient analysis; text not stored),https://doi.org/10.1126/scitranslmed.abl6141,https://pubmed.ncbi.nlm.nih.gov/35103481/,https://pmc.ncbi.nlm.nih.gov/articles/PMC8939774/
ART-181,field_selective,Science Translational Medicine,1946-6234,2022,2022-04-13,2022,NK cells limit therapeutic vaccine-induced CD8+T cell immunity in a PD-L1-dependent manner.,10.1126/scitranslmed.abi4670,35417187,PMC7619356,cell_and_developmental_biology,title_abstract_keyword_heuristic,original_research_article,English,published_or_ahead_of_print_indexed,oa,pmc_jats_retrieved,title_plus_pubmed_abstract_plus_pmc_jats_full_text,research-article,explicit_section,explicit_results_section,explicit_methods_section,explicit_discussion_section,16,193,6630,verified_exact_doi_title_type_language_abstract,1.0,verified_exact_doi_title_match,1.0,journal-article,d3c955ef56dcee9ac8d651d5a163b73df57bbffe79587ff75cf47cb889005e39,Europe PMC; NCBI PubMed E-utilities; Crossref,PMC JATS XML via Europe PMC (transient analysis; text not stored),https://doi.org/10.1126/scitranslmed.abi4670,https://pubmed.ncbi.nlm.nih.gov/35417187/,https://pmc.ncbi.nlm.nih.gov/articles/PMC7619356/
ART-182,field_selective,Science Translational Medicine,1946-6234,2022,2022-06-01,2022,Population-level implications of the Israeli booster campaign to curtail COVID-19 resurgence.,10.1126/scitranslmed.abn9836,35412326,PMC9012104,infectious_disease,title_abstract_keyword_heuristic,original_research_article,English,published_or_ahead_of_print_indexed,oa,pmc_jats_retrieved,title_plus_pubmed_abstract_plus_pmc_jats_full_text,research-article,explicit_section,explicit_results_section,explicit_methods_section,explicit_discussion_section,12,230,4842,verified_exact_doi_title_type_language_abstract,1.0,verified_exact_doi_title_match,1.0,journal-article,2e8a17ec7aef48d9ccaf119674178cfc0f79865550cde4ccd549dca1ba46c16b,Europe PMC; NCBI PubMed E-utilities; Crossref,PMC JATS XML via Europe PMC (transient analysis; text not stored),https://doi.org/10.1126/scitranslmed.abn9836,https://pubmed.ncbi.nlm.nih.gov/35412326/,https://pmc.ncbi.nlm.nih.gov/articles/PMC9012104/
ART-183,field_selective,Science Translational Medicine,1946-6234,2022,2022-08-10,2022,Characterization of the SARS-CoV-2 B.1.621 (Mu) variant.,10.1126/scitranslmed.abm4908,35579540,PMC9392899,infectious_disease,title_abstract_keyword_heuristic,original_research_article,English,published_or_ahead_of_print_indexed,oa,pmc_jats_retrieved,title_plus_pubmed_abstract_plus_pmc_jats_full_text,research-article,explicit_section,explicit_results_section,explicit_methods_section,explicit_discussion_section,9,182,4003,verified_exact_doi_title_type_language_abstract,1.0,verified_exact_doi_title_match,1.0,journal-article,e0c298189dea1f72dc776ec186fcf0cbe90b4aaa2ff548883411591419a89797,Europe PMC; NCBI PubMed E-utilities; Crossref,PMC JATS XML via Europe PMC (transient analysis; text not stored),https://doi.org/10.1126/scitranslmed.abm4908,https://pubmed.ncbi.nlm.nih.gov/35579540/,https://pmc.ncbi.nlm.nih.gov/articles/PMC9392899/
ART-184,field_selective,Science Translational Medicine,1946-6234,2023,2023-01-18,2023,"S-217622, a SARS-CoV-2 main protease inhibitor, decreases viral load and ameliorates COVID-19 severity in hamsters.",10.1126/scitranslmed.abq4064,36327352,PMC9765455,infectious_disease,title_abstract_keyword_heuristic,original_research_article,English,published_or_ahead_of_print_indexed,oa,pmc_jats_retrieved,title_plus_pubmed_abstract_plus_pmc_jats_full_text,research-article,explicit_section,explicit_results_section,explicit_methods_section,explicit_discussion_section,18,225,6134,verified_exact_doi_title_type_language_abstract,1.0,verified_exact_doi_title_match,1.0,journal-article,ac5c8598cfd6d222262e623efbdafc670acc8e14a9801f2033427de9dbc7a400,Europe PMC; NCBI PubMed E-utilities; Crossref,PMC JATS XML via Europe PMC (transient analysis; text not stored),https://doi.org/10.1126/scitranslmed.abq4064,https://pubmed.ncbi.nlm.nih.gov/36327352/,https://pmc.ncbi.nlm.nih.gov/articles/PMC9765455/
ART-185,field_selective,Science Translational Medicine,1946-6234,2023,2023-01-25,2023,Swiss public health measures associated with reduced SARS-CoV-2 transmission using genome data.,10.1126/scitranslmed.abn7979,36346321,PMC9765449,infectious_disease,title_abstract_keyword_heuristic,original_research_article,English,published_or_ahead_of_print_indexed,oa,pmc_jats_retrieved,title_plus_pubmed_abstract_plus_pmc_jats_full_text,research-article,explicit_section,explicit_results_section,explicit_methods_section,explicit_discussion_section,13,181,7755,verified_exact_doi_title_type_language_abstract,1.0,verified_exact_doi_title_match,1.0,journal-article,2920ae6cd258cc8c5a51e523087af223b865e20d1c637f3557afec095d823520,Europe PMC; NCBI PubMed E-utilities; Crossref,PMC JATS XML via Europe PMC (transient analysis; text not stored),https://doi.org/10.1126/scitranslmed.abn7979,https://pubmed.ncbi.nlm.nih.gov/36346321/,https://pmc.ncbi.nlm.nih.gov/articles/PMC9765449/
ART-186,field_selective,Science Translational Medicine,1946-6234,2023,2023-03-01,2023,Vitamin B5 and succinyl-CoA improve ineffective erythropoiesis in SF3B1-mutated myelodysplasia.,10.1126/scitranslmed.abn5135,36857430,PMC7614516,translational_and_clinical,title_abstract_keyword_heuristic,original_research_article,English,published_or_ahead_of_print_indexed,oa,pmc_jats_retrieved,title_plus_pubmed_abstract_plus_pmc_jats_full_text,research-article,explicit_section,explicit_results_section,explicit_methods_section,explicit_discussion_section,15,179,6372,verified_exact_doi_title_type_language_abstract,1.0,verified_exact_doi_title_match,1.0,journal-article,7c1349542d4b35542f25a45a478fb441d70328a78585d75943b042c3b080bd47,Europe PMC; NCBI PubMed E-utilities; Crossref,PMC JATS XML via Europe PMC (transient analysis; text not stored),https://doi.org/10.1126/scitranslmed.abn5135,https://pubmed.ncbi.nlm.nih.gov/36857430/,https://pmc.ncbi.nlm.nih.gov/articles/PMC7614516/
ART-187,field_selective,Science Translational Medicine,1946-6234,2023,2023-07-26,2023,Signatures of AAV-2 immunity are enriched in children with severe acute hepatitis of unknown etiology.,10.1126/scitranslmed.adh9917,37494473,PMC10501808,immunology_and_inflammation,title_abstract_keyword_heuristic,original_research_article,English,published_or_ahead_of_print_indexed,oa,pmc_jats_retrieved,title_plus_pubmed_abstract_plus_pmc_jats_full_text,research-article,explicit_section,explicit_results_section,explicit_methods_section,explicit_discussion_section,16,131,3597,verified_exact_doi_title_type_language_abstract,1.0,verified_exact_doi_title_match,1.0,journal-article,389bf869b3c91d54ac14c03a89ef85b7ff1f804a44d12d049b7a4ad7745d9b01,Europe PMC; NCBI PubMed E-utilities; Crossref,PMC JATS XML via Europe PMC (transient analysis; text not stored),https://doi.org/10.1126/scitranslmed.adh9917,https://pubmed.ncbi.nlm.nih.gov/37494473/,https://pmc.ncbi.nlm.nih.gov/articles/PMC10501808/
ART-188,field_selective,Science Translational Medicine,1946-6234,2024,2024-02-21,2024,Synthetic development of a broadly neutralizing antibody against snake venom long-chain α-neurotoxins.,10.1126/scitranslmed.adk1867,38381847,PMC7617732,immunology_and_inflammation,title_abstract_keyword_heuristic,original_research_article,English,published_or_ahead_of_print_indexed,oa,pmc_jats_retrieved,title_plus_pubmed_abstract_plus_pmc_jats_full_text,research-article,explicit_section,explicit_results_section,explicit_methods_section,explicit_discussion_section,12,142,5417,verified_exact_doi_title_type_language_abstract,1.0,verified_exact_doi_title_match,1.0,journal-article,6c65da274ff12e4a151523650e45e62ff5038fd68f77f20d16304398431af6dd,Europe PMC; NCBI PubMed E-utilities; Crossref,PMC JATS XML via Europe PMC (transient analysis; text not stored),https://doi.org/10.1126/scitranslmed.adk1867,https://pubmed.ncbi.nlm.nih.gov/38381847/,https://pmc.ncbi.nlm.nih.gov/articles/PMC7617732/
ART-189,field_selective,Science Translational Medicine,1946-6234,2024,2024-07-10,2024,Preclinical studies show that Co-STARs combine the advantages of chimeric antigen and T cell receptors for the treatment of tumors with low antigen densities.,10.1126/scitranslmed.adg7123,38985855,PMC12226805,immunology_and_inflammation,title_abstract_keyword_heuristic,original_research_article,English,published_or_ahead_of_print_indexed,oa,pmc_jats_retrieved,title_plus_pubmed_abstract_plus_pmc_jats_full_text,research-article,inferred_opening_paragraphs,explicit_results_section,explicit_methods_section,explicit_discussion_section,24,248,8692,verified_exact_doi_title_type_language_abstract,1.0,verified_exact_doi_title_match,1.0,journal-article,6d5e5380a71ce009df3fd0edc929cb316f70f7f22c01788e90b54cc9d67a95b3,Europe PMC; NCBI PubMed E-utilities; Crossref,PMC JATS XML via Europe PMC (transient analysis; text not stored),https://doi.org/10.1126/scitranslmed.adg7123,https://pubmed.ncbi.nlm.nih.gov/38985855/,https://pmc.ncbi.nlm.nih.gov/articles/PMC12226805/
ART-190,field_selective,Science Translational Medicine,1946-6234,2024,2024-10-09,2024,A proinflammatory stem cell niche drives myelofibrosis through a targetable galectin-1 axis.,10.1126/scitranslmed.adj7552,39383242,PMC7616771,cell_and_developmental_biology,title_abstract_keyword_heuristic,original_research_article,English,published_or_ahead_of_print_indexed,oa,pmc_jats_retrieved,title_plus_pubmed_abstract_plus_pmc_jats_full_text,research-article,explicit_section,explicit_results_section,explicit_methods_section,explicit_discussion_section,13,241,9305,verified_exact_doi_title_type_language_abstract,1.0,verified_exact_doi_title_match,1.0,journal-article,b45e6379bbd9df4f716d2b5acd56a28106753a9a59d399837a6d36e04330d12f,Europe PMC; NCBI PubMed E-utilities; Crossref,PMC JATS XML via Europe PMC (transient analysis; text not stored),https://doi.org/10.1126/scitranslmed.adj7552,https://pubmed.ncbi.nlm.nih.gov/39383242/,https://pmc.ncbi.nlm.nih.gov/articles/PMC7616771/
ART-191,field_selective,Science Translational Medicine,1946-6234,2024,2024-10-23,2024,Cryptosporidium lysyl-tRNA synthetase inhibitors define the interplay between solubility and permeability required to achieve efficacy.,10.1126/scitranslmed.adm8631,39441903,PMC7617456,translational_and_clinical,title_abstract_keyword_heuristic,original_research_article,English,published_or_ahead_of_print_indexed,oa,pmc_jats_retrieved,title_plus_pubmed_abstract_plus_pmc_jats_full_text,research-article,explicit_section,explicit_results_section,explicit_methods_section,explicit_discussion_section,15,216,6165,verified_exact_doi_title_type_language_abstract,1.0,verified_exact_doi_title_match,1.0,journal-article,5d9b483d8f42841af07e0ce4021cda6c51456f5166478153e0ccf02fa7ac1bcd,Europe PMC; NCBI PubMed E-utilities; Crossref,PMC JATS XML via Europe PMC (transient analysis; text not stored),https://doi.org/10.1126/scitranslmed.adm8631,https://pubmed.ncbi.nlm.nih.gov/39441903/,https://pmc.ncbi.nlm.nih.gov/articles/PMC7617456/
ART-192,field_selective,Science Translational Medicine,1946-6234,2025,2025-04-30,2025,Inclusion of a retroviral protease enhances the immunogenicity of VLP-forming mRNA vaccines against HIV-1 or SARS-CoV-2 in mice.,10.1126/scitranslmed.adt9576,40305570,PMC12151460,infectious_disease,title_abstract_keyword_heuristic,original_research_article,English,published_or_ahead_of_print_indexed,oa,pmc_jats_retrieved,title_plus_pubmed_abstract_plus_pmc_jats_full_text,research-article,explicit_section,explicit_results_section,explicit_methods_section,explicit_discussion_section,20,158,8959,verified_exact_doi_title_type_language_abstract,1.0,verified_exact_doi_title_match,1.0,journal-article,eecd7adde3bc7dde17d2ca34de0101991dcd9d8b6c467977ba2fc725bfe3fa40,Europe PMC; NCBI PubMed E-utilities; Crossref,PMC JATS XML via Europe PMC (transient analysis; text not stored),https://doi.org/10.1126/scitranslmed.adt9576,https://pubmed.ncbi.nlm.nih.gov/40305570/,https://pmc.ncbi.nlm.nih.gov/articles/PMC12151460/
ART-193,field_selective,Science Translational Medicine,1946-6234,2025,2025-06-25,2025,Core-shell microcapsules compatible with routine injection enable prime/boost immunization against malaria with a single shot.,10.1126/scitranslmed.adw2256,40560998,PMC7618038,infectious_disease,title_abstract_keyword_heuristic,original_research_article,English,published_or_ahead_of_print_indexed,oa,pmc_jats_retrieved,title_plus_pubmed_abstract_plus_pmc_jats_full_text,research-article,explicit_section,explicit_results_section,explicit_methods_section,explicit_discussion_section,16,142,5958,verified_exact_doi_title_type_language_abstract,1.0,verified_exact_doi_title_match,1.0,journal-article,31f95075ccfce67eb7269475af3c0b06b9f97323bf0d1ad9eeaa50096b3712bc,Europe PMC; NCBI PubMed E-utilities; Crossref,PMC JATS XML via Europe PMC (transient analysis; text not stored),https://doi.org/10.1126/scitranslmed.adw2256,https://pubmed.ncbi.nlm.nih.gov/40560998/,https://pmc.ncbi.nlm.nih.gov/articles/PMC7618038/
ART-194,field_selective,Science Translational Medicine,1946-6234,2025,2025-07-02,2025,Synovial tissue atlas in juvenile idiopathic arthritis reveals pathogenic niches associated with disease severity.,10.1126/scitranslmed.adt6050,40601776,PMC7617933,cell_and_developmental_biology,title_abstract_keyword_heuristic,original_research_article,English,published_or_ahead_of_print_indexed,oa,pmc_jats_retrieved,title_plus_pubmed_abstract_plus_pmc_jats_full_text,research-article,explicit_section,explicit_results_section,explicit_methods_section,explicit_discussion_section,14,215,7422,verified_exact_doi_title_type_language_abstract,1.0,verified_exact_doi_title_match,1.0,journal-article,5c653ddacbde3be11423e91114654ae9fe3ef8a57d2f53ff0432a9e2c17606a3,Europe PMC; NCBI PubMed E-utilities; Crossref,PMC JATS XML via Europe PMC (transient analysis; text not stored),https://doi.org/10.1126/scitranslmed.adt6050,https://pubmed.ncbi.nlm.nih.gov/40601776/,https://pmc.ncbi.nlm.nih.gov/articles/PMC7617933/
ART-195,field_selective,Science Translational Medicine,1946-6234,2025,2025-07-30,2025,Vaccination with an mRNA-encoded membrane-bound HIV envelope trimer induces neutralizing antibodies in animal models.,10.1126/scitranslmed.adw0721,40737430,PMC12363394,drug_and_gene_delivery,title_abstract_keyword_heuristic,original_research_article,English,published_or_ahead_of_print_indexed,oa,pmc_jats_retrieved,title_plus_pubmed_abstract_plus_pmc_jats_full_text,research-article,explicit_section,explicit_results_section,explicit_methods_section,explicit_discussion_section,14,240,9322,verified_exact_doi_title_type_language_abstract,1.0,verified_exact_doi_title_match,1.0,journal-article,996ed981316189693adb38d6980ace4897ea5c322db70ca5158df93c79806bcf,Europe PMC; NCBI PubMed E-utilities; Crossref,PMC JATS XML via Europe PMC (transient analysis; text not stored),https://doi.org/10.1126/scitranslmed.adw0721,https://pubmed.ncbi.nlm.nih.gov/40737430/,https://pmc.ncbi.nlm.nih.gov/articles/PMC12363394/
ART-196,field_selective,Science Translational Medicine,1946-6234,2025,2025-10-15,2025,Computationally designed mRNA-launched protein nanoparticle immunogens elicit protective antibody and T cell responses in mice.,10.1126/scitranslmed.adu2085,41091918,PMC13035345,drug_and_gene_delivery,title_abstract_keyword_heuristic,original_research_article,English,published_or_ahead_of_print_indexed,oa,pmc_jats_retrieved,title_plus_pubmed_abstract_plus_pmc_jats_full_text,research-article,explicit_section,explicit_results_section,explicit_methods_section,explicit_discussion_section,15,222,6647,verified_exact_doi_title_type_language_abstract,1.0,verified_exact_doi_title_match,1.0,journal-article,d038076189ef4beae82aed4dbf649522ef31a53825e1b30fb9d24bc62fdbd357,Europe PMC; NCBI PubMed E-utilities; Crossref,PMC JATS XML via Europe PMC (transient analysis; text not stored),https://doi.org/10.1126/scitranslmed.adu2085,https://pubmed.ncbi.nlm.nih.gov/41091918/,https://pmc.ncbi.nlm.nih.gov/articles/PMC13035345/
ART-197,field_selective,Science Translational Medicine,1946-6234,2026,2026-01-07,2026,PET/CT imaging of tuberculosis lung lesions in marmosets treated with different drug regimens aligns with human clinical outcomes.,10.1126/scitranslmed.ado9383,41499525,PMC12870020,translational_and_clinical,title_abstract_keyword_heuristic,original_research_article,English,published_or_ahead_of_print_indexed,oa,pmc_jats_retrieved,title_plus_pubmed_abstract_plus_pmc_jats_full_text,research-article,explicit_section,explicit_results_section,explicit_methods_section,explicit_discussion_section,19,259,9481,verified_exact_doi_title_type_language_abstract,1.0,verified_exact_doi_title_match,1.0,journal-article,b3411a5fc165d4e1b679d6539fe9bf7e1dab029e8cedb0393ae3566e49167223,Europe PMC; NCBI PubMed E-utilities; Crossref,PMC JATS XML via Europe PMC (transient analysis; text not stored),https://doi.org/10.1126/scitranslmed.ado9383,https://pubmed.ncbi.nlm.nih.gov/41499525/,https://pmc.ncbi.nlm.nih.gov/articles/PMC12870020/
ART-198,field_selective,Science Translational Medicine,1946-6234,2026,2026-01-07,2026,Clinical testing of drug treatment shortening in patients with TB using PET/CT imaging of lung lesions.,10.1126/scitranslmed.adt5626,41499522,PMC7618742,translational_and_clinical,title_abstract_keyword_heuristic,original_research_article,English,published_or_ahead_of_print_indexed,oa,pmc_jats_retrieved,title_plus_pubmed_abstract_plus_pmc_jats_full_text,research-article,explicit_section,explicit_results_section,explicit_methods_section,explicit_discussion_section,17,246,6139,verified_exact_doi_title_type_language_abstract,1.0,verified_exact_doi_title_match,1.0,journal-article,265dff1186772fd70a4c22d132f0ace1dc675ef8738a731a6ef9f7832133b248,Europe PMC; NCBI PubMed E-utilities; Crossref,PMC JATS XML via Europe PMC (transient analysis; text not stored),https://doi.org/10.1126/scitranslmed.adt5626,https://pubmed.ncbi.nlm.nih.gov/41499522/,https://pmc.ncbi.nlm.nih.gov/articles/PMC7618742/
ART-199,field_selective,Science Translational Medicine,1946-6234,2026,2026-01-21,2026,Quantitative assessment of neonatal health using dried blood spot metabolite profiles and deep learning.,10.1126/scitranslmed.adv4942,41564154,PMC13246279,computation_and_ai,title_abstract_keyword_heuristic,original_research_article,English,published_or_ahead_of_print_indexed,oa,pmc_jats_retrieved,title_plus_pubmed_abstract_plus_pmc_jats_full_text,research-article,explicit_section,explicit_results_section,explicit_methods_section,explicit_discussion_section,14,250,8008,verified_exact_doi_title_type_language_abstract,1.0,verified_exact_doi_title_match,1.0,journal-article,be57d8323f717aaddb1c86b005d8778c70a2c633d20ae196b5a104a6c2f9552c,Europe PMC; NCBI PubMed E-utilities; Crossref,PMC JATS XML via Europe PMC (transient analysis; text not stored),https://doi.org/10.1126/scitranslmed.adv4942,https://pubmed.ncbi.nlm.nih.gov/41564154/,https://pmc.ncbi.nlm.nih.gov/articles/PMC13246279/
ART-200,field_selective,Science Translational Medicine,1946-6234,2026,2026-03-04,2026,Modulating alternative splicing of MECP2 is a potential therapeutic strategy for Rett syndrome.,10.1126/scitranslmed.adq4529,41779872,PMC13061089,neuroscience,title_abstract_keyword_heuristic,original_research_article,English,published_or_ahead_of_print_indexed,oa,pmc_jats_retrieved,title_plus_pubmed_abstract_plus_pmc_jats_full_text,research-article,explicit_section,explicit_results_section,explicit_methods_section,explicit_discussion_section,14,271,7646,verified_exact_doi_title_type_language_abstract,1.0,verified_exact_doi_title_match,1.0,journal-article,498e6e2b631a5de1c4196e19136a24761f25f86c8216468678551fc51f418185,Europe PMC; NCBI PubMed E-utilities; Crossref,PMC JATS XML via Europe PMC (transient analysis; text not stored),https://doi.org/10.1126/scitranslmed.adq4529,https://pubmed.ncbi.nlm.nih.gov/41779872/,https://pmc.ncbi.nlm.nih.gov/articles/PMC13061089/
